prov_code,kab_code,kec_code,full_code,nama_kecamatan
11,01,01,110101,Bakongan
11,01,02,110102,Kluet Utara
11,01,03,110103,Kluet Selatan
11,01,04,110104,Labuhan Haji
11,01,05,110105,Meukek
11,01,06,110106,Samadua (Sama Dua)
11,01,07,110107,Sawang
11,01,08,110108,Tapaktuan (Tapak Tuan)
11,01,09,110109,Trumon
11,01,10,110110,Pasi Raja (Pasie Raja)
11,01,11,110111,Labuhan Haji Timur
11,01,12,110112,Labuhan Haji Barat
11,01,13,110113,Kluet Tengah
11,01,14,110114,Kluet Timur
11,01,15,110115,Bakongan Timur
11,01,16,110116,Trumon Timur
11,01,17,110117,Kota Bahagia
11,01,18,110118,Trumon Tengah
11,02,01,110201,Lawe Alas
11,02,02,110202,Lawe Sigala Gala
11,02,03,110203,Bambel
11,02,04,110204,Babussalam
11,02,05,110205,Badar
11,02,06,110206,Babul Makmur
11,02,07,110207,Darul Hasanah
11,02,08,110208,Lawe Bulan
11,02,09,110209,Bukit Tusam
11,02,10,110210,Semadam
11,02,11,110211,Babul Rahmah
11,02,12,110212,Ketambe
11,02,13,110213,Deleng Pokhkisen (Deleng Pokhisen)
11,02,14,110214,Lawe Sumur
11,02,15,110215,Tanoh Alas (Tanah Alas)
11,02,16,110216,Leuser
11,03,01,110301,Darul Aman
11,03,02,110302,Julok
11,03,03,110303,Idi Rayeuk
11,03,04,110304,Birem Bayeun
11,03,05,110305,Serbajadi
11,03,06,110306,Nurussalam
11,03,07,110307,Peureulak
11,03,08,110308,Rantau Selamat
11,03,09,110309,Simpang Ulim
11,03,10,110310,Rantau Peureulak (Ranto Peureulak)
11,03,11,110311,Pante Bidari
11,03,12,110312,Madat
11,03,13,110313,Indra Makmu (Indra Makmur)
11,03,14,110314,Idi Tunong
11,03,15,110315,Banda Alam
11,03,16,110316,Peudawa
11,03,17,110317,Peureulak Timur
11,03,18,110318,Peureulak Barat
11,03,19,110319,Sungai Raya
11,03,20,110320,Simpang Jernih
11,03,21,110321,Darul Ihsan (Iksan)
11,03,22,110322,Darul Falah
11,03,23,110323,Idi Timur
11,03,24,110324,Peunaron
11,04,01,110401,Linge
11,04,02,110402,Silih Nara
11,04,03,110403,Bebesen
11,04,07,110407,Pegasing
11,04,08,110408,Bintang
11,04,10,110410,Ketol
11,04,11,110411,Kebayakan
11,04,12,110412,Kute Panang
11,04,13,110413,Celala
11,04,17,110417,Laut Tawar (Lut Tawar)
11,04,18,110418,Atu Lintang
11,04,19,110419,Jagong Jeget
11,04,20,110420,Bies
11,04,21,110421,Rusip Antara
11,05,01,110501,Johan Pahwalan (Johan Pahlawan)
11,05,02,110502,Kaway XVI
11,05,03,110503,Sungai Mas
11,05,04,110504,Woyla
11,05,05,110505,Samatiga
11,05,06,110506,Bubon
11,05,07,110507,Arongan Lambalek
11,05,08,110508,Pante Ceureumen (Pantai Ceuremen)
11,05,09,110509,Meureubo
11,05,10,110510,Woyla Barat
11,05,11,110511,Woyla Timur
11,05,12,110512,Panton Reu
11,06,01,110601,Lhoong
11,06,02,110602,Lhoknga (Lho'nga)
11,06,03,110603,Indrapuri
11,06,04,110604,Seulimeum
11,06,05,110605,Montasik (Mantasiek)
11,06,06,110606,Sukamakmur (Suka Makmur)
11,06,07,110607,Darul Imarah
11,06,08,110608,Peukan Bada
11,06,09,110609,Mesjid Raya
11,06,10,110610,Ingin Jaya
11,06,11,110611,Kuta Baro
11,06,12,110612,Darussalam
11,06,13,110613,Pulo Aceh
11,06,14,110614,Lembah Seulawah
11,06,15,110615,Kota Jantho
11,06,16,110616,Kuta Cot Glie (Kota Cot Glie)
11,06,17,110617,Kuta Malaka (Kota Malaka)
11,06,18,110618,Simpang Tiga
11,06,19,110619,Darul Kamal
11,06,20,110620,Baitussalam
11,06,21,110621,Krueng Barona Jaya
11,06,22,110622,Leupung
11,06,23,110623,Blang Bintang (Blank Bintang)
11,07,03,110703,Batee
11,07,04,110704,Delima
11,07,05,110705,Geumpang
11,07,06,110706,Glumpang Tiga (Geulumpang Tiga)
11,07,07,110707,Indrajaya (Indra Jaya)
11,07,08,110708,Kembang Tanjong
11,07,09,110709,Kota Sigli
11,07,11,110711,Mila
11,07,12,110712,Muara Tiga
11,07,13,110713,Mutiara
11,07,14,110714,Padang Tiji
11,07,15,110715,Peukan Baro
11,07,16,110716,Pidie
11,07,17,110717,Sakti
11,07,18,110718,Simpang Tiga
11,07,19,110719,Tangse
11,07,21,110721,Tiro/Truseb
11,07,22,110722,Keumala
11,07,24,110724,Mutiara Timur
11,07,25,110725,Grong Grong
11,07,27,110727,Mane
11,07,29,110729,Glumpang Baro
11,07,31,110731,Titeue
11,08,01,110801,Baktiya
11,08,02,110802,Dewantara
11,08,03,110803,Kuta Makmur
11,08,04,110804,Lhoksukon
11,08,05,110805,Matangkuli
11,08,06,110806,Muara Batu
11,08,07,110807,Meurah Mulia
11,08,08,110808,Samudera
11,08,09,110809,Seunuddon (Seunudon)
11,08,10,110810,Syamtalira Aron
11,08,11,110811,Syamtalira Bayu
11,08,12,110812,Tanah Luas
11,08,13,110813,Tanah Pasir
11,08,14,110814,T. Jambo Aye (Tanah Jambo Aye)
11,08,15,110815,Sawang
11,08,16,110816,Nisam
11,08,17,110817,Cot Girek
11,08,18,110818,Langkahan
11,08,19,110819,Baktiya Barat
11,08,20,110820,Paya Bakong
11,08,21,110821,Nibong
11,08,22,110822,Simpang Kramat (Keramat)
11,08,23,110823,Lapang
11,08,24,110824,Pirak Timur
11,08,25,110825,Geuredong Pase
11,08,26,110826,Banda Baro
11,08,27,110827,Nisam Antara
11,09,01,110901,Simeulue Tengah (Simeuleu Tengah)
11,09,02,110902,Salang
11,09,03,110903,Teupah Barat
11,09,04,110904,Simeulue Timur (Simeuleu Timur)
11,09,05,110905,Teluk Dalam
11,09,06,110906,Simeulue Barat (Simeuleu Barat)
11,09,07,110907,Teupah Selatan
11,09,08,110908,Alafan (Alapan)
11,09,09,110909,Teupah Tengah
11,09,10,110910,Simeulue Cut
11,10,01,111001,Pulau Banyak
11,10,02,111002,Simpang Kanan
11,10,04,111004,Singkil
11,10,06,111006,Gunung Meriah (Mariah)
11,10,09,111009,Kota Baharu
11,10,10,111010,Singkil Utara
11,10,11,111011,Danau Paris
11,10,12,111012,Suro Makmur
11,10,13,111013,Singkohor
11,10,14,111014,Kuala Baru
11,10,16,111016,Pulau Banyak Barat
11,11,01,111101,Samalanga
11,11,02,111102,Jeunieb
11,11,03,111103,Peudada
11,11,04,111104,Jeumpa
11,11,05,111105,Peusangan
11,11,06,111106,Makmur
11,11,07,111107,Gandapura (Ganda Pura)
11,11,08,111108,Pandrah
11,11,09,111109,Juli
11,11,10,111110,Jangka
11,11,11,111111,Simpang Mamplam
11,11,12,111112,Peulimbang (Plimbang)
11,11,13,111113,Kota Juang
11,11,14,111114,Kuala
11,11,15,111115,Peusangan Siblah Krueng
11,11,16,111116,Peusangan Selatan
11,11,17,111117,Kuta Blang
11,12,01,111201,Blangpidie (Blang Pidie)
11,12,02,111202,Tangan-Tangan
11,12,03,111203,Manggeng
11,12,04,111204,Susoh
11,12,05,111205,Kuala Batee
11,12,06,111206,Babah Rot
11,12,07,111207,Setia
11,12,08,111208,Jeumpa
11,12,09,111209,Lembah Sabil
11,13,01,111301,Blangkejeren (Blang Kejeren)
11,13,02,111302,Kutapanjang (Kuta Panjang)
11,13,03,111303,Rikit Gaib
11,13,04,111304,Terangun (Terangon)
11,13,05,111305,Pining (Pinding)
11,13,06,111306,Blangpegayon (Blang Pegayon)
11,13,07,111307,Puteri Betung (Putri Betung)
11,13,08,111308,Dabun Gelang (Debun Gelang)
11,13,09,111309,Blangjerango (Blang Jerango)
11,13,10,111310,Teripe Jaya (Tripe Jaya)
11,13,11,111311,Pantan Cuaca
11,14,01,111401,Teunom
11,14,02,111402,Krueng Sabee
11,14,03,111403,Setia Bhakti (Setia Bakti)
11,14,04,111404,Sampoi Niet (Sampoiniet)
11,14,05,111405,Jaya
11,14,06,111406,Panga (Keude Panga)
11,14,07,111407,Indra Jaya
11,14,08,111408,Darul Hikmah
11,14,09,111409,Pasie Raya
11,15,01,111501,Kuala
11,15,02,111502,Seunagan
11,15,03,111503,Seunagan Timur
11,15,04,111504,Beutong
11,15,05,111505,Darul Makmur
11,15,06,111506,Suka Makmue
11,15,07,111507,Kuala Pesisir
11,15,08,111508,Tadu Raya
11,15,09,111509,Tripa Makmur
11,15,10,111510,Beutong Ateuh Banggalang
11,16,01,111601,Manyak Payed
11,16,02,111602,Bendahara
11,16,03,111603,Karang Baru
11,16,04,111604,Seruway
11,16,05,111605,Kota Kualasinpang (Kota Kuala Simpang)
11,16,06,111606,Kejuruan Muda
11,16,07,111607,Tamiang Hulu
11,16,08,111608,Rantau
11,16,09,111609,Banda Mulia
11,16,10,111610,Bandar Pusaka
11,16,11,111611,Tenggulun
11,16,12,111612,Sekerak
11,17,01,111701,Pintu Rime Gayo
11,17,02,111702,Permata
11,17,03,111703,Syiah Utama
11,17,04,111704,Bandar
11,17,05,111705,Bukit
11,17,06,111706,Wih Pesam
11,17,07,111707,Timang Gajah
11,17,08,111708,Bener Kelipah
11,17,09,111709,Mesidah
11,17,10,111710,Gajah Putih
11,18,01,111801,Meureudu
11,18,02,111802,Ulim
11,18,03,111803,Jangka Buya (Jangka Buaya)
11,18,04,111804,Bandar Dua
11,18,05,111805,Meurah Dua
11,18,06,111806,Bandar Baru
11,18,07,111807,Panteraja
11,18,08,111808,Trienggadeng
11,71,01,117101,Baiturrahman
11,71,02,117102,Kuta Alam
11,71,03,117103,Meuraxa
11,71,04,117104,Syiah Kuala
11,71,05,117105,Lueng Bata
11,71,06,117106,Kuta Raja
11,71,07,117107,Banda Raya
11,71,08,117108,Jaya Baru
11,71,09,117109,Ulee Kareng
11,72,01,117201,Sukakarya
11,72,02,117202,Sukajaya
11,72,03,117203,Sukamakmue
11,73,01,117301,Muara Dua
11,73,02,117302,Banda Sakti
11,73,03,117303,Blang Mangat
11,73,04,117304,Muara Satu
11,74,01,117401,Langsa Timur
11,74,02,117402,Langsa Barat
11,74,03,117403,Langsa Kota
11,74,04,117404,Langsa Lama
11,74,05,117405,Langsa Baro
11,75,01,117501,Simpang Kiri
11,75,02,117502,Penanggalan
11,75,03,117503,Rundeng
11,75,04,117504,Sultan Daulat
11,75,05,117505,Longkib
12,01,01,120101,Barus
12,01,02,120102,Sorkam
12,01,03,120103,Pandan
12,01,04,120104,Pinangsori
12,01,05,120105,Manduamas
12,01,06,120106,Kolang
12,01,07,120107,Tapian Nauli
12,01,08,120108,Sibabangun
12,01,09,120109,Sosorgadong (Sosor Gadong)
12,01,10,120110,Sorkam Barat
12,01,11,120111,Sirandorung
12,01,12,120112,Andam Dewi
12,01,13,120113,Sitahuis
12,01,14,120114,Tukka
12,01,15,120115,Badiri
12,01,16,120116,Pasaribu Tobing
12,01,17,120117,Barus Utara
12,01,18,120118,Suka Bangun
12,01,19,120119,Lumut
12,01,20,120120,Sarudik
12,02,01,120201,Tarutung
12,02,02,120202,Siatas Barita
12,02,03,120203,Adian Koting
12,02,04,120204,Sipoholon
12,02,05,120205,Pahae Julu
12,02,06,120206,Pahae Jae
12,02,07,120207,Simangumban
12,02,08,120208,Purba Tua (Purbatua)
12,02,09,120209,Siborong-Borong
12,02,10,120210,Pagaran
12,02,11,120211,Parmonangan
12,02,12,120212,Sipahutar
12,02,13,120213,Pangaribuan
12,02,14,120214,Garoga
12,02,15,120215,Muara
12,03,01,120301,Angkola Barat
12,03,02,120302,Batang Toru
12,03,03,120303,Angkola Timur
12,03,04,120304,Sipirok
12,03,05,120305,Saipar Dolok Hole
12,03,06,120306,Angkola Selatan
12,03,07,120307,Batang Angkola
12,03,14,120314,Arse
12,03,20,120320,Marancar
12,03,21,120321,Sayur Matinggi
12,03,22,120322,Aek Bilah
12,03,29,120329,Muara Batang Toru
12,03,30,120330,Tano Tombangan Angkola
12,03,31,120331,Angkola Sangkunur
12,03,32,120332,Angkola Muara Tais
12,04,05,120405,Hiliduho
12,04,06,120406,Gido
12,04,10,120410,Idanogawo (Idano Gawo)
12,04,11,120411,Bawolato
12,04,20,120420,Hiliserangkai (Hili Serangkai / Hilisaranggu)
12,04,21,120421,Botomuzoi
12,04,27,120427,Ulugawo
12,04,28,120428,Ma'u
12,04,29,120429,Somolo-Molo (Samolo)
12,04,35,120435,Sogae'adu (Sogae Adu / Sogaeadu)
12,05,01,120501,Bahorok
12,05,02,120502,Salapian
12,05,03,120503,Kuala
12,05,04,120504,Sei Bingai (Sei Binge / Bingei)
12,05,05,120505,Binjai
12,05,06,120506,Selesai
12,05,07,120507,Stabat
12,05,08,120508,Wampu
12,05,09,120509,Secanggang
12,05,10,120510,Hinai
12,05,11,120511,Tanjung Pura (Tanjungpura)
12,05,12,120512,Padang Tualang
12,05,13,120513,Gebang
12,05,14,120514,Babalan
12,05,15,120515,Pangkalan Susu
12,05,16,120516,Besitang
12,05,17,120517,Sei Lepan
12,05,18,120518,Berandan Barat (Brandan Barat)
12,05,19,120519,Batang Serangan
12,05,20,120520,Sawit Seberang
12,05,21,120521,Sirapit (Serapit)
12,05,22,120522,Kutambaru
12,05,23,120523,Pematang Jaya
12,06,01,120601,Kabanjahe
12,06,02,120602,Berastagi (Brastagi)
12,06,03,120603,Barusjahe (Barus Jahe)
12,06,04,120604,Tigapanah (Tiga Panah)
12,06,05,120605,Merek
12,06,06,120606,Munte
12,06,07,120607,Juhar
12,06,08,120608,Tigabinanga (Tiga Binanga)
12,06,09,120609,Laubaleng
12,06,10,120610,Mardingding (Mardinding)
12,06,11,120611,Payung
12,06,12,120612,Simpang Empat
12,06,13,120613,Kutabuluh (Kuta Buluh)
12,06,14,120614,Dolat Rayat
12,06,15,120615,Merdeka
12,06,16,120616,Naman Teran (Nama Teran)
12,06,17,120617,Tiganderket
12,07,01,120701,Gunung Meriah
12,07,02,120702,Tanjung Morawa
12,07,03,120703,Sibolangit
12,07,04,120704,Kutalimbaru
12,07,05,120705,Pancur Batu
12,07,06,120706,Namo Rambe (Namorambe)
12,07,07,120707,Biru-Biru (Sibiru-biru)
12,07,08,120708,STM Hilir (Sinembah Tanjung Muda Hilir)
12,07,09,120709,Bangun Purba
12,07,19,120719,Galang
12,07,20,120720,STM Hulu (Sinembah Tanjung Muda Hulu)
12,07,21,120721,Patumbak
12,07,22,120722,Deli Tua
12,07,23,120723,Sunggal
12,07,24,120724,Hamparan Perak
12,07,25,120725,Labuhan Deli
12,07,26,120726,Percut Sei Tuan
12,07,27,120727,Batang Kuis
12,07,28,120728,Lubuk Pakam
12,07,31,120731,Pagar Merbau
12,07,32,120732,Pantai Labu
12,07,33,120733,Beringin
12,08,01,120801,Siantar
12,08,02,120802,Gunung Malela
12,08,03,120803,Gunung Maligas
12,08,04,120804,Panei
12,08,05,120805,Panombeian Panei / Pane
12,08,06,120806,Jorlang Hataran
12,08,07,120807,Raya Kahean
12,08,08,120808,Bosar Maligas
12,08,09,120809,Sidamanik
12,08,10,120810,Pamatang Sidamanik (Pematang Sidamanik)
12,08,11,120811,Tanah Jawa
12,08,12,120812,Hatonduhan
12,08,13,120813,Dolok Panribuan
12,08,14,120814,Purba
12,08,15,120815,Haranggaol Horisan (Haranggaol Horison)
12,08,16,120816,Girsang Sipangan Bolon
12,08,17,120817,Dolok Batu Nanggar
12,08,18,120818,Huta Bayu Raja
12,08,19,120819,Jawa Maraja Bah Jambi
12,08,20,120820,Dolok Pardamean
12,08,21,120821,Pematang Bandar
12,08,22,120822,Bandar Huluan
12,08,23,120823,Bandar
12,08,24,120824,Bandar Masilam
12,08,25,120825,Silimakuta
12,08,26,120826,Dolok Silou (Dolok Silau)
12,08,27,120827,Silou Kahean
12,08,28,120828,Tapian Dolok
12,08,29,120829,Raya
12,08,30,120830,Ujung Padang
12,08,31,120831,Pamatang Silima Huta (Pematang)
12,08,32,120832,Dolog Masagal
12,09,08,120908,Meranti
12,09,09,120909,Air Joman
12,09,10,120910,Tanjung Balai
12,09,11,120911,Sei Kepayang
12,09,12,120912,Simpang Empat
12,09,13,120913,Air Batu
12,09,14,120914,Pulau Rakyat
12,09,15,120915,Bandar Pulau
12,09,16,120916,Buntu Pane
12,09,17,120917,Bandar Pasir Mandoge
12,09,18,120918,Aek Kuasan
12,09,19,120919,Kota Kisaran Barat
12,09,20,120920,Kota Kisaran Timur
12,09,21,120921,Aek Songsongan
12,09,22,120922,Rahuning (Rahunig)
12,09,23,120923,Sei Dadap
12,09,24,120924,Sei Kepayang Barat
12,09,25,120925,Sei Kepayang Timur
12,09,26,120926,Tinggi Raja
12,09,27,120927,Setia Janji
12,09,28,120928,Silau Laut
12,09,29,120929,Rawang Panca Arga
12,09,30,120930,Pulo Bandring
12,09,31,120931,Teluk Dalam
12,09,32,120932,Aek Ledong
12,10,01,121001,Rantau Utara
12,10,02,121002,Rantau Selatan
12,10,07,121007,Bilah Barat
12,10,08,121008,Bilah Hilir
12,10,09,121009,Bilah Hulu
12,10,14,121014,Pangkatan
12,10,18,121018,Panai Tengah
12,10,19,121019,Panai Hilir
12,10,20,121020,Panai Hulu
12,11,01,121101,Sidikalang
12,11,02,121102,Sumbul
12,11,03,121103,Tigalingga (Tiga Lingga)
12,11,04,121104,Siempat Nempu
12,11,05,121105,Silima Pungga Pungga
12,11,06,121106,Tanah Pinem
12,11,07,121107,Siempat Nempu Hulu
12,11,08,121108,Siempat Nempu Hilir
12,11,09,121109,Pegagan Hilir
12,11,10,121110,Parbuluan
12,11,11,121111,Lae Parira
12,11,12,121112,Gunung Sitember
12,11,13,121113,Berampu (Brampu)
12,11,14,121114,Silahisabungan (Silahi Sabungan)
12,11,15,121115,Sitinjo
12,12,01,121201,Balige
12,12,02,121202,Laguboti
12,12,03,121203,Silaen
12,12,04,121204,Habinsaran
12,12,05,121205,Pintu Pohan Meranti
12,12,06,121206,Borbor
12,12,07,121207,Porsea
12,12,08,121208,Ajibata
12,12,09,121209,Lumban Julu
12,12,10,121210,Uluan
12,12,19,121219,Sigumpar
12,12,20,121220,Siantar Narumonda
12,12,21,121221,Nassau
12,12,22,121222,Tampahan
12,12,23,121223,Bonatua Lunasi
12,12,24,121224,Parmaksian
12,13,01,121301,Panyabungan
12,13,02,121302,Panyabungan Utara
12,13,03,121303,Panyabungan Timur
12,13,04,121304,Panyabungan Selatan
12,13,05,121305,Panyabungan Barat
12,13,06,121306,Siabu
12,13,07,121307,Bukit Malintang
12,13,08,121308,Kotanopan
12,13,09,121309,Lembah Sorik Marapi
12,13,10,121310,Tambangan
12,13,11,121311,Ulu Pungkut
12,13,12,121312,Muara Sipongi
12,13,13,121313,Batang Natal
12,13,14,121314,Lingga Bayu
12,13,15,121315,Batahan
12,13,16,121316,Natal
12,13,17,121317,Muara Batang Gadis
12,13,18,121318,Ranto Baek
12,13,19,121319,Huta Bargot
12,13,20,121320,Puncak Sorik Marapi
12,13,21,121321,Pakantan
12,13,22,121322,Sinunukan
12,13,23,121323,Naga Juang
12,14,01,121401,Lolomatua
12,14,02,121402,Gomo
12,14,03,121403,Lahusa
12,14,04,121404,Hibala
12,14,05,121405,Pulau-Pulau Batu
12,14,06,121406,Teluk Dalam
12,14,07,121407,Amandraya
12,14,08,121408,Lolowau
12,14,09,121409,Susua
12,14,10,121410,Maniamolo
12,14,11,121411,Hilimegai
12,14,12,121412,Toma
12,14,13,121413,Mazino
12,14,14,121414,Umbunasi
12,14,15,121415,Aramo
12,14,16,121416,Pulau-Pulau Batu Timur
12,14,17,121417,Mazo
12,14,18,121418,Fanayama
12,14,19,121419,Ulunoyo
12,14,20,121420,Huruna
12,14,21,121421,O'o'u (Oou)
12,14,22,121422,Onohazumba
12,14,23,121423,Hilisalawa'ahe (Hilisalawaahe)
12,14,24,121424,Ulususua
12,14,25,121425,Sidua'ori
12,14,26,121426,Somambawa
12,14,27,121427,Boronadu
12,14,28,121428,Simuk
12,14,29,121429,Pulau-Pulau Batu Barat
12,14,30,121430,Pulau-Pulau Batu Utara
12,14,31,121431,Tanah Masa
12,14,32,121432,Luahagundre Maniamolo
12,14,33,121433,Onolalu
12,14,34,121434,Ulu Idanotae
12,14,35,121435,Idanotae
12,15,01,121501,Sitelu Tali Urang Jehe (Sitellu)
12,15,02,121502,Kerajaan
12,15,03,121503,Salak
12,15,04,121504,Sitelu Tali Urang Julu (Sitellu)
12,15,05,121505,Pergetteng Getteng Sengkut
12,15,06,121506,Pagindar
12,15,07,121507,Tinada
12,15,08,121508,Siempat Rube
12,16,01,121601,Parlilitan
12,16,02,121602,Pollung
12,16,03,121603,Baktiraja (Bakti Raja)
12,16,04,121604,Paranginan
12,16,05,121605,Lintong Nihuta
12,16,06,121606,Dolok Sanggul
12,16,07,121607,Sijamapolang (Sijama Polang)
12,16,08,121608,Onan Ganjang
12,16,09,121609,Pakkat
12,16,10,121610,Tarabintang (Tara Bintang)
12,17,01,121701,Simanindo
12,17,02,121702,Onan Runggu
12,17,03,121703,Nainggolan
12,17,04,121704,Palipi
12,17,05,121705,Harian
12,17,06,121706,Sianjar Mula Mula (Sianjur)
12,17,07,121707,Ronggur Nihuta
12,17,08,121708,Pangururan
12,17,09,121709,Sitio-tio
12,18,01,121801,Pantai Cermin
12,18,02,121802,Perbaungan
12,18,03,121803,Teluk Mengkudu
12,18,04,121804,Sei Rampah
12,18,05,121805,Tanjung Beringin
12,18,06,121806,Bandar Khalipah / Khalifah
12,18,07,121807,Dolok Merawan
12,18,08,121808,Sipispis
12,18,09,121809,Dolok Masihul
12,18,10,121810,Kotarih
12,18,11,121811,Silinda
12,18,12,121812,Serba Jadi
12,18,13,121813,Tebing Tinggi
12,18,14,121814,Pegajahan
12,18,15,121815,Sei Bamban
12,18,16,121816,Tebing Syahbandar
12,18,17,121817,Bintang Bayu
12,19,01,121901,Medang Deras
12,19,02,121902,Sei Suka
12,19,03,121903,Air Putih
12,19,04,121904,Lima Puluh (Limapuluh)
12,19,05,121905,Talawi
12,19,06,121906,Tanjung Tiram
12,19,07,121907,Sei Balai
12,19,08,121908,Laut Tador
12,19,09,121909,Lima Puluh Pesisir
12,19,10,121910,Datuk Lima Puluh
12,19,11,121911,Datuk Tanah Datar
12,19,12,121912,Nibung Hangus
12,20,01,122001,Dolok Sigompulon
12,20,02,122002,Dolok
12,20,03,122003,Halongonan
12,20,04,122004,Padang Bolak
12,20,05,122005,Padang Bolak Julu
12,20,06,122006,Portibi
12,20,07,122007,Batang Onang
12,20,08,122008,Simangambat
12,20,09,122009,Hulu Sihapas
12,20,10,122010,Padang Bolak Tenggara
12,20,11,122011,Halongonan Timur
12,20,12,122012,Ujung Batu
12,21,01,122101,Sosopan
12,21,02,122102,Barumun Tengah
12,21,03,122103,Huristak
12,21,04,122104,Lubuk Barumun
12,21,05,122105,Hutaraja Tinggi (Huta Raja Tinggi)
12,21,06,122106,Ulu Barumun
12,21,07,122107,Barumun
12,21,08,122108,Sosa
12,21,09,122109,Batang Lubu Sutam
12,21,10,122110,Barumun Selatan
12,21,11,122111,Aek Nabara Barumun
12,21,12,122112,Sihapas Barumun
12,21,13,122113,Barumun Baru
12,21,14,122114,Ulu Sosa
12,21,15,122115,Sosa Julu
12,21,16,122116,Barumun Barat
12,21,17,122117,Sosa Timur
12,22,01,122201,Kotapinang (Kota Pinang)
12,22,02,122202,Kampung Rakyat
12,22,03,122203,Torgamba
12,22,04,122204,Sungai Kanan (Sei)
12,22,05,122205,Silangkitang
12,23,01,122301,Kualuh Hulu
12,23,02,122302,Kualuh Leidong
12,23,03,122303,Kualuh Hilir
12,23,04,122304,Aek Kuo
12,23,05,122305,Marbau
12,23,06,122306,Na IX - X (Na IX-X)
12,23,07,122307,Aek Natas
12,23,08,122308,Kualuh Selatan
12,24,01,122401,Lotu
12,24,02,122402,Sawo
12,24,03,122403,Tuhemberua
12,24,04,122404,Sitolu Ori
12,24,05,122405,Namohalu Esiwa
12,24,06,122406,Alasa Talumuzoi
12,24,07,122407,Alasa
12,24,08,122408,Tugala Oyo
12,24,09,122409,Afulu
12,24,10,122410,Lahewa
12,24,11,122411,Lahewa Timur
12,25,01,122501,Lahomi (Gahori)
12,25,02,122502,Sirombu
12,25,03,122503,Mandrehe Barat
12,25,04,122504,Moro'o
12,25,05,122505,Mandrehe
12,25,06,122506,Mandrehe Utara
12,25,07,122507,Lolofitu Moi
12,25,08,122508,Ulu Moro'o (Ulu Narwo)
12,71,01,127101,Medan Kota
12,71,02,127102,Medan Sunggal
12,71,03,127103,Medan Helvetia
12,71,04,127104,Medan Denai
12,71,05,127105,Medan Barat
12,71,06,127106,Medan Deli
12,71,07,127107,Medan Tuntungan
12,71,08,127108,Medan Belawan (Medan Belawan Kota)
12,71,09,127109,Medan Amplas
12,71,10,127110,Medan Area
12,71,11,127111,Medan Johor
12,71,12,127112,Medan Marelan
12,71,13,127113,Medan Labuhan
12,71,14,127114,Medan Tembung
12,71,15,127115,Medan Maimun
12,71,16,127116,Medan Polonia
12,71,17,127117,Medan Baru
12,71,18,127118,Medan Perjuangan
12,71,19,127119,Medan Petisah
12,71,20,127120,Medan Timur
12,71,21,127121,Medan Selayang
12,72,01,127201,Siantar Timur
12,72,02,127202,Siantar Barat
12,72,03,127203,Siantar Utara
12,72,04,127204,Siantar Selatan
12,72,05,127205,Siantar Marihat
12,72,06,127206,Siantar Martoba
12,72,07,127207,Siantar Sitalasari
12,72,08,127208,Siantar Marimbun
12,73,01,127301,Sibolga Utara
12,73,02,127302,Sibolga Kota
12,73,03,127303,Sibolga Selatan
12,73,04,127304,Sibolga Sambas
12,74,01,127401,Tanjungbalai Selatan (Tanjung Balai Selatan)
12,74,02,127402,Tanjungbalai Utara (Tanjung Balai Utara)
12,74,03,127403,Sei Tualang Raso
12,74,04,127404,Teluk Nibung
12,74,05,127405,Datuk Bandar
12,74,06,127406,Datuk Bandar Timur
12,75,01,127501,Binjai Utara
12,75,02,127502,Binjai Kota
12,75,03,127503,Binjai Barat
12,75,04,127504,Binjai Timur
12,75,05,127505,Binjai Selatan
12,76,01,127601,Padang Hulu
12,76,02,127602,Rambutan
12,76,03,127603,Padang Hilir
12,76,04,127604,Bajenis
12,76,05,127605,Tebing Tinggi Kota
12,77,01,127701,Padangsidimpuan Utara
12,77,02,127702,Padangsidimpuan Selatan
12,77,03,127703,Padangsidimpuan Batunadua
12,77,04,127704,Padangsidimpuan Hutaimbaru
12,77,05,127705,Padangsidimpuan Tenggara
12,77,06,127706,Padangsidimpuan Angkola Julu
12,78,01,127801,Gunungsitoli
12,78,02,127802,Gunungsitoli Selatan
12,78,03,127803,Gunungsitoli Utara
12,78,04,127804,Gunungsitoli Idanoi
12,78,05,127805,Gunungsitoli Alo'oa
12,78,06,127806,Gunungsitoli Barat
13,01,01,130101,Pancung Soal
13,01,02,130102,Ranah Pesisir
13,01,03,130103,Lengayang
13,01,04,130104,Batang Kapas
13,01,05,130105,IV Jurai
13,01,06,130106,Bayang
13,01,07,130107,Koto XI Tarusan
13,01,08,130108,Sutera
13,01,09,130109,Linggo Sari Baganti
13,01,10,130110,Lunang
13,01,11,130111,Basa Ampek Balai Tapan
13,01,12,130112,IV Nagari Bayang Utara
13,01,13,130113,Airpura
13,01,14,130114,Ranah Ampek Hulu Tapan
13,01,15,130115,Silaut
13,02,03,130203,Pantai Cermin
13,02,04,130204,Lembah Gumanti
13,02,05,130205,Payung Sekaki
13,02,06,130206,Lembang Jaya
13,02,07,130207,Gunung Talang
13,02,08,130208,Bukit Sundi
13,02,09,130209,IX Koto Sungai Lasi
13,02,10,130210,Kubung
13,02,11,130211,X Koto Singkarak
13,02,12,130212,X Koto Diatas
13,02,13,130213,Junjung Sirih
13,02,17,130217,Hiliran Gumanti
13,02,18,130218,Tigo Lurah
13,02,19,130219,Danau Kembar
13,03,03,130303,Tanjung Gadang
13,03,04,130304,Sijunjung
13,03,05,130305,IV Nagari
13,03,06,130306,Kamang Baru
13,03,07,130307,Lubuak Tarok
13,03,08,130308,Koto VII
13,03,09,130309,Sumpur Kudus
13,03,10,130310,Kupitan
13,04,01,130401,X Koto (Sepuluh Koto)
13,04,02,130402,Batipuh
13,04,03,130403,Rambatan
13,04,04,130404,Lima Kaum
13,04,05,130405,Tanjung Emas
13,04,06,130406,Lintau Buo
13,04,07,130407,Sungayang
13,04,08,130408,Sungai Tarab
13,04,09,130409,Pariangan
13,04,10,130410,Salimpaung (Salimpauang)
13,04,11,130411,Padang Ganting
13,04,12,130412,Tanjuang Baru (Tanjung Baru)
13,04,13,130413,Lintau Buo Utara
13,04,14,130414,Batipuah Selatan (Batipuh Selatan)
13,05,01,130501,Lubuk Alung
13,05,02,130502,Batang Anai
13,05,03,130503,Nan Sabaris
13,05,04,130504,2 x 11 Enam Lingkuang
13,05,05,130505,VII Koto Sungai Sarik
13,05,06,130506,V Koto Kampung Dalam
13,05,07,130507,Sungai Garingging
13,05,08,130508,Sungai Limau
13,05,09,130509,IV Koto Aur Malintang
13,05,10,130510,Ulakan Tapakih
13,05,11,130511,Sintuak Toboh Gadang
13,05,12,130512,Padang Sago
13,05,13,130513,Batang Gasan
13,05,14,130514,V Koto Timur
13,05,15,130515,2 x 11 Kayu Tanam
13,05,16,130516,Patamuan
13,05,17,130517,Enam Lingkung
13,06,01,130601,Tanjung Mutiara
13,06,02,130602,Lubuk Basung
13,06,03,130603,Tanjung Raya
13,06,04,130604,Matur
13,06,05,130605,IV Koto (Ampek Koto)
13,06,06,130606,Banuhampu
13,06,07,130607,Ampek Angkek (IV Angkat Candung)
13,06,08,130608,Baso
13,06,09,130609,Tilatang Kamang
13,06,10,130610,Palupuh
13,06,11,130611,Palembayan (Pelembayan)
13,06,12,130612,Sungai Pua (Puar)
13,06,13,130613,Ampek Nagari (IV Nagari )
13,06,14,130614,Candung
13,06,15,130615,Kamang Magek
13,06,16,130616,Malalak (Malakak)
13,07,01,130701,Suliki
13,07,02,130702,Guguak (Gugu)
13,07,03,130703,Payakumbuh
13,07,04,130704,Luak (Luhak)
13,07,05,130705,Harau
13,07,06,130706,Pangkalan Koto Baru
13,07,07,130707,Kapur IX/Sembilan
13,07,08,130708,Gunuang Omeh (Gunung Mas)
13,07,09,130709,Lareh Sago Halaban
13,07,10,130710,Situjuah Limo Nagari (Situjuah Lima Nagari)
13,07,11,130711,Mungka
13,07,12,130712,Bukik Barisan
13,07,13,130713,Akabiluru
13,08,04,130804,Bonjol
13,08,05,130805,Lubuk Sikaping
13,08,07,130807,Panti
13,08,08,130808,Mapat Tunggul
13,08,12,130812,Duo Koto
13,08,13,130813,Tigo Nagari
13,08,14,130814,Rao
13,08,15,130815,Mapat Tunggul Selatan
13,08,16,130816,Simpang Alahan Mati
13,08,17,130817,Padang Gelugur
13,08,18,130818,Rao Utara
13,08,19,130819,Rao Selatan
13,09,01,130901,Pagai Utara
13,09,02,130902,Sipora Selatan
13,09,03,130903,Siberut Selatan
13,09,04,130904,Siberut Utara
13,09,05,130905,Siberut Barat
13,09,06,130906,Siberut Barat Daya
13,09,07,130907,Siberut Tengah
13,09,08,130908,Sipora Utara
13,09,09,130909,Sikakap
13,09,10,130910,Pagai Selatan
13,10,01,131001,Koto Baru
13,10,02,131002,Pulau Punjung
13,10,03,131003,Sungai Rumbai
13,10,04,131004,Sitiung
13,10,05,131005,Sembilan Koto
13,10,06,131006,Timpeh
13,10,07,131007,Koto Salak
13,10,08,131008,Tiumang
13,10,09,131009,Padang Laweh
13,10,10,131010,Asam Jujuhan
13,10,11,131011,Koto Besar
13,11,01,131101,Sangir
13,11,02,131102,Sungai Pagu
13,11,03,131103,Koto Parik Gadang Diateh
13,11,04,131104,Sangir Jujuan
13,11,05,131105,Sangir Batang Hari
13,11,06,131106,Pauh Duo
13,11,07,131107,Sangir Balai Janggo
13,12,01,131201,Sungai Beremas (Sei Beremas)
13,12,02,131202,Lembah Melintang
13,12,03,131203,Pasaman
13,12,04,131204,Talamau
13,12,05,131205,Kinali
13,12,06,131206,Gunung Tuleh (Gunungtuleh)
13,12,07,131207,Ranah Batahan
13,12,08,131208,Koto Balingka
13,12,09,131209,Sungai Aur (Sungaiaur)
13,12,10,131210,Luhak Nan Duo
13,12,11,131211,"Sasak Ranah Pasisie (Pesisir, Pasisir, Pesisie)"
13,71,01,137101,Padang Selatan
13,71,02,137102,Padang Timur
13,71,03,137103,Padang Barat
13,71,04,137104,Padang Utara
13,71,05,137105,Bungus Teluk Kabung
13,71,06,137106,Lubuk Begalung
13,71,07,137107,Lubuk Kilangan
13,71,08,137108,Pauh
13,71,09,137109,Kuranji
13,71,10,137110,Nanggalo
13,71,11,137111,Koto Tangah
13,72,01,137201,Lubuk Sikarah
13,72,02,137202,Tanjung Harapan
13,73,01,137301,Lembah Segar
13,73,02,137302,Barangin
13,73,03,137303,Silungkang
13,73,04,137304,Talawi
13,74,01,137401,Padang Panjang Timur
13,74,02,137402,Padang Panjang Barat
13,75,01,137501,Guguak Panjang (Guguk Panjang)
13,75,02,137502,Mandiangin Koto Selayan
13,75,03,137503,Aur Birugo Tigo Baleh
13,76,01,137601,Payakumbuh Barat
13,76,02,137602,Payakumbuh Utara
13,76,03,137603,Payakumbuh Timur
13,76,04,137604,Lamposi Tigo Nagori / Nagari
13,76,05,137605,Payakumbuh Selatan
13,77,01,137701,Pariaman Tengah
13,77,02,137702,Pariaman Utara
13,77,03,137703,Pariaman Selatan
13,77,04,137704,Pariaman Timur
14,01,01,140101,Bangkinang Kota
14,01,02,140102,Kampar
14,01,03,140103,Tambang
14,01,04,140104,XIII Koto Kampar
14,01,05,140105,Kuok
14,01,06,140106,Siak Hulu
14,01,07,140107,Kampar Kiri
14,01,08,140108,Kampar Kiri Hilir
14,01,09,140109,Kampar Kiri Hulu
14,01,10,140110,Tapung
14,01,11,140111,Tapung Hilir
14,01,12,140112,Tapung Hulu
14,01,13,140113,Salo
14,01,14,140114,Rumbio Jaya
14,01,15,140115,Bangkinang
14,01,16,140116,Perhentian Raja
14,01,17,140117,Kampa (Kampar Timur)
14,01,18,140118,Kampar Utara
14,01,19,140119,Kampar Kiri Tengah
14,01,20,140120,Gunung Sahilan
14,01,21,140121,Koto Kampar Hulu
14,02,01,140201,Rengat
14,02,02,140202,Rengat Barat
14,02,03,140203,Kelayang
14,02,04,140204,Pasir Penyu
14,02,05,140205,Peranap
14,02,06,140206,Siberida (Seberida)
14,02,07,140207,Batang Cenaku
14,02,08,140208,Batang Gangsal (Batang Gansal)
14,02,09,140209,Lirik
14,02,10,140210,Kuala Cenaku
14,02,11,140211,Sungai Lala
14,02,12,140212,Lubuk Batu Jaya
14,02,13,140213,Rakit Kulim
14,02,14,140214,Batang Peranap
14,03,01,140301,Bengkalis
14,03,02,140302,Bantan
14,03,03,140303,Bukit Batu
14,03,09,140309,Mandau
14,03,10,140310,Rupat
14,03,11,140311,Rupat Utara
14,03,12,140312,Siak Kecil
14,03,13,140313,Pinggir
14,03,14,140314,Bandar Laksamana
14,03,15,140315,Talang Muandau
14,03,16,140316,Bathin Solapan
14,04,01,140401,Reteh
14,04,02,140402,Enok
14,04,03,140403,Kuala Indragiri
14,04,04,140404,Tembilahan
14,04,05,140405,Tempuling
14,04,06,140406,Gaung Anak Serka
14,04,07,140407,Mandah
14,04,08,140408,Kateman
14,04,09,140409,Keritang
14,04,10,140410,Tanah Merah
14,04,11,140411,Batang Tuaka
14,04,12,140412,Gaung
14,04,13,140413,Tembilahan Hulu
14,04,14,140414,Kemuning
14,04,15,140415,Pelangiran
14,04,16,140416,Teluk Belengkong
14,04,17,140417,Pulau Burung
14,04,18,140418,Concong
14,04,19,140419,Kempas
14,04,20,140420,Sungai Batang
14,05,01,140501,Ukui
14,05,02,140502,Pangkalan Kerinci
14,05,03,140503,Pangkalan Kuras
14,05,04,140504,Pangkalan Lesung
14,05,05,140505,Langgam
14,05,06,140506,Pelalawan
14,05,07,140507,Kerumutan
14,05,08,140508,Bunut
14,05,09,140509,Teluk Meranti
14,05,10,140510,Kuala Kampar
14,05,11,140511,Bandar Sei Kijang
14,05,12,140512,Bandar Petalangan
14,06,01,140601,Ujung Batu
14,06,02,140602,Rokan IV Koto
14,06,03,140603,Rambah
14,06,04,140604,Tambusai
14,06,05,140605,Kepenuhan
14,06,06,140606,Kunto Darussalam
14,06,07,140607,Rambah Samo
14,06,08,140608,Rambah Hilir
14,06,09,140609,Tambusai Utara
14,06,10,140610,Bangun Purba
14,06,11,140611,Tandun
14,06,12,140612,Kabun
14,06,13,140613,Bonai Darussalam
14,06,14,140614,Pagaran Tapah Darussalam
14,06,15,140615,Kepenuhan Hulu
14,06,16,140616,Pendalian IV Koto
14,07,01,140701,Kubu
14,07,02,140702,Bangko
14,07,03,140703,Tanah Putih
14,07,04,140704,Rimba Melintang
14,07,05,140705,Bagansinembah (Bagan Sinembah)
14,07,06,140706,Pasir Limau Kapas
14,07,07,140707,Sinaboi (Senaboi)
14,07,08,140708,Pujud
14,07,09,140709,Tanah Putih Tanjung Melawan
14,07,10,140710,Bangko Pusako / Pusaka
14,07,11,140711,Simpang Kanan
14,07,12,140712,Batu Hampar
14,07,13,140713,Rantau Kopar
14,07,14,140714,Pekaitan
14,07,15,140715,Kubu Babussalam
14,07,16,140716,Tanjung Medan
14,07,17,140717,Bagan Sinembah Raya
14,07,18,140718,Balai Jaya
14,08,01,140801,Siak
14,08,02,140802,Sungai Apit
14,08,03,140803,Minas
14,08,04,140804,Tualang
14,08,05,140805,Sungai Mandau
14,08,06,140806,Dayun
14,08,07,140807,Kerinci Kanan
14,08,08,140808,Bunga Raya
14,08,09,140809,Koto Gasib
14,08,10,140810,Kandis
14,08,11,140811,Lubuk Dalam
14,08,12,140812,Sabak Auh
14,08,13,140813,Mempura
14,08,14,140814,Pusako
14,09,01,140901,Kuantan Mudik
14,09,02,140902,Kuantan Tengah
14,09,03,140903,Singingi
14,09,04,140904,Kuantan Hilir
14,09,05,140905,Cerenti
14,09,06,140906,Benai
14,09,07,140907,Gunungtoar (Gunung Toar)
14,09,08,140908,Singingi Hilir
14,09,09,140909,Pangean
14,09,10,140910,Logas Tanah Darat
14,09,11,140911,Inuman
14,09,12,140912,Hulu Kuantan
14,09,13,140913,Kuantan Hilir Seberang
14,09,14,140914,Sentajo Raya
14,09,15,140915,Pucuk Rantau
14,10,01,141001,Tebing Tinggi
14,10,02,141002,Rangsang Barat
14,10,03,141003,Rangsang
14,10,04,141004,Tebing Tinggi Barat
14,10,05,141005,Merbau
14,10,06,141006,Pulaumerbau
14,10,07,141007,Tebing Tinggi Timur
14,10,08,141008,Tasik Putri Puyu
14,10,09,141009,Rangsang Pesisir
14,71,01,147101,Sukajadi
14,71,02,147102,Pekanbaru Kota
14,71,03,147103,Sail
14,71,04,147104,Lima Puluh
14,71,05,147105,Senapelan
14,71,06,147106,Rumbai Barat
14,71,07,147107,Bukit Raya
14,71,08,147108,Binawidya
14,71,09,147109,Marpoyan Damai
14,71,10,147110,Tenayan Raya
14,71,11,147111,Payung Sekaki
14,71,12,147112,Rumbai (Rumbai Pesisir)
14,71,13,147113,Tuahmadani
14,71,14,147114,Kulim
14,71,15,147115,Rumbai Timur
14,72,01,147201,Dumai Barat
14,72,02,147202,Dumai Timur
14,72,03,147203,Bukit Kapur
14,72,04,147204,Sungai Sembilan
14,72,05,147205,Medang Kampai
14,72,06,147206,Dumai Kota
14,72,07,147207,Dumai Selatan
15,01,01,150101,Gunung Raya
15,01,02,150102,Danau Kerinci
15,01,04,150104,Sitinjau Laut
15,01,05,150105,Air Hangat
15,01,06,150106,Gunung Kerinci
15,01,07,150107,Batang Merangin
15,01,08,150108,Keliling Danau
15,01,09,150109,Kayu Aro
15,01,11,150111,Air Hangat Timur
15,01,15,150115,Gunung Tujuh
15,01,16,150116,Siulak
15,01,17,150117,Depati Tujuh
15,01,18,150118,Siulak Mukai
15,01,19,150119,Kayu Aro Barat
15,01,20,150120,Bukitkerman
15,01,21,150121,Air Hangat Barat
15,01,22,150122,Tanah Cogok
15,01,23,150123,Danau Kerinci Barat
15,02,01,150201,Jangkat
15,02,02,150202,Bangko
15,02,03,150203,Muara Siau
15,02,04,150204,Sungai Manau
15,02,05,150205,Tabir
15,02,06,150206,Pamenang
15,02,07,150207,Tabir Ulu
15,02,08,150208,Tabir Selatan
15,02,09,150209,Lembah Masurai
15,02,10,150210,Bangko Barat
15,02,11,150211,Nalo Tantan (Nalo Tatan)
15,02,12,150212,Batang Masumai
15,02,13,150213,Pamenang Barat
15,02,14,150214,Tabir Ilir
15,02,15,150215,Tabir Timur
15,02,16,150216,Renah Pembarap
15,02,17,150217,Pangkalan Jambu
15,02,18,150218,Jangkat Timur (Sungai Tenang)
15,02,19,150219,Renah Pamenang (Renah Pemenang)
15,02,20,150220,Pamenang Selatan
15,02,21,150221,Margo Tabir
15,02,22,150222,Tabir Lintas
15,02,23,150223,Tabir Barat
15,02,24,150224,Tiang Pumpung
15,03,01,150301,Batang Asai
15,03,02,150302,Limun
15,03,03,150303,Sarolangun
15,03,04,150304,Pauh
15,03,05,150305,Pelawan
15,03,06,150306,Mandiangin
15,03,07,150307,Air Hitam
15,03,08,150308,Bathin VIII (Batin VIII)
15,03,09,150309,Singkut
15,03,10,150310,Cermin Nan Gedang / Gadang
15,03,11,150311,Mandiangin Timur
15,04,01,150401,Mersam
15,04,02,150402,Muara Tembesi
15,04,03,150403,Muara Bulian
15,04,04,150404,Batin XXIV
15,04,05,150405,Pemayung
15,04,06,150406,Maro Sebo Ulu
15,04,07,150407,Bajubang
15,04,08,150408,Maro Sebo Ilir
15,05,01,150501,Jambi Luar Kota
15,05,02,150502,Sekernan
15,05,03,150503,Kumpeh
15,05,04,150504,Maro Sebo
15,05,05,150505,Mestong
15,05,06,150506,Kumpeh Ulu
15,05,07,150507,Sungai Bahar
15,05,08,150508,Sungai Gelam
15,05,09,150509,Bahar Utara
15,05,10,150510,Bahar Selatan
15,05,11,150511,Taman Rajo
15,06,01,150601,Tungkal Ulu
15,06,02,150602,Tungkal Ilir
15,06,03,150603,Pengabuan
15,06,04,150604,Betara
15,06,05,150605,Merlung
15,06,06,150606,Tebing Tinggi
15,06,07,150607,Batang Asam
15,06,08,150608,Renah Mendaluh
15,06,09,150609,Muara Papalik
15,06,10,150610,Seberang Kota
15,06,11,150611,Bram Itam
15,06,12,150612,Kuala Betara
15,06,13,150613,Senyerang
15,07,01,150701,Muara Sabak Timur
15,07,02,150702,Nipah Panjang
15,07,03,150703,Mendahara
15,07,04,150704,Rantau Rasau
15,07,05,150705,Sadu
15,07,06,150706,Dendang
15,07,07,150707,Muara Sabak Barat
15,07,08,150708,Kuala Jambi
15,07,09,150709,Mendahara Ulu
15,07,10,150710,Geragai
15,07,11,150711,Berbak
15,08,01,150801,Tanah Tumbuh
15,08,02,150802,Rantau Pandan
15,08,03,150803,Pasar Muaro Bungo (Pasar Muara Bungo)
15,08,04,150804,Jujuhan
15,08,05,150805,Tanah Sepenggal
15,08,06,150806,Pelepat
15,08,07,150807,Limbur Lubuk Mengkuang
15,08,08,150808,Muko-muko Bathin VII
15,08,09,150809,Pelepat Ilir
15,08,10,150810,Batin II Babeko (Bathin)
15,08,11,150811,Bathin III
15,08,12,150812,Bungo Dani
15,08,13,150813,Rimbo Tengah
15,08,14,150814,Bathin III Ulu
15,08,15,150815,Bathin II Pelayang
15,08,16,150816,Jujuhan Ilir
15,08,17,150817,Tanah Sepenggal Lintas
15,09,01,150901,Tebo Tengah
15,09,02,150902,Tebo Ilir
15,09,03,150903,Tebo Ulu
15,09,04,150904,Rimbo Bujang
15,09,05,150905,Sumay
15,09,06,150906,VII Koto
15,09,07,150907,Rimbo Ulu
15,09,08,150908,Rimbo Ilir
15,09,09,150909,Tengah Ilir
15,09,10,150910,Serai Serumpun
15,09,11,150911,VII Koto Ilir
15,09,12,150912,Muara Tabir
15,71,01,157101,Telanaipura
15,71,02,157102,Jambi Selatan
15,71,03,157103,Jambi Timur
15,71,04,157104,Pasar Jambi
15,71,05,157105,Pelayangan
15,71,06,157106,Danau Teluk
15,71,07,157107,Kota Baru
15,71,08,157108,Jelutung
15,71,09,157109,Alam Barajo
15,71,10,157110,Danau Sipin
15,71,11,157111,Paal Merah
15,72,01,157201,Sungai Penuh
15,72,02,157202,Pesisir Bukit
15,72,03,157203,Hamparan Rawang
15,72,04,157204,Tanah Kampung
15,72,05,157205,Kumun Debai
15,72,06,157206,Pondok Tinggi
15,72,07,157207,Koto Baru
15,72,08,157208,Sungai Bungkal
16,01,07,160107,Sosoh Buay Rayap
16,01,08,160108,Pengandonan
16,01,09,160109,Peninjauan
16,01,13,160113,Baturaja Barat
16,01,14,160114,Baturaja Timur
16,01,20,160120,Ulu Ogan
16,01,21,160121,Semidang Aji
16,01,22,160122,Lubuk Batang
16,01,28,160128,Lengkiti
16,01,29,160129,Sinar Peninjauan
16,01,30,160130,Lubuk Raja
16,01,31,160131,Muara Jaya
16,01,32,160132,Kedaton Peninjauan Raya
16,02,02,160202,Tanjung Lubuk
16,02,03,160203,Pedamaran
16,02,04,160204,Mesuji
16,02,05,160205,Kayu Agung
16,02,08,160208,Sirah Pulau Padang
16,02,11,160211,Tulung Selapan
16,02,12,160212,Pampangan
16,02,13,160213,Lempuing
16,02,14,160214,Air Sugihan
16,02,15,160215,Sungai Menang
16,02,17,160217,Jejawi
16,02,18,160218,Cengal
16,02,19,160219,Pangkalan Lampam
16,02,20,160220,Mesuji Makmur
16,02,21,160221,Mesuji Raya
16,02,22,160222,Lempuing Jaya
16,02,23,160223,Teluk Gelam
16,02,24,160224,Pedamaran Timur
16,03,01,160301,Tanjung Agung
16,03,02,160302,Muara Enim
16,03,03,160303,Rambang Niru (Rambang Dangku)
16,03,04,160304,Gunung Megang
16,03,06,160306,Gelumbang
16,03,07,160307,Lawang Kidul
16,03,08,160308,Semende Darat Laut
16,03,09,160309,Semende Darat Tengah
16,03,10,160310,Semende Darat Ulu
16,03,11,160311,Ujan Mas
16,03,14,160314,Lubai
16,03,15,160315,Rambang
16,03,16,160316,Sungai Rotan
16,03,17,160317,Lembak
16,03,19,160319,Benakat
16,03,21,160321,Kelekar
16,03,22,160322,Muara Belida
16,03,23,160323,Belimbing
16,03,24,160324,Belida Darat
16,03,25,160325,Lubai Ulu
16,03,26,160326,Empat Petulai Dangku
16,03,27,160327,Panang Enim
16,04,01,160401,Tanjungsakti Pumu (Tanjung Sakti Pumu)
16,04,06,160406,Jarai
16,04,07,160407,Kota Agung
16,04,08,160408,Pulaupinang (Pulau Pinang)
16,04,09,160409,Merapi Barat
16,04,10,160410,Lahat
16,04,12,160412,Pajar Bulan
16,04,15,160415,Mulak Ulu
16,04,16,160416,Kikim Selatan
16,04,17,160417,Kikim Timur
16,04,18,160418,Kikim Tengah
16,04,19,160419,Kikim Barat
16,04,20,160420,Pseksu
16,04,21,160421,Gumay Talang
16,04,22,160422,Pagar Gunung
16,04,23,160423,Merapi Timur
16,04,24,160424,Tanjung Sakti Pumi
16,04,25,160425,Gumay Ulu
16,04,26,160426,Merapi Selatan
16,04,27,160427,Tanjungtebat (Tanjung Tebat)
16,04,28,160428,Muarapayang
16,04,29,160429,Sukamerindu
16,04,30,160430,Mulak Sebingkai
16,04,31,160431,Lahat Selatan
16,05,01,160501,Tugumulyo
16,05,02,160502,Muara Lakitan
16,05,03,160503,Muara Kelingi
16,05,08,160508,Jayaloka (Jaya Loka)
16,05,09,160509,Muara Beliti
16,05,10,160510,STL Ulu Terawas (Suku Tengah Lakitan Ulu Terawas)
16,05,11,160511,Selangit
16,05,12,160512,Megang Sakti
16,05,13,160513,Purwodadi
16,05,14,160514,BTS Ulu
16,05,18,160518,Tiang Pumpung Kepungut
16,05,19,160519,Sumber Harta
16,05,20,160520,Tuah Negeri
16,05,21,160521,Suka Karya (Sukakarya)
16,06,01,160601,Sekayu
16,06,02,160602,Lais
16,06,03,160603,Sungai Keruh
16,06,04,160604,Batang Hari Leko
16,06,05,160605,Sanga Desa
16,06,06,160606,Babat Toman
16,06,07,160607,Sungai Lilin
16,06,08,160608,Keluang
16,06,09,160609,Bayung Lencir
16,06,10,160610,Plakat Tinggi (Pelakat Tinggi)
16,06,11,160611,Lalan
16,06,12,160612,Tungkal Jaya
16,06,13,160613,Lawang Wetan
16,06,14,160614,Babat Supat
16,06,15,160615,Jirak Jaya
16,07,01,160701,Banyuasin I
16,07,02,160702,Banyuasin II
16,07,03,160703,Banyuasin III
16,07,04,160704,Pulau Rimau
16,07,05,160705,Betung
16,07,06,160706,Rambutan
16,07,07,160707,Muara Padang
16,07,08,160708,Muara Telang
16,07,09,160709,Makarti Jaya
16,07,10,160710,Talang Kelapa
16,07,11,160711,Rantau Bayur
16,07,12,160712,Tanjung Lago
16,07,13,160713,Muara Sugihan
16,07,14,160714,Air Salek
16,07,15,160715,Tungkal Ilir
16,07,16,160716,Suak Tapeh
16,07,17,160717,Sembawa
16,07,18,160718,Sumber Marga Telang
16,07,19,160719,Air Kumbang
16,07,20,160720,Karang Agung Ilir
16,07,21,160721,Selat Penuguan
16,08,01,160801,Martapura
16,08,02,160802,Buay Madang
16,08,03,160803,Belitang
16,08,04,160804,Cempaka
16,08,05,160805,Buay Pemuka Peliung
16,08,06,160806,Madang Suku II
16,08,07,160807,Madang Suku I
16,08,08,160808,Semendawai Suku III
16,08,09,160809,Belitang II
16,08,10,160810,Belitang III
16,08,11,160811,Bunga Mayang
16,08,12,160812,Buay Madang Timur
16,08,13,160813,Madang Suku III
16,08,14,160814,Semendawai Barat
16,08,15,160815,Semendawai Timur
16,08,16,160816,Jayapura
16,08,17,160817,Belitang Jaya
16,08,18,160818,Belitang Madang Raya
16,08,19,160819,Belitang Mulya
16,08,20,160820,Buay Pemuka Bangsa Raja
16,09,01,160901,Muara Dua (Muaradua)
16,09,02,160902,Pulau Beringin
16,09,03,160903,Banding Agung
16,09,04,160904,Muara Dua Kisam (Muaradua Kisam)
16,09,05,160905,Simpang
16,09,06,160906,Buay Sandang Aji
16,09,07,160907,Buay Runjung
16,09,08,160908,Mekakau Ilir
16,09,09,160909,Buay Pemaca
16,09,10,160910,Kisam Tinggi
16,09,11,160911,Kisam Ilir
16,09,12,160912,Buay Pematang Ribu Ranau Tengah
16,09,13,160913,Warkuk Ranau Selatan
16,09,14,160914,Runjung Agung
16,09,15,160915,Sungai Are
16,09,16,160916,Sindang Danau
16,09,17,160917,Buana Pemaca
16,09,18,160918,Tiga Dihaji
16,09,19,160919,Buay Rawan
16,10,01,161001,Muara Kuang
16,10,02,161002,Tanjung Batu
16,10,03,161003,Tanjung Raja
16,10,04,161004,Indralaya
16,10,05,161005,Pemulutan
16,10,06,161006,Rantau Alai
16,10,07,161007,Indralaya Utara
16,10,08,161008,Indralaya Selatan
16,10,09,161009,Pemulutan Selatan
16,10,10,161010,Pemulutan Barat
16,10,11,161011,Rantau Panjang
16,10,12,161012,Sungai Pinang
16,10,13,161013,Kandis
16,10,14,161014,Rambang Kuang
16,10,15,161015,Lubuk Keliat
16,10,16,161016,Payaraman
16,11,01,161101,Muara Pinang
16,11,02,161102,Pendopo
16,11,03,161103,Ulu Musi
16,11,04,161104,Tebing Tinggi
16,11,05,161105,Lintang Kanan
16,11,06,161106,Talang Padang
16,11,07,161107,Pasemah Air Keruh
16,11,08,161108,Sikap Dalam
16,11,09,161109,Saling
16,11,10,161110,Pendopo Barat
16,12,01,161201,Talang Ubi
16,12,02,161202,Penukal Utara
16,12,03,161203,Penukal
16,12,04,161204,Abab
16,12,05,161205,Tanah Abang
16,13,01,161301,Rupit
16,13,02,161302,Rawas Ulu
16,13,03,161303,Nibung
16,13,04,161304,Rawas Ilir
16,13,05,161305,Karang Dapo
16,13,06,161306,Karang Jaya
16,13,07,161307,Ulu Rawas
16,71,01,167101,Ilir Barat Dua (Ilir Barat II)
16,71,02,167102,Seberang Ulu Satu (Seberang Ulu I)
16,71,03,167103,Seberang Ulu Dua (Seberang Ulu II)
16,71,04,167104,Ilir Barat Satu (Ilir Barat I)
16,71,05,167105,Ilir Timur Satu (Ilir Timur I)
16,71,06,167106,Ilir Timur Dua (Ilir Timur II)
16,71,07,167107,Sukarami
16,71,08,167108,Sako
16,71,09,167109,Kemuning
16,71,10,167110,Kalidoni
16,71,11,167111,Bukitkecil (Bukit Kecil)
16,71,12,167112,Gandus
16,71,13,167113,Kertapati
16,71,14,167114,Plaju
16,71,15,167115,Alang Alang Lebar
16,71,16,167116,Sematangborang (Sematang Borang)
16,71,17,167117,Jakabaring
16,71,18,167118,Ilir Timur Tiga
16,72,01,167201,Pagar Alam Utara
16,72,02,167202,Pagar Alam Selatan
16,72,03,167203,Dempo Utara
16,72,04,167204,Dempo Selatan
16,72,05,167205,Dempo Tengah
16,73,01,167301,Lubuk Linggau Timur Satu (I)
16,73,02,167302,Lubuk Linggau Barat Satu (I)
16,73,03,167303,Lubuk Linggau Selatan Satu (I)
16,73,04,167304,Lubuk Linggau Utara Satu (I)
16,73,05,167305,Lubuk Linggau Timur Dua (II)
16,73,06,167306,Lubuk Linggau Barat Dua (II)
16,73,07,167307,Lubuk Linggau Selatan Dua (II)
16,73,08,167308,Lubuk Linggau Utara Dua (II)
16,74,01,167401,Prabumulih Barat
16,74,02,167402,Prabumulih Timur
16,74,03,167403,Cambai
16,74,04,167404,Rambang Kapak Tengah
16,74,05,167405,Prabumulih Utara
16,74,06,167406,Prabumulih Selatan
17,01,01,170101,Kedurang
17,01,02,170102,Seginim
17,01,03,170103,Pino
17,01,04,170104,Manna
17,01,05,170105,Kota Manna
17,01,06,170106,Pino Raya (Pinoraya)
17,01,07,170107,Kedurang Ilir
17,01,08,170108,Air Nipis
17,01,09,170109,Ulu Manna
17,01,10,170110,Bunga Mas
17,01,11,170111,Pasar Manna
17,02,06,170206,Kota Padang
17,02,07,170207,Padang Ulak Tanding
17,02,08,170208,Sindang Kelingi
17,02,09,170209,Curup
17,02,10,170210,Bermani Ulu
17,02,11,170211,Selupu Rejang
17,02,16,170216,Curup Utara
17,02,17,170217,Curup Timur
17,02,18,170218,Curup Selatan
17,02,19,170219,Curup Tengah
17,02,20,170220,Binduriang
17,02,21,170221,Sindang Beliti Ulu
17,02,22,170222,Sindang Dataran (Sindang Daratan)
17,02,23,170223,Sindang Beliti Ilir
17,02,24,170224,Bermani Ulu Raya
17,03,01,170301,Enggano
17,03,06,170306,Kerkap
17,03,07,170307,Kota Arga Makmur
17,03,08,170308,Giri Mulia (Giri Mulya)
17,03,09,170309,Padang Jaya
17,03,10,170310,Lais
17,03,11,170311,Batik Nau
17,03,12,170312,Ketahun
17,03,13,170313,Napal Putih
17,03,14,170314,Putri Hijau
17,03,15,170315,Air Besi
17,03,16,170316,Air Napal
17,03,19,170319,Hulu Palik
17,03,20,170320,Air Padang
17,03,21,170321,Arma Jaya
17,03,22,170322,Tanjung Agung Palik
17,03,23,170323,Ulok Kupai
17,03,24,170324,Pinang Raya
17,03,25,170325,Marga Sakti Sebelat (Marga Sakti)
17,04,01,170401,Kinal
17,04,02,170402,Tanjung Kemuning
17,04,03,170403,Kaur Utara
17,04,04,170404,Kaur Tengah
17,04,05,170405,Kaur Selatan
17,04,06,170406,Maje
17,04,07,170407,Nasal
17,04,08,170408,Semidang Gumay / Gumai
17,04,09,170409,Kelam Tengah
17,04,10,170410,Luas
17,04,11,170411,Muara Sahung
17,04,12,170412,Tetap (Muara Tetap)
17,04,13,170413,Lungkang Kule
17,04,14,170414,Padang Guci Hilir
17,04,15,170415,Padang Guci Hulu
17,05,01,170501,Sukaraja
17,05,02,170502,Seluma
17,05,03,170503,Talo
17,05,04,170504,Semidang Alas
17,05,05,170505,Semidang Alas Maras
17,05,06,170506,Air Periukan
17,05,07,170507,Lubuk Sandi
17,05,08,170508,Seluma Barat
17,05,09,170509,Seluma Timur
17,05,10,170510,Seluma Utara
17,05,11,170511,Seluma Selatan
17,05,12,170512,Talo Kecil
17,05,13,170513,Ulu Talo
17,05,14,170514,Ilir Talo
17,06,01,170601,Lubuk Pinang
17,06,02,170602,Kota Mukomuko (Mukomuko Utara)
17,06,03,170603,Teras Terunjam
17,06,04,170604,Pondok Suguh
17,06,05,170605,Ipuh (Muko Muko Selatan)
17,06,06,170606,Malin Deman
17,06,07,170607,Air Rami
17,06,08,170608,Teramang Jaya
17,06,09,170609,Selagan Raya
17,06,10,170610,Penarik
17,06,11,170611,XIV Koto
17,06,12,170612,V Koto
17,06,13,170613,Air Majunto
17,06,14,170614,Air Dikit
17,06,15,170615,Sungai Rumbai
17,07,01,170701,Lebong Utara
17,07,02,170702,Lebong Atas
17,07,03,170703,Lebong Tengah
17,07,04,170704,Lebong Selatan
17,07,05,170705,Rimbo Pengadang
17,07,06,170706,Topos
17,07,07,170707,Bingin Kuning
17,07,08,170708,Lebong Sakti
17,07,09,170709,Tubei (Pelabai)
17,07,10,170710,Amen
17,07,11,170711,Uram Jaya
17,07,12,170712,Pinang Belapis
17,08,01,170801,Bermani Ilir
17,08,02,170802,Ujan Mas
17,08,03,170803,Tebat Karai
17,08,04,170804,Kepahiang
17,08,05,170805,Merigi
17,08,06,170806,Kebawetan
17,08,07,170807,Seberang Musi
17,08,08,170808,Muara Kemumu
17,09,01,170901,Karang Tinggi
17,09,02,170902,Talang Empat
17,09,03,170903,Pondok Kelapa
17,09,04,170904,Pematang Tiga
17,09,05,170905,Pagar Jati
17,09,06,170906,Taba Penanjung
17,09,07,170907,Merigi Kelindang
17,09,08,170908,Merigi Sakti
17,09,09,170909,Pondok Kubang
17,09,10,170910,Bang Haji
17,09,11,170911,Semidang Lagan
17,71,01,177101,Selebar
17,71,02,177102,Gading Cempaka
17,71,03,177103,Teluk Segara
17,71,04,177104,Muara Bangka Hulu
17,71,05,177105,Kampung Melayu
17,71,06,177106,Ratu Agung
17,71,07,177107,Ratu Samban
17,71,08,177108,Sungai Serut
17,71,09,177109,Singaran Pati
18,01,04,180104,Natar
18,01,05,180105,Tanjung Bintang
18,01,06,180106,Kalianda
18,01,07,180107,Sidomulyo
18,01,08,180108,Katibung
18,01,09,180109,Penengahan
18,01,10,180110,Palas
18,01,13,180113,Jati Agung
18,01,14,180114,Ketapang
18,01,15,180115,Sragi
18,01,16,180116,Raja Basa (Rajabasa)
18,01,17,180117,Candipuro
18,01,18,180118,Merbau Mataram
18,01,21,180121,Bakauheni
18,01,22,180122,Tanjung Sari
18,01,23,180123,Way Sulan
18,01,24,180124,Way Panji
18,02,01,180201,Kalirejo
18,02,02,180202,Bangun Rejo
18,02,03,180203,Padang Ratu
18,02,04,180204,Gunung Sugih
18,02,05,180205,Trimurjo
18,02,06,180206,Punggur
18,02,07,180207,Terbanggi Besar
18,02,08,180208,Seputih Raman
18,02,09,180209,Rumbia
18,02,10,180210,Seputih Banyak
18,02,11,180211,Seputih Mataram
18,02,12,180212,Seputih Surabaya
18,02,13,180213,Terusan Nunyai
18,02,14,180214,Bumi Ratu Nuban
18,02,15,180215,Bekri
18,02,16,180216,Seputih Agung
18,02,17,180217,Way Pangubuan
18,02,18,180218,Bandar Mataram
18,02,19,180219,Pubian
18,02,20,180220,Selagai Lingga
18,02,21,180221,Anak Tuha
18,02,22,180222,Sendang Agung
18,02,23,180223,Kota Gajah
18,02,24,180224,Bumi Nabung
18,02,25,180225,Way Seputih
18,02,26,180226,Bandar Surabaya
18,02,27,180227,Anak Ratu Aji
18,02,28,180228,Putra Rumbia
18,03,01,180301,Bukit Kemuning
18,03,02,180302,Kotabumi
18,03,03,180303,Sungkai Selatan
18,03,04,180304,Tanjung Raja
18,03,05,180305,Abung Timur
18,03,06,180306,Abung Barat
18,03,07,180307,Abung Selatan
18,03,08,180308,Sungkai Utara
18,03,09,180309,Kotabumi Utara
18,03,10,180310,Kotabumi Selatan
18,03,11,180311,Abung Tengah
18,03,12,180312,Abung Tinggi
18,03,13,180313,Abung Semuli
18,03,14,180314,Abung Surakarta
18,03,15,180315,Muara Sungkai
18,03,16,180316,Bunga Mayang
18,03,17,180317,Hulu Sungkai
18,03,18,180318,Sungkai Tengah
18,03,19,180319,Abung Pekurun
18,03,20,180320,Sungkai Jaya
18,03,21,180321,Sungkai Barat
18,03,22,180322,Abung Kunang
18,03,23,180323,Blambangan Pagar
18,04,04,180404,Balik Bukit
18,04,05,180405,Sumber Jaya
18,04,06,180406,Belalau
18,04,07,180407,Way Tenong
18,04,08,180408,Sekincau
18,04,09,180409,Suoh
18,04,10,180410,Batu Brak
18,04,11,180411,Sukau
18,04,15,180415,Gedung Surian
18,04,18,180418,Kebun Tebu
18,04,19,180419,Air Hitam
18,04,20,180420,Pagar Dewa
18,04,21,180421,Batu Ketulis
18,04,22,180422,Lumbok Seminung
18,04,23,180423,Bandar Negeri Suoh
18,05,02,180502,Menggala
18,05,06,180506,Gedung Aji
18,05,08,180508,Banjar Agung
18,05,11,180511,Gedung Meneng
18,05,12,180512,Rawa Jitu Selatan (Rawajitu Selatan)
18,05,13,180513,Penawar Tama
18,05,18,180518,Rawa Jitu Timur (Rawajitu Timur)
18,05,20,180520,Banjar Margo
18,05,22,180522,Rawa Pitu
18,05,23,180523,Penawar Aji
18,05,25,180525,Dente Teladas
18,05,26,180526,Meraksa Aji
18,05,27,180527,Gedung Aji Baru
18,05,29,180529,Banjar Baru
18,05,30,180530,Menggala Timur
18,06,01,180601,Kota Agung (Kota Agung Pusat)
18,06,02,180602,Talang Padang
18,06,03,180603,Wonosobo
18,06,04,180604,Pulau Panggung
18,06,09,180609,Cukuh Balak
18,06,11,180611,Pugung
18,06,12,180612,Semaka
18,06,13,180613,Sumberejo (Sumber Rejo)
18,06,15,180615,Ulu Belu (Ulubelu)
18,06,16,180616,Pematang Sawa
18,06,17,180617,Kelumbayan (Klumbayan)
18,06,18,180618,Kota Agung Barat
18,06,19,180619,Kota Agung Timur
18,06,20,180620,Gisting
18,06,21,180621,Gunung Alip
18,06,24,180624,Limau
18,06,25,180625,Bandar Negeri Semuong
18,06,26,180626,Air Naningan
18,06,27,180627,Bulok
18,06,28,180628,Kelumbayan Barat (Klumbayan Barat)
18,07,01,180701,Sukadana
18,07,02,180702,Labuhan Maringgai
18,07,03,180703,Jabung
18,07,04,180704,Pekalongan
18,07,05,180705,Sekampung
18,07,06,180706,Batanghari
18,07,07,180707,Way Jepara
18,07,08,180708,Purbolinggo
18,07,09,180709,Raman Utara
18,07,10,180710,Metro Kibang
18,07,11,180711,Marga Tiga (Margatiga)
18,07,12,180712,Sekampung Udik
18,07,13,180713,Batanghari Nuban
18,07,14,180714,Bumi Agung
18,07,15,180715,Bandar Sribhawono (Bandar Sribawono)
18,07,16,180716,Mataram Baru
18,07,17,180717,Melinting
18,07,18,180718,Gunung Pelindung
18,07,19,180719,Pasir Sakti
18,07,20,180720,Waway Karya
18,07,21,180721,Labuhan Ratu
18,07,22,180722,Braja Selebah (Braja Slebah)
18,07,23,180723,Way Bungur
18,07,24,180724,Marga Sekampung
18,08,01,180801,Blambangan Umpu
18,08,02,180802,Kasui
18,08,03,180803,Banjit
18,08,04,180804,Baradatu
18,08,05,180805,Bahuga
18,08,06,180806,Pakuan Ratu
18,08,07,180807,Negeri Agung
18,08,08,180808,Way Tuba
18,08,09,180809,Rebang Tangkas
18,08,10,180810,Gunung Labuhan
18,08,11,180811,Negara Batin
18,08,12,180812,Negeri Besar
18,08,13,180813,Buay Bahuga
18,08,14,180814,Bumi Agung
18,08,15,180815,Umpu Semenguk
18,09,01,180901,Gedong Tataan
18,09,02,180902,Negeri Katon
18,09,03,180903,Tegineneng
18,09,04,180904,Way Lima
18,09,05,180905,Padang Cermin
18,09,06,180906,Punduh Pidada
18,09,07,180907,Kedondong
18,09,08,180908,Marga Punduh
18,09,09,180909,Way Khilau
18,09,10,180910,Teluk Pandan
18,09,11,180911,Way Ratai
18,10,01,181001,Pringsewu
18,10,02,181002,Gading Rejo
18,10,03,181003,Ambarawa
18,10,04,181004,Pardasuka
18,10,05,181005,Pagelaran
18,10,06,181006,Banyumas
18,10,07,181007,Adiluwih (Adi Luwih)
18,10,08,181008,Sukoharjo
18,10,09,181009,Pagelaran Utara
18,11,01,181101,Mesuji
18,11,02,181102,Mesuji Timur
18,11,03,181103,Rawa Jitu Utara
18,11,04,181104,Way Serdang
18,11,05,181105,Simpang Pematang
18,11,06,181106,Panca Jaya
18,11,07,181107,Tanjung Raya
18,12,01,181201,Tulang Bawang Tengah
18,12,02,181202,Tumijajar
18,12,03,181203,Tulang Bawang Udik
18,12,04,181204,Gunung Terang
18,12,05,181205,Gunung Agung
18,12,06,181206,Way Kenanga
18,12,07,181207,Lambu Kibang
18,12,08,181208,Pagar Dewa
18,12,09,181209,Batu Putih
18,13,01,181301,Pesisir Tengah
18,13,02,181302,Pesisir Selatan
18,13,03,181303,Lemong
18,13,04,181304,Pesisir Utara
18,13,05,181305,Karya Penggawa
18,13,06,181306,Pulau Pisang (Pulaupisang)
18,13,07,181307,Way Krui
18,13,08,181308,Krui Selatan
18,13,09,181309,Ngambur
18,13,10,181310,Ngaras (Bengkunat Belimbing)
18,13,11,181311,Bangkunat (Bengkunat)
18,71,01,187101,Kedaton
18,71,02,187102,Sukarame
18,71,03,187103,Tanjungkarang Barat (Tanjung Karang Barat)
18,71,04,187104,Panjang
18,71,05,187105,Tanjungkarang Timur (Tanjung Karang Timur)
18,71,06,187106,Tanjungkarang Pusat (Tanjung Karang Pusat)
18,71,07,187107,Telukbetung Selatan
18,71,08,187108,Telukbetung Barat
18,71,09,187109,Telukbetung Utara
18,71,10,187110,Rajabasa
18,71,11,187111,Tanjung Senang
18,71,12,187112,Sukabumi
18,71,13,187113,Kemiling
18,71,14,187114,Labuhan Ratu
18,71,15,187115,Way Halim
18,71,16,187116,Langkapura
18,71,17,187117,Enggal
18,71,18,187118,Kedamaian
18,71,19,187119,Telukbetung Timur
18,71,20,187120,Bumi Waras
18,72,01,187201,Metro Pusat
18,72,02,187202,Metro Utara
18,72,03,187203,Metro Barat
18,72,04,187204,Metro Timur
18,72,05,187205,Metro Selatan
19,01,01,190101,Sungailiat (Sungai Liat)
19,01,02,190102,Belinyu
19,01,03,190103,Merawang
19,01,04,190104,Mendo Barat
19,01,05,190105,Pemali
19,01,06,190106,Bakam
19,01,07,190107,Riau Silip
19,01,08,190108,Puding Besar
19,02,01,190201,Tanjung Pandan
19,02,02,190202,Membalong
19,02,03,190203,Selat Nasik
19,02,04,190204,Sijuk
19,02,05,190205,Badau
19,03,01,190301,Toboali
19,03,02,190302,Lepar (Lepar Pongok)
19,03,03,190303,Airgegas (Air Gegas)
19,03,04,190304,Simpang Rimba
19,03,05,190305,Payung
19,03,06,190306,Tukak Sadai
19,03,07,190307,Pulau Besar (Pulaubesar)
19,03,08,190308,Kepulauan Pongok
19,04,01,190401,Koba
19,04,02,190402,Pangkalan Baru
19,04,03,190403,Sungai Selan
19,04,04,190404,Simpang Katis
19,04,05,190405,Namang
19,04,06,190406,Lubuk Besar
19,05,01,190501,Mentok (Muntok)
19,05,02,190502,Simpang Teritip
19,05,03,190503,Jebus
19,05,04,190504,Kelapa
19,05,05,190505,Tempilang
19,05,06,190506,Parittiga
19,06,01,190601,Manggar
19,06,02,190602,Gantung
19,06,03,190603,Dendang
19,06,04,190604,Kelapa Kampit
19,06,05,190605,Damar
19,06,06,190606,Simpang Renggiang
19,06,07,190607,Simpang Pesak
19,71,01,197101,Bukit Intan (Bukitintan)
19,71,02,197102,Taman Sari
19,71,03,197103,Pangkal Balam
19,71,04,197104,Rangkui
19,71,05,197105,Gerunggang
19,71,06,197106,Gabek
19,71,07,197107,Girimaya
21,01,04,210104,Gunung Kijang
21,01,06,210106,Bintan Timur
21,01,07,210107,Bintan Utara
21,01,08,210108,Teluk Bintan
21,01,09,210109,Tambelan
21,01,10,210110,Telok Sebong (Teluk Sebong)
21,01,12,210112,Toapaya
21,01,13,210113,Mantang
21,01,14,210114,Bintan Pesisir
21,01,15,210115,Seri Kuala Lobam (Sri)
21,02,01,210201,Moro
21,02,02,210202,Kundur
21,02,03,210203,Karimun
21,02,04,210204,Meral
21,02,05,210205,Tebing
21,02,06,210206,Buru
21,02,07,210207,Kundur Utara
21,02,08,210208,Kundur Barat
21,02,09,210209,Durai
21,02,10,210210,Meral Barat
21,02,11,210211,Ungar
21,02,12,210212,Belat
21,02,13,210213,Selat Gelam
21,02,14,210214,Sugie Besar
21,03,04,210304,Midai
21,03,05,210305,Bunguran Barat
21,03,06,210306,Serasan
21,03,07,210307,Bunguran Timur
21,03,08,210308,Bunguran Utara
21,03,09,210309,Subi
21,03,10,210310,Pulau Laut
21,03,11,210311,Pulau Tiga
21,03,15,210315,Bunguran Timur Laut
21,03,16,210316,Bunguran Tengah
21,03,18,210318,Bunguran Selatan
21,03,19,210319,Serasan Timur
21,03,20,210320,Bunguran Batubi
21,03,21,210321,Pulau Tiga Barat
21,03,22,210322,Suak Midai
21,03,23,210323,Pulau Panjang
21,03,24,210324,Pulau Seluan
21,04,01,210401,Singkep
21,04,02,210402,Lingga
21,04,03,210403,Senayang
21,04,04,210404,Singkep Barat
21,04,05,210405,Lingga Utara
21,04,06,210406,Singkep Pesisir
21,04,07,210407,Lingga Timur
21,04,08,210408,Selayar
21,04,09,210409,Singkep Selatan
21,04,10,210410,Kepulauan Posek
21,04,11,210411,Katang Bidare
21,04,12,210412,Temiang Pesisir
21,04,13,210413,Bakung Serumpun
21,05,01,210501,Siantan
21,05,02,210502,Palmatak
21,05,03,210503,Siantan Timur
21,05,04,210504,Siantan Selatan
21,05,05,210505,Jemaja Timur
21,05,06,210506,Jemaja
21,05,07,210507,Siantan Tengah
21,05,08,210508,Siantan Utara
21,05,09,210509,Jemaja Barat
21,05,10,210510,Kute Siantan
21,71,01,217101,Belakang Padang
21,71,02,217102,Batu Ampar
21,71,03,217103,Sekupang
21,71,04,217104,Nongsa
21,71,05,217105,Bulang
21,71,06,217106,Lubuk Baja
21,71,07,217107,Sei Beduk (Sungai Beduk)
21,71,08,217108,Galang
21,71,09,217109,Bengkong
21,71,10,217110,Batam Kota
21,71,11,217111,Sagulung
21,71,12,217112,Batu Aji
21,72,01,217201,Tanjung Pinang Barat
21,72,02,217202,Tanjung Pinang Timur
21,72,03,217203,Tanjung Pinang Kota
21,72,04,217204,Bukit Bestari
31,01,01,310101,Kepulauan Seribu Utara
31,01,02,310102,Kepulauan Seribu Selatan
31,71,01,317101,Gambir
31,71,02,317102,Sawah Besar
31,71,03,317103,Kemayoran
31,71,04,317104,Senen
31,71,05,317105,Cempaka Putih
31,71,06,317106,Menteng
31,71,07,317107,Tanah Abang
31,71,08,317108,Johar Baru
31,72,01,317201,Penjaringan
31,72,02,317202,Tanjung Priok
31,72,03,317203,Koja
31,72,04,317204,Cilincing
31,72,05,317205,Pademangan
31,72,06,317206,Kelapa Gading
31,73,01,317301,Cengkareng
31,73,02,317302,Grogol Petamburan
31,73,03,317303,Taman Sari
31,73,04,317304,Tambora
31,73,05,317305,Kebon Jeruk
31,73,06,317306,Kalideres
31,73,07,317307,Pal Merah (Palmerah)
31,73,08,317308,Kembangan
31,74,01,317401,Tebet
31,74,02,317402,Setiabudi (Setia Budi)
31,74,03,317403,Mampang Prapatan
31,74,04,317404,Pasar Minggu
31,74,05,317405,Kebayoran Lama
31,74,06,317406,Cilandak
31,74,07,317407,Kebayoran Baru
31,74,08,317408,Pancoran
31,74,09,317409,Jagakarsa
31,74,10,317410,Pesanggrahan
31,75,01,317501,Matraman
31,75,02,317502,Pulogadung (Pulo Gadung)
31,75,03,317503,Jatinegara
31,75,04,317504,Kramatjati (Kramat Jati)
31,75,05,317505,Pasar Rebo
31,75,06,317506,Cakung
31,75,07,317507,Duren Sawit
31,75,08,317508,Makasar
31,75,09,317509,Ciracas
31,75,10,317510,Cipayung
32,01,01,320101,Cibinong
32,01,02,320102,Gunung Putri
32,01,03,320103,Citeureup
32,01,04,320104,Sukaraja
32,01,05,320105,Babakan Madang
32,01,06,320106,Jonggol
32,01,07,320107,Cileungsi
32,01,08,320108,Cariu
32,01,09,320109,Sukamakmur
32,01,10,320110,Parung
32,01,11,320111,Gunung Sindur
32,01,12,320112,Kemang
32,01,13,320113,Bojong Gede (Bojonggede)
32,01,14,320114,Leuwiliang
32,01,15,320115,Ciampea
32,01,16,320116,Cibungbulang
32,01,17,320117,Pamijahan
32,01,18,320118,Rumpin
32,01,19,320119,Jasinga
32,01,20,320120,Parung Panjang
32,01,21,320121,Nanggung
32,01,22,320122,Cigudeg
32,01,23,320123,Tenjo
32,01,24,320124,Ciawi
32,01,25,320125,Cisarua
32,01,26,320126,Megamendung
32,01,27,320127,Caringin
32,01,28,320128,Cijeruk
32,01,29,320129,Ciomas
32,01,30,320130,Dramaga
32,01,31,320131,Tamansari
32,01,32,320132,Klapanunggal
32,01,33,320133,Ciseeng
32,01,34,320134,Ranca Bungur
32,01,35,320135,Sukajaya
32,01,36,320136,Tanjungsari
32,01,37,320137,Tajurhalang
32,01,38,320138,Cigombong
32,01,39,320139,Leuwisadeng
32,01,40,320140,Tenjolaya
32,02,01,320201,Palabuhanratu (Pelabuhanratu)
32,02,02,320202,Simpenan
32,02,03,320203,Cikakak
32,02,04,320204,Bantargadung
32,02,05,320205,Cisolok
32,02,06,320206,Cikidang
32,02,07,320207,Lengkong
32,02,08,320208,Jampangtengah (Jampang Tengah)
32,02,09,320209,Warungkiara
32,02,10,320210,Cikembar
32,02,11,320211,Cibadak
32,02,12,320212,Nagrak
32,02,13,320213,Parungkuda (Parung Kuda)
32,02,14,320214,Bojonggenteng (Bojong Genteng)
32,02,15,320215,Parakansalak (Parakan Salak)
32,02,16,320216,Cicurug
32,02,17,320217,Cidahu
32,02,18,320218,Kalapanunggal (Kalapa Nunggal)
32,02,19,320219,Kabandungan
32,02,20,320220,Waluran
32,02,21,320221,Jampangkulon (Jampang Kulon)
32,02,22,320222,Ciemas
32,02,23,320223,Kalibunder
32,02,24,320224,Surade
32,02,25,320225,Cibitung
32,02,26,320226,Ciracap
32,02,27,320227,Gunungguruh
32,02,28,320228,Cicantayan
32,02,29,320229,Cisaat
32,02,30,320230,Kadudampit
32,02,31,320231,Caringin
32,02,32,320232,Sukabumi
32,02,33,320233,Sukaraja
32,02,34,320234,Kebonpedes
32,02,35,320235,Cireunghas
32,02,36,320236,Sukalarang
32,02,37,320237,Pabuaran
32,02,38,320238,Purabaya
32,02,39,320239,Nyalindung
32,02,40,320240,Gegerbitung (Geger Bitung)
32,02,41,320241,Sagaranten
32,02,42,320242,Curugkembar
32,02,43,320243,Cidolog
32,02,44,320244,Cidadap
32,02,45,320245,Tegalbuleud
32,02,46,320246,Cimanggu
32,02,47,320247,Ciambar
32,03,01,320301,Cianjur
32,03,02,320302,Warungkondang
32,03,03,320303,Cibeber
32,03,04,320304,Cilaku
32,03,05,320305,Ciranjang
32,03,06,320306,Bojongpicung
32,03,07,320307,Karangtengah
32,03,08,320308,Mande
32,03,09,320309,Sukaluyu
32,03,10,320310,Pacet
32,03,11,320311,Cugenang
32,03,12,320312,Cikalongkulon
32,03,13,320313,Sukaresmi
32,03,14,320314,Sukanagara
32,03,15,320315,Campaka
32,03,16,320316,Takokak
32,03,17,320317,Kadupandak
32,03,18,320318,Pagelaran
32,03,19,320319,Tanggeung
32,03,20,320320,Cibinong
32,03,21,320321,Sindangbarang
32,03,22,320322,Agrabinta
32,03,23,320323,Cidaun
32,03,24,320324,Naringgul
32,03,25,320325,Campakamulya (Campaka Mulya)
32,03,26,320326,Cikadu
32,03,27,320327,Gekbrong
32,03,28,320328,Cipanas
32,03,29,320329,Cijati
32,03,30,320330,Leles
32,03,31,320331,Haurwangi
32,03,32,320332,Pasirkuda
32,04,05,320405,Cileunyi
32,04,06,320406,Cimenyan (Cimeunyan)
32,04,07,320407,Cilengkrang
32,04,08,320408,Bojongsoang
32,04,09,320409,Margahayu
32,04,10,320410,Margaasih
32,04,11,320411,Katapang
32,04,12,320412,Dayeuhkolot
32,04,13,320413,Banjaran
32,04,14,320414,Pameungpeuk
32,04,15,320415,Pangalengan
32,04,16,320416,Arjasari
32,04,17,320417,Cimaung
32,04,25,320425,Cicalengka
32,04,26,320426,Nagreg
32,04,27,320427,Cikancung
32,04,28,320428,Rancaekek
32,04,29,320429,Ciparay
32,04,30,320430,Pacet
32,04,31,320431,Kertasari
32,04,32,320432,Baleendah
32,04,33,320433,Majalaya
32,04,34,320434,Solokanjeruk (Solokan Jeruk)
32,04,35,320435,Paseh
32,04,36,320436,Ibun
32,04,37,320437,Soreang
32,04,38,320438,Pasirjambu
32,04,39,320439,Ciwidey
32,04,40,320440,Rancabali (Ranca Bali)
32,04,44,320444,Cangkuang
32,04,46,320446,Kutawaringin
32,05,01,320501,Garut Kota
32,05,02,320502,Karangpawitan
32,05,03,320503,Wanaraja
32,05,04,320504,Tarogong Kaler
32,05,05,320505,Tarogong Kidul
32,05,06,320506,Banyuresmi
32,05,07,320507,Samarang
32,05,08,320508,Pasirwangi
32,05,09,320509,Leles
32,05,10,320510,Kadungora
32,05,11,320511,Leuwigoong
32,05,12,320512,Cibatu
32,05,13,320513,Kersamanah
32,05,14,320514,Malangbong
32,05,15,320515,Sukawening
32,05,16,320516,Karangtengah
32,05,17,320517,Bayongbong
32,05,18,320518,Cigedug
32,05,19,320519,Cilawu
32,05,20,320520,Cisurupan
32,05,21,320521,Sukaresmi
32,05,22,320522,Cikajang
32,05,23,320523,Banjarwangi
32,05,24,320524,Singajaya
32,05,25,320525,Cihurip
32,05,26,320526,Peundeuy
32,05,27,320527,Pameungpeuk
32,05,28,320528,Cisompet
32,05,29,320529,Cibalong
32,05,30,320530,Cikelet
32,05,31,320531,Bungbulang
32,05,32,320532,Mekarmukti
32,05,33,320533,Pakenjeng
32,05,34,320534,Pamulihan
32,05,35,320535,Cisewu
32,05,36,320536,Caringin
32,05,37,320537,Talegong
32,05,38,320538,Bl. Limbangan (Blubur Limbangan)
32,05,39,320539,Selaawi
32,05,40,320540,Cibiuk
32,05,41,320541,Pangatikan
32,05,42,320542,Sucinaraja
32,06,01,320601,Cipatujah
32,06,02,320602,Karangnunggal
32,06,03,320603,Cikalong
32,06,04,320604,Pancatengah
32,06,05,320605,Cikatomas
32,06,06,320606,Cibalong
32,06,07,320607,Parungponteng
32,06,08,320608,Bantarkalong
32,06,09,320609,Bojongasih
32,06,10,320610,Culamega
32,06,11,320611,Bojonggambir
32,06,12,320612,Sodonghilir
32,06,13,320613,Taraju
32,06,14,320614,Salawu
32,06,15,320615,Puspahiang
32,06,16,320616,Tanjungjaya
32,06,17,320617,Sukaraja
32,06,18,320618,Salopa
32,06,19,320619,Jatiwaras
32,06,20,320620,Cineam
32,06,21,320621,Karangjaya (Karang Jaya)
32,06,22,320622,Manonjaya
32,06,23,320623,Gunungtanjung (Gunung Tanjung)
32,06,24,320624,Singaparna
32,06,25,320625,Mangunreja
32,06,26,320626,Sukarame
32,06,27,320627,Cigalontang
32,06,28,320628,Leuwisari
32,06,29,320629,Padakembang
32,06,30,320630,Sariwangi
32,06,31,320631,Sukaratu
32,06,32,320632,Cisayong
32,06,33,320633,Sukahening
32,06,34,320634,Rajapolah
32,06,35,320635,Jamanis
32,06,36,320636,Ciawi
32,06,37,320637,Kadipaten
32,06,38,320638,Pagerageung
32,06,39,320639,Sukaresik
32,07,01,320701,Ciamis
32,07,02,320702,Cikoneng
32,07,03,320703,Cijeungjing
32,07,04,320704,Sadananya
32,07,05,320705,Cidolog
32,07,06,320706,Cihaurbeuti
32,07,07,320707,Panumbangan
32,07,08,320708,Panjalu
32,07,09,320709,Kawali
32,07,10,320710,Panawangan
32,07,11,320711,Cipaku
32,07,12,320712,Jatinagara
32,07,13,320713,Rajadesa
32,07,14,320714,Sukadana
32,07,15,320715,Rancah
32,07,16,320716,Tambaksari
32,07,17,320717,Lakbok
32,07,18,320718,Banjarsari
32,07,19,320719,Pamarican
32,07,29,320729,Cimaragas
32,07,30,320730,Cisaga
32,07,31,320731,Sindangkasih
32,07,32,320732,Baregbeg
32,07,33,320733,Sukamantri
32,07,34,320734,Lumbung
32,07,35,320735,Purwadadi
32,07,37,320737,Banjaranyar
32,08,01,320801,Kadugede
32,08,02,320802,Ciniru
32,08,03,320803,Subang
32,08,04,320804,Ciwaru
32,08,05,320805,Cibingbin
32,08,06,320806,Luragung
32,08,07,320807,Lebakwangi
32,08,08,320808,Garawangi
32,08,09,320809,Kuningan
32,08,10,320810,Ciawigebang
32,08,11,320811,Cidahu
32,08,12,320812,Jalaksana
32,08,13,320813,Cilimus
32,08,14,320814,Mandirancan
32,08,15,320815,Selajambe
32,08,16,320816,Kramatmulya (Kramat Mulya)
32,08,17,320817,Darma
32,08,18,320818,Cigugur
32,08,19,320819,Pasawahan
32,08,20,320820,Nusaherang
32,08,21,320821,Cipicung
32,08,22,320822,Pancalang
32,08,23,320823,Japara
32,08,24,320824,Cimahi
32,08,25,320825,Cilebak
32,08,26,320826,Hantara
32,08,27,320827,Kalimanggis
32,08,28,320828,Cibeureum
32,08,29,320829,Karang Kancana (Karangkancana)
32,08,30,320830,Maleber
32,08,31,320831,Sindangagung (Sindang Agung)
32,08,32,320832,Cigandamekar
32,09,01,320901,Waled
32,09,02,320902,Ciledug
32,09,03,320903,Losari
32,09,04,320904,Pabedilan
32,09,05,320905,Babakan
32,09,06,320906,Karangsembung
32,09,07,320907,Lemahabang
32,09,08,320908,Susukan Lebak
32,09,09,320909,Sedong
32,09,10,320910,Astanajapura
32,09,11,320911,Pangenan
32,09,12,320912,Mundu
32,09,13,320913,Beber
32,09,14,320914,Talun (Cirebon Selatan)
32,09,15,320915,Sumber
32,09,16,320916,Dukupuntang
32,09,17,320917,Palimanan
32,09,18,320918,Plumbon
32,09,19,320919,Weru
32,09,20,320920,Kedawung
32,09,21,320921,Gunung Jati (Cirebon Utara)
32,09,22,320922,Kapetakan
32,09,23,320923,Klangenan
32,09,24,320924,Arjawinangun
32,09,25,320925,Panguragan
32,09,26,320926,Ciwaringin
32,09,27,320927,Susukan
32,09,28,320928,Gegesik
32,09,29,320929,Kaliwedi
32,09,30,320930,Gebang
32,09,31,320931,Depok
32,09,32,320932,Pasaleman
32,09,33,320933,Pabuaran
32,09,34,320934,Karangwareng
32,09,35,320935,Tengah Tani
32,09,36,320936,Plered
32,09,37,320937,Gempol
32,09,38,320938,Greged (Greget)
32,09,39,320939,Suranenggala
32,09,40,320940,Jamblang
32,10,01,321001,Lemahsugih
32,10,02,321002,Bantarujeg
32,10,03,321003,Cikijing
32,10,04,321004,Talaga
32,10,05,321005,Argapura
32,10,06,321006,Maja
32,10,07,321007,Majalengka
32,10,08,321008,Sukahaji
32,10,09,321009,Rajagaluh
32,10,10,321010,Leuwimunding
32,10,11,321011,Jatiwangi
32,10,12,321012,Dawuan
32,10,13,321013,Kadipaten
32,10,14,321014,Kertajati
32,10,15,321015,Jatitujuh
32,10,16,321016,Ligung
32,10,17,321017,Sumberjaya
32,10,18,321018,Panyingkiran
32,10,19,321019,Palasah
32,10,20,321020,Cigasong
32,10,21,321021,Sindangwangi
32,10,22,321022,Banjaran
32,10,23,321023,Cingambul
32,10,24,321024,Kasokandel
32,10,25,321025,Sindang
32,10,26,321026,Malausma
32,11,01,321101,Wado
32,11,02,321102,Jatinunggal
32,11,03,321103,Darmaraja
32,11,04,321104,Cibugel
32,11,05,321105,Cisitu
32,11,06,321106,Situraja
32,11,07,321107,Conggeang
32,11,08,321108,Paseh
32,11,09,321109,Surian
32,11,10,321110,Buahdua
32,11,11,321111,Tanjungsari
32,11,12,321112,Sukasari
32,11,13,321113,Pamulihan
32,11,14,321114,Cimanggung
32,11,15,321115,Jatinangor
32,11,16,321116,Rancakalong
32,11,17,321117,Sumedang Selatan
32,11,18,321118,Sumedang Utara
32,11,19,321119,Ganeas
32,11,20,321120,Tanjungkerta
32,11,21,321121,Tanjungmedar
32,11,22,321122,Cimalaka
32,11,23,321123,Cisarua
32,11,24,321124,Tomo
32,11,25,321125,Ujungjaya
32,11,26,321126,Jatigede
32,12,01,321201,Haurgeulis
32,12,02,321202,Kroya
32,12,03,321203,Gabuswetan
32,12,04,321204,Cikedung
32,12,05,321205,Lelea
32,12,06,321206,Bangodua
32,12,07,321207,Widasari
32,12,08,321208,Kertasemaya
32,12,09,321209,Krangkeng
32,12,10,321210,Karangampel
32,12,11,321211,Juntinyuat
32,12,12,321212,Sliyeg
32,12,13,321213,Jatibarang
32,12,14,321214,Balongan
32,12,15,321215,Indramayu
32,12,16,321216,Sindang
32,12,17,321217,Cantigi
32,12,18,321218,Lohbener
32,12,19,321219,Arahan
32,12,20,321220,Losarang
32,12,21,321221,Kandanghaur
32,12,22,321222,Bongas
32,12,23,321223,Anjatan
32,12,24,321224,Sukra
32,12,25,321225,Gantar
32,12,26,321226,Terisi (Trisi)
32,12,27,321227,Sukagumiwang
32,12,28,321228,Kedokan Bunder
32,12,29,321229,Pasekan
32,12,30,321230,Tukdana
32,12,31,321231,Patrol
32,13,01,321301,Sagalaherang
32,13,02,321302,Cisalak
32,13,03,321303,Subang
32,13,04,321304,Kalijati
32,13,05,321305,Pabuaran
32,13,06,321306,Purwadadi
32,13,07,321307,Pagaden
32,13,08,321308,Binong
32,13,09,321309,Ciasem
32,13,10,321310,Pusakanagara
32,13,11,321311,Pamanukan
32,13,12,321312,Jalancagak
32,13,13,321313,Blanakan
32,13,14,321314,Tanjungsiang
32,13,15,321315,Compreng
32,13,16,321316,Patokbeusi
32,13,17,321317,Cibogo
32,13,18,321318,Cipunagara
32,13,19,321319,Cijambe
32,13,20,321320,Cipeundeuy
32,13,21,321321,Legonkulon
32,13,22,321322,Cikaum
32,13,23,321323,Serangpanjang
32,13,24,321324,Sukasari
32,13,25,321325,Tambakdahan
32,13,26,321326,Kasomalang
32,13,27,321327,Dawuan
32,13,28,321328,Pagaden Barat
32,13,29,321329,Ciater
32,13,30,321330,Pusakajaya
32,14,01,321401,Purwakarta
32,14,02,321402,Campaka
32,14,03,321403,Jatiluhur
32,14,04,321404,Plered
32,14,05,321405,Sukatani
32,14,06,321406,Darangdan
32,14,07,321407,Maniis
32,14,08,321408,Tegalwaru (Tegal Waru)
32,14,09,321409,Wanayasa
32,14,10,321410,Pasawahan
32,14,11,321411,Bojong
32,14,12,321412,Babakancikao
32,14,13,321413,Bungursari
32,14,14,321414,Cibatu
32,14,15,321415,Sukasari
32,14,16,321416,Pondoksalam
32,14,17,321417,Kiarapedes
32,15,01,321501,Karawang Barat
32,15,02,321502,Pangkalan
32,15,03,321503,Telukjambe Timur
32,15,04,321504,Ciampel
32,15,05,321505,Klari
32,15,06,321506,Rengasdengklok
32,15,07,321507,Kutawaluya
32,15,08,321508,Batujaya
32,15,09,321509,Tirtajaya
32,15,10,321510,Pedes
32,15,11,321511,Cibuaya
32,15,12,321512,Pakisjaya
32,15,13,321513,Cikampek
32,15,14,321514,Jatisari
32,15,15,321515,Cilamaya Wetan
32,15,16,321516,Tirtamulya
32,15,17,321517,Telagasari (Talagasari)
32,15,18,321518,Rawamerta
32,15,19,321519,Lemahabang
32,15,20,321520,Tempuran
32,15,21,321521,Majalaya
32,15,22,321522,Jayakerta
32,15,23,321523,Cilamaya Kulon
32,15,24,321524,Banyusari
32,15,25,321525,Kota Baru (Kotabaru)
32,15,26,321526,Karawang Timur
32,15,27,321527,Telukjambe Barat
32,15,28,321528,Tegalwaru
32,15,29,321529,Purwasari
32,15,30,321530,Cilebar
32,16,01,321601,Tarumajaya
32,16,02,321602,Babelan
32,16,03,321603,Sukawangi
32,16,04,321604,Tambelang
32,16,05,321605,Tambun Utara
32,16,06,321606,Tambun Selatan
32,16,07,321607,Cibitung
32,16,08,321608,Cikarang Barat
32,16,09,321609,Cikarang Utara
32,16,10,321610,Karang Bahagia (Karangbahagia)
32,16,11,321611,Cikarang Timur
32,16,12,321612,Kedung Waringin
32,16,13,321613,Pebayuran
32,16,14,321614,Sukakarya
32,16,15,321615,Sukatani
32,16,16,321616,Cabangbungin
32,16,17,321617,Muaragembong (Muara Gembong)
32,16,18,321618,Setu
32,16,19,321619,Cikarang Selatan
32,16,20,321620,Cikarang Pusat
32,16,21,321621,Serang Baru
32,16,22,321622,Cibarusah
32,16,23,321623,Bojongmangu
32,17,01,321701,Lembang
32,17,02,321702,Parongpong
32,17,03,321703,Cisarua
32,17,04,321704,Cikalongwetan (Cikalong Wetan)
32,17,05,321705,Cipeundeuy
32,17,06,321706,Ngamprah
32,17,07,321707,Cipatat
32,17,08,321708,Padalarang
32,17,09,321709,Batujajar
32,17,10,321710,Cihampelas
32,17,11,321711,Cililin
32,17,12,321712,Cipongkor
32,17,13,321713,Rongga
32,17,14,321714,Sindangkerta
32,17,15,321715,Gununghalu
32,17,16,321716,Saguling
32,18,01,321801,Parigi
32,18,02,321802,Cijulang
32,18,03,321803,Cimerak
32,18,04,321804,Cigugur
32,18,05,321805,Langkaplancar
32,18,06,321806,Mangunjaya
32,18,07,321807,Padaherang
32,18,08,321808,Kalipucang
32,18,09,321809,Pangandaran
32,18,10,321810,Sidamulih
32,71,01,327101,Bogor Selatan
32,71,02,327102,Bogor Timur
32,71,03,327103,Bogor Tengah
32,71,04,327104,Bogor Barat
32,71,05,327105,Bogor Utara
32,71,06,327106,Tanah Sareal (Tanah Sereal)
32,72,01,327201,Gunung Puyuh (Gunungpuyuh)
32,72,02,327202,Cikole
32,72,03,327203,Citamiang
32,72,04,327204,Warudoyong
32,72,05,327205,Baros
32,72,06,327206,Lembursitu
32,72,07,327207,Cibeureum
32,73,01,327301,Sukasari
32,73,02,327302,Coblong
32,73,03,327303,Babakan Ciparay
32,73,04,327304,Bojongloa Kaler
32,73,05,327305,Andir
32,73,06,327306,Cicendo
32,73,07,327307,Sukajadi
32,73,08,327308,Cidadap
32,73,09,327309,Bandung Wetan
32,73,10,327310,Astana Anyar
32,73,11,327311,Regol
32,73,12,327312,Batununggal
32,73,13,327313,Lengkong
32,73,14,327314,Cibeunying Kidul
32,73,15,327315,Bandung Kulon
32,73,16,327316,Kiaracondong
32,73,17,327317,Bojongloa Kidul
32,73,18,327318,Cibeunying Kaler
32,73,19,327319,Sumur Bandung
32,73,20,327320,Antapani (Cicadas)
32,73,21,327321,Bandung Kidul
32,73,22,327322,Buahbatu
32,73,23,327323,Rancasari
32,73,24,327324,Arcamanik
32,73,25,327325,Cibiru
32,73,26,327326,Ujungberung (Ujung Berung)
32,73,27,327327,Gedebage
32,73,28,327328,Panyileukan
32,73,29,327329,Cinambo
32,73,30,327330,Mandalajati
32,74,01,327401,Kejaksan
32,74,02,327402,Lemahwungkuk (Lemah Wungkuk)
32,74,03,327403,Harjamukti
32,74,04,327404,Pekalipan
32,74,05,327405,Kesambi
32,75,01,327501,Bekasi Timur
32,75,02,327502,Bekasi Barat
32,75,03,327503,Bekasi Utara
32,75,04,327504,Bekasi Selatan
32,75,05,327505,Rawalumbu
32,75,06,327506,Medansatria (Medan Satria)
32,75,07,327507,Bantargebang (Bantar Gebang)
32,75,08,327508,Pondokgede (Pondok Gede)
32,75,09,327509,Jatiasih
32,75,10,327510,Jatisampurna (Jati Sampurna)
32,75,11,327511,Mustikajaya (Mustika Jaya)
32,75,12,327512,Pondokmelati (Pondok Melati)
32,76,01,327601,Pancoran Mas
32,76,02,327602,Cimanggis
32,76,03,327603,Sawangan
32,76,04,327604,Limo
32,76,05,327605,Sukmajaya
32,76,06,327606,Beji
32,76,07,327607,Cipayung
32,76,08,327608,Cilodong
32,76,09,327609,Cinere
32,76,10,327610,Tapos
32,76,11,327611,Bojongsari
32,77,01,327701,Cimahi Selatan
32,77,02,327702,Cimahi Tengah
32,77,03,327703,Cimahi Utara
32,78,01,327801,Cihideung
32,78,02,327802,Cipedes
32,78,03,327803,Tawang
32,78,04,327804,Indihiang
32,78,05,327805,Kawalu
32,78,06,327806,Cibeureum
32,78,07,327807,Tamansari
32,78,08,327808,Mangkubumi
32,78,09,327809,Bungursari
32,78,10,327810,Purbaratu
32,79,01,327901,Banjar
32,79,02,327902,Pataruman
32,79,03,327903,Purwaharja
32,79,04,327904,Langensari
33,01,01,330101,Kedungreja
33,01,02,330102,Kesugihan
33,01,03,330103,Adipala
33,01,04,330104,Binangun
33,01,05,330105,Nusawungu
33,01,06,330106,Kroya
33,01,07,330107,Maos
33,01,08,330108,Jeruklegi
33,01,09,330109,Kawunganten
33,01,10,330110,Gandrungmangu
33,01,11,330111,Sidareja
33,01,12,330112,Karangpucung
33,01,13,330113,Cimanggu
33,01,14,330114,Majenang
33,01,15,330115,Wanareja
33,01,16,330116,Dayeuhluhur
33,01,17,330117,Sampang
33,01,18,330118,Cipari
33,01,19,330119,Patimuan
33,01,20,330120,Bantarsari
33,01,21,330121,Cilacap Selatan
33,01,22,330122,Cilacap Tengah
33,01,23,330123,Cilacap Utara
33,01,24,330124,Kampung Laut
33,02,01,330201,Lumbir
33,02,02,330202,Wangon
33,02,03,330203,Jatilawang
33,02,04,330204,Rawalo
33,02,05,330205,Kebasen
33,02,06,330206,Kemranjen
33,02,07,330207,Sumpiuh
33,02,08,330208,Tambak
33,02,09,330209,Somagede
33,02,10,330210,Kalibagor
33,02,11,330211,Banyumas
33,02,12,330212,Patikraja
33,02,13,330213,Purwojati
33,02,14,330214,Ajibarang
33,02,15,330215,Gumelar
33,02,16,330216,Pekuncen
33,02,17,330217,Cilongok
33,02,18,330218,Karanglewas
33,02,19,330219,Sokaraja
33,02,20,330220,Kembaran
33,02,21,330221,Sumbang
33,02,22,330222,Baturraden (Baturaden)
33,02,23,330223,Kedungbanteng (Kedung Banteng)
33,02,24,330224,Purwokerto Selatan
33,02,25,330225,Purwokerto Barat
33,02,26,330226,Purwokerto Timur
33,02,27,330227,Purwokerto Utara
33,03,01,330301,Kemangkon
33,03,02,330302,Bukateja
33,03,03,330303,Kejobong
33,03,04,330304,Kaligondang
33,03,05,330305,Purbalingga
33,03,06,330306,Kalimanah
33,03,07,330307,Kutasari
33,03,08,330308,Mrebet
33,03,09,330309,Bobotsari
33,03,10,330310,Karangreja
33,03,11,330311,Karanganyar
33,03,12,330312,Karangmoncol
33,03,13,330313,Rembang
33,03,14,330314,Bojongsari
33,03,15,330315,Padamara
33,03,16,330316,Pengadegan
33,03,17,330317,Karangjambu
33,03,18,330318,Kertanegara
33,04,01,330401,Susukan
33,04,02,330402,Purworeja Klampok (Purworejo Klampok)
33,04,03,330403,Mandiraja
33,04,04,330404,Purwanegara (Purwonegoro)
33,04,05,330405,Bawang
33,04,06,330406,Banjarnegara
33,04,07,330407,Sigaluh
33,04,08,330408,Madukara
33,04,09,330409,Banjarmangu
33,04,10,330410,Wanadadi (Wonodadi)
33,04,11,330411,Rakit
33,04,12,330412,Punggelan
33,04,13,330413,Karangkobar
33,04,14,330414,Pagentan
33,04,15,330415,Pejawaran
33,04,16,330416,Batur
33,04,17,330417,Wanayasa
33,04,18,330418,Kalibening
33,04,19,330419,Pandanarum
33,04,20,330420,Pagedongan
33,05,01,330501,Ayah
33,05,02,330502,Buayan
33,05,03,330503,Puring
33,05,04,330504,Petanahan
33,05,05,330505,Klirong
33,05,06,330506,Buluspesantren
33,05,07,330507,Ambal
33,05,08,330508,Mirit
33,05,09,330509,Prembun
33,05,10,330510,Kutowinangun
33,05,11,330511,Alian (Aliyan)
33,05,12,330512,Kebumen
33,05,13,330513,Pejagoan
33,05,14,330514,Sruweng
33,05,15,330515,Adimulyo
33,05,16,330516,Kuwarasan
33,05,17,330517,Rowokele
33,05,18,330518,Sempor
33,05,19,330519,Gombong
33,05,20,330520,Karanganyar
33,05,21,330521,Karanggayam
33,05,22,330522,Sadang
33,05,23,330523,Bonorowo
33,05,24,330524,Padureso
33,05,25,330525,Poncowarno
33,05,26,330526,Karangsambung
33,06,01,330601,Grabag
33,06,02,330602,Ngombol
33,06,03,330603,Purwodadi
33,06,04,330604,Bagelen
33,06,05,330605,Kaligesing
33,06,06,330606,Purworejo
33,06,07,330607,Banyuurip
33,06,08,330608,Bayan
33,06,09,330609,Kutoarjo
33,06,10,330610,Butuh
33,06,11,330611,Pituruh
33,06,12,330612,Kemiri
33,06,13,330613,Bruno
33,06,14,330614,Gebang
33,06,15,330615,Loano
33,06,16,330616,Bener
33,07,01,330701,Wadaslintang
33,07,02,330702,Kepil
33,07,03,330703,Sapuran
33,07,04,330704,Kaliwiro
33,07,05,330705,Leksono
33,07,06,330706,Selomerto
33,07,07,330707,Kalikajar
33,07,08,330708,Kertek
33,07,09,330709,Wonosobo
33,07,10,330710,Watumalang
33,07,11,330711,Mojotengah
33,07,12,330712,Garung
33,07,13,330713,Kejajar
33,07,14,330714,Sukoharjo
33,07,15,330715,Kalibawang
33,08,01,330801,Salaman
33,08,02,330802,Borobudur
33,08,03,330803,Ngluwar
33,08,04,330804,Salam
33,08,05,330805,Srumbung
33,08,06,330806,Dukun
33,08,07,330807,Sawangan
33,08,08,330808,Muntilan
33,08,09,330809,Mungkid
33,08,10,330810,Mertoyudan
33,08,11,330811,Tempuran
33,08,12,330812,Kajoran
33,08,13,330813,Kaliangkrik
33,08,14,330814,Bandongan
33,08,15,330815,Candimulyo
33,08,16,330816,Pakis
33,08,17,330817,Ngablak
33,08,18,330818,Grabag
33,08,19,330819,Tegalrejo
33,08,20,330820,Secang
33,08,21,330821,Windusari
33,09,01,330901,Selo
33,09,02,330902,Ampel
33,09,03,330903,Cepogo
33,09,04,330904,Musuk
33,09,05,330905,Boyolali
33,09,06,330906,Mojosongo
33,09,07,330907,Teras
33,09,08,330908,Sawit
33,09,09,330909,Banyudono
33,09,10,330910,Sambi
33,09,11,330911,Ngemplak
33,09,12,330912,Nogosari
33,09,13,330913,Simo
33,09,14,330914,Karanggede
33,09,15,330915,Klego
33,09,16,330916,Andong
33,09,17,330917,Kemusu
33,09,18,330918,Wonosegoro
33,09,19,330919,Juwangi
33,09,20,330920,Gladagsari
33,09,21,330921,Tamansari
33,09,22,330922,Wonosamodro
33,10,01,331001,Prambanan
33,10,02,331002,Gantiwarno
33,10,03,331003,Wedi
33,10,04,331004,Bayat
33,10,05,331005,Cawas
33,10,06,331006,Trucuk
33,10,07,331007,Kebonarum
33,10,08,331008,Jogonalan
33,10,09,331009,Manisrenggo
33,10,10,331010,Karangnongko
33,10,11,331011,Ceper
33,10,12,331012,Pedan
33,10,13,331013,Karangdowo
33,10,14,331014,Juwiring
33,10,15,331015,Wonosari
33,10,16,331016,Delanggu
33,10,17,331017,Polanharjo
33,10,18,331018,Karanganom
33,10,19,331019,Tulung
33,10,20,331020,Jatinom
33,10,21,331021,Kemalang
33,10,22,331022,Ngawen
33,10,23,331023,Kalikotes
33,10,24,331024,Klaten Utara
33,10,25,331025,Klaten Tengah
33,10,26,331026,Klaten Selatan
33,11,01,331101,Weru
33,11,02,331102,Bulu
33,11,03,331103,Tawangsari
33,11,04,331104,Sukoharjo
33,11,05,331105,Nguter
33,11,06,331106,Bendosari
33,11,07,331107,Polokarto
33,11,08,331108,Mojolaban
33,11,09,331109,Grogol
33,11,10,331110,Baki
33,11,11,331111,Gatak
33,11,12,331112,Kartasura
33,12,01,331201,Pracimantoro
33,12,02,331202,Giritontro
33,12,03,331203,Giriwoyo
33,12,04,331204,Batuwarno
33,12,05,331205,Tirtomoyo
33,12,06,331206,Nguntoronadi
33,12,07,331207,Baturetno
33,12,08,331208,Eromoko
33,12,09,331209,Wuryantoro
33,12,10,331210,Manyaran
33,12,11,331211,Selogiri
33,12,12,331212,Wonogiri
33,12,13,331213,Ngadirojo
33,12,14,331214,Sidoharjo
33,12,15,331215,Jatiroto
33,12,16,331216,Kismantoro
33,12,17,331217,Purwantoro
33,12,18,331218,Bulukerto
33,12,19,331219,Slogohimo
33,12,20,331220,Jatisrono
33,12,21,331221,Jatipurno
33,12,22,331222,Girimarto
33,12,23,331223,Karangtengah
33,12,24,331224,Paranggupito
33,12,25,331225,Puhpelem
33,13,01,331301,Jatipuro
33,13,02,331302,Jatiyoso
33,13,03,331303,Jumapolo
33,13,04,331304,Jumantono
33,13,05,331305,Matesih
33,13,06,331306,Tawangmangu
33,13,07,331307,Ngargoyoso
33,13,08,331308,Karangpandan
33,13,09,331309,Karanganyar
33,13,10,331310,Tasikmadu
33,13,11,331311,Jaten
33,13,12,331312,Colomadu
33,13,13,331313,Gondangrejo
33,13,14,331314,Kebakkramat
33,13,15,331315,Mojogedang
33,13,16,331316,Kerjo
33,13,17,331317,Jenawi
33,14,01,331401,Kalijambe
33,14,02,331402,Plupuh
33,14,03,331403,Masaran
33,14,04,331404,Kedawung
33,14,05,331405,Sambirejo
33,14,06,331406,Gondang
33,14,07,331407,Sambungmacan (Sambung Macan)
33,14,08,331408,Ngrampal
33,14,09,331409,Karangmalang
33,14,10,331410,Sragen
33,14,11,331411,Sidoharjo
33,14,12,331412,Tanon
33,14,13,331413,Gemolong
33,14,14,331414,Miri
33,14,15,331415,Sumberlawang
33,14,16,331416,Mondokan
33,14,17,331417,Sukodono
33,14,18,331418,Gesi
33,14,19,331419,Tangen
33,14,20,331420,Jenar
33,15,01,331501,Kedungjati
33,15,02,331502,Karangrayung
33,15,03,331503,Penawangan
33,15,04,331504,Toroh
33,15,05,331505,Geyer
33,15,06,331506,Pulokulon
33,15,07,331507,Kradenan
33,15,08,331508,Gabus
33,15,09,331509,Ngaringan
33,15,10,331510,Wirosari
33,15,11,331511,Tawangharjo
33,15,12,331512,Grobogan
33,15,13,331513,Purwodadi
33,15,14,331514,Brati
33,15,15,331515,Klambu
33,15,16,331516,Godong
33,15,17,331517,Gubug
33,15,18,331518,Tegowanu
33,15,19,331519,Tanggungharjo
33,16,01,331601,Jati
33,16,02,331602,Randublatung
33,16,03,331603,Kradenan
33,16,04,331604,Kedungtuban
33,16,05,331605,Cepu
33,16,06,331606,Sambong
33,16,07,331607,Jiken
33,16,08,331608,Jepon
33,16,09,331609,Blora (Blora kota)
33,16,10,331610,Tunjungan
33,16,11,331611,Banjarejo
33,16,12,331612,Ngawen
33,16,13,331613,Kunduran
33,16,14,331614,Todanan
33,16,15,331615,Bogorejo
33,16,16,331616,Japah
33,17,01,331701,Sumber
33,17,02,331702,Bulu
33,17,03,331703,Gunem
33,17,04,331704,Sale
33,17,05,331705,Sarang
33,17,06,331706,Sedan
33,17,07,331707,Pamotan
33,17,08,331708,Sulang
33,17,09,331709,Kaliori
33,17,10,331710,Rembang
33,17,11,331711,Pancur
33,17,12,331712,Kragan
33,17,13,331713,Sluke
33,17,14,331714,Lasem
33,18,01,331801,Sukolilo
33,18,02,331802,Kayen
33,18,03,331803,Tambakromo
33,18,04,331804,Winong
33,18,05,331805,Pucakwangi
33,18,06,331806,Jaken
33,18,07,331807,Batangan
33,18,08,331808,Juwana
33,18,09,331809,Jakenan
33,18,10,331810,Pati
33,18,11,331811,Gabus
33,18,12,331812,Margorejo
33,18,13,331813,Gembong
33,18,14,331814,Tlogowungu
33,18,15,331815,Wedarijaksa
33,18,16,331816,Margoyoso
33,18,17,331817,Gunungwungkal
33,18,18,331818,Cluwak
33,18,19,331819,Tayu
33,18,20,331820,Dukuhseti
33,18,21,331821,Trangkil
33,19,01,331901,Kaliwungu
33,19,02,331902,Kota Kudus (Kudus Kota)
33,19,03,331903,Jati
33,19,04,331904,Undaan
33,19,05,331905,Mejobo
33,19,06,331906,Jekulo
33,19,07,331907,Bae
33,19,08,331908,Gebog
33,19,09,331909,Dawe
33,20,01,332001,Kedung
33,20,02,332002,Pecangaan
33,20,03,332003,Welahan
33,20,04,332004,Mayong
33,20,05,332005,Batealit
33,20,06,332006,Jepara
33,20,07,332007,Mlonggo
33,20,08,332008,Bangsri
33,20,09,332009,Keling
33,20,10,332010,Karimunjawa (Karimun Jawa)
33,20,11,332011,Tahunan
33,20,12,332012,Nalumsari
33,20,13,332013,Kalinyamatan
33,20,14,332014,Kembang
33,20,15,332015,Pakis Aji
33,20,16,332016,Donorojo
33,21,01,332101,Mranggen
33,21,02,332102,Karangawen
33,21,03,332103,Guntur
33,21,04,332104,Sayung
33,21,05,332105,Karangtengah (Karang Tengah)
33,21,06,332106,Wonosalam
33,21,07,332107,Dempet
33,21,08,332108,Gajah
33,21,09,332109,Karanganyar
33,21,10,332110,Mijen
33,21,11,332111,Demak
33,21,12,332112,Bonang
33,21,13,332113,Wedung
33,21,14,332114,Kebonagung
33,22,01,332201,Getasan
33,22,02,332202,Tengaran
33,22,03,332203,Susukan
33,22,04,332204,Suruh
33,22,05,332205,Pabelan
33,22,06,332206,Tuntang
33,22,07,332207,Banyubiru
33,22,08,332208,Jambu
33,22,09,332209,Sumowono
33,22,10,332210,Ambarawa
33,22,11,332211,Bawen
33,22,12,332212,Bringin
33,22,13,332213,Bergas
33,22,15,332215,Pringapus
33,22,16,332216,Bancak
33,22,17,332217,Kaliwungu
33,22,18,332218,Ungaran Barat
33,22,19,332219,Ungaran Timur
33,22,20,332220,Bandungan
33,23,01,332301,Bulu
33,23,02,332302,Tembarak
33,23,03,332303,Temanggung
33,23,04,332304,Pringsurat
33,23,05,332305,Kaloran
33,23,06,332306,Kandangan
33,23,07,332307,Kedu
33,23,08,332308,Parakan
33,23,09,332309,Ngadirejo
33,23,10,332310,Jumo
33,23,11,332311,Tretep
33,23,12,332312,Candiroto
33,23,13,332313,Kranggan
33,23,14,332314,Tlogomulyo
33,23,15,332315,Selopampang
33,23,16,332316,Bansari
33,23,17,332317,Kledung
33,23,18,332318,Bejen
33,23,19,332319,Wonoboyo
33,23,20,332320,Gemawang
33,24,01,332401,Plantungan
33,24,02,332402,Pageruyung (Pagerruyung)
33,24,03,332403,Sukorejo
33,24,04,332404,Patean
33,24,05,332405,Singorojo
33,24,06,332406,Limbangan
33,24,07,332407,Boja
33,24,08,332408,Kaliwungu
33,24,09,332409,Brangsong
33,24,10,332410,Pegandon
33,24,11,332411,Gemuh
33,24,12,332412,Weleri
33,24,13,332413,Cepiring
33,24,14,332414,Patebon
33,24,15,332415,Kendal
33,24,16,332416,Rowosari
33,24,17,332417,Kangkung
33,24,18,332418,Ringinarum
33,24,19,332419,Ngampel
33,24,20,332420,Kaliwungu Selatan
33,25,01,332501,Wonotunggal
33,25,02,332502,Bandar
33,25,03,332503,Blado
33,25,04,332504,Reban
33,25,05,332505,Bawang
33,25,06,332506,Tersono
33,25,07,332507,Gringsing
33,25,08,332508,Limpung
33,25,09,332509,Subah
33,25,10,332510,Tulis
33,25,11,332511,Batang
33,25,12,332512,Warungasem
33,25,13,332513,Kandeman
33,25,14,332514,Pecalungan
33,25,15,332515,Banyuputih
33,26,01,332601,Kandangserang
33,26,02,332602,Paninggaran
33,26,03,332603,Lebakbarang
33,26,04,332604,Petungkriyono (Petungkriono)
33,26,05,332605,Talun
33,26,06,332606,Doro
33,26,07,332607,Karanganyar
33,26,08,332608,Kajen
33,26,09,332609,Kesesi
33,26,10,332610,Sragi
33,26,11,332611,Bojong
33,26,12,332612,Wonopringgo
33,26,13,332613,Kedungwuni
33,26,14,332614,Buaran
33,26,15,332615,Tirto
33,26,16,332616,Wiradesa
33,26,17,332617,Siwalan
33,26,18,332618,Karangdadap
33,26,19,332619,Wonokerto
33,27,01,332701,Moga
33,27,02,332702,Pulosari
33,27,03,332703,Belik
33,27,04,332704,Watukumpul
33,27,05,332705,Bodeh
33,27,06,332706,Bantarbolang
33,27,07,332707,Randudongkal
33,27,08,332708,Pemalang
33,27,09,332709,Taman
33,27,10,332710,Petarukan
33,27,11,332711,Ampelgading
33,27,12,332712,Comal
33,27,13,332713,Ulujami
33,27,14,332714,Warungpring
33,28,01,332801,Margasari
33,28,02,332802,Bumijawa
33,28,03,332803,Bojong
33,28,04,332804,Balapulang
33,28,05,332805,Pagerbarang
33,28,06,332806,Lebaksiu
33,28,07,332807,Jatinegara
33,28,08,332808,Kedungbanteng (Kedung Banteng)
33,28,09,332809,Pangkah
33,28,10,332810,Slawi
33,28,11,332811,Adiwerna
33,28,12,332812,Talang
33,28,13,332813,Dukuhturi
33,28,14,332814,Tarub
33,28,15,332815,Kramat
33,28,16,332816,Suradadi (Surodadi)
33,28,17,332817,Warureja (Warurejo)
33,28,18,332818,Dukuhwaru
33,29,01,332901,Salem
33,29,02,332902,Bantarkawung
33,29,03,332903,Bumiayu
33,29,04,332904,Paguyangan
33,29,05,332905,Sirampog
33,29,06,332906,Tonjong
33,29,07,332907,Jatibarang
33,29,08,332908,Wanasari
33,29,09,332909,Brebes
33,29,10,332910,Songgom
33,29,11,332911,Kersana
33,29,12,332912,Losari
33,29,13,332913,Tanjung
33,29,14,332914,Bulakamba
33,29,15,332915,Larangan
33,29,16,332916,Ketanggungan
33,29,17,332917,Banjarharjo
33,71,01,337101,Magelang Selatan
33,71,02,337102,Magelang Utara
33,71,03,337103,Magelang Tengah
33,72,01,337201,Laweyan
33,72,02,337202,Serengan
33,72,03,337203,Pasar Kliwon
33,72,04,337204,Jebres
33,72,05,337205,Banjarsari
33,73,01,337301,Sidorejo
33,73,02,337302,Tingkir
33,73,03,337303,Argomulyo
33,73,04,337304,Sidomukti
33,74,01,337401,Semarang Tengah
33,74,02,337402,Semarang Utara
33,74,03,337403,Semarang Timur
33,74,04,337404,Gayamsari
33,74,05,337405,Genuk
33,74,06,337406,Pedurungan
33,74,07,337407,Semarang Selatan
33,74,08,337408,Candisari
33,74,09,337409,Gajahmungkur (Gajah Mungkur)
33,74,10,337410,Tembalang
33,74,11,337411,Banyumanik
33,74,12,337412,Gunungpati
33,74,13,337413,Semarang Barat
33,74,14,337414,Mijen
33,74,15,337415,Ngaliyan
33,74,16,337416,Tugu
33,75,01,337501,Pekalongan Barat
33,75,02,337502,Pekalongan Timur
33,75,03,337503,Pekalongan Utara
33,75,04,337504,Pekalongan Selatan
33,76,01,337601,Tegal Barat
33,76,02,337602,Tegal Timur
33,76,03,337603,Tegal Selatan
33,76,04,337604,Margadana
34,01,01,340101,Temon
34,01,02,340102,Wates
34,01,03,340103,Panjatan
34,01,04,340104,Galur
34,01,05,340105,Lendah
34,01,06,340106,Sentolo
34,01,07,340107,Pengasih
34,01,08,340108,Kokap
34,01,09,340109,Girimulyo
34,01,10,340110,Nanggulan
34,01,11,340111,Samigaluh
34,01,12,340112,Kalibawang
34,02,01,340201,Srandakan
34,02,02,340202,Sanden
34,02,03,340203,Kretek
34,02,04,340204,Pundong
34,02,05,340205,Bambanglipuro (Bambang Lipuro)
34,02,06,340206,Pandak
34,02,07,340207,Pajangan
34,02,08,340208,Bantul
34,02,09,340209,Jetis
34,02,10,340210,Imogiri
34,02,11,340211,Dlingo
34,02,12,340212,Banguntapan
34,02,13,340213,Pleret
34,02,14,340214,Piyungan
34,02,15,340215,Sewon
34,02,16,340216,Kasihan
34,02,17,340217,Sedayu
34,03,01,340301,Wonosari
34,03,02,340302,Nglipar
34,03,03,340303,Playen
34,03,04,340304,Patuk
34,03,05,340305,Paliyan
34,03,06,340306,Panggang
34,03,07,340307,Tepus
34,03,08,340308,Semanu
34,03,09,340309,Karangmojo
34,03,10,340310,Ponjong
34,03,11,340311,Rongkop
34,03,12,340312,Semin
34,03,13,340313,Ngawen
34,03,14,340314,Gedangsari (Gedang Sari)
34,03,15,340315,Saptosari (Sapto Sari)
34,03,16,340316,Girisubo
34,03,17,340317,Tanjungsari
34,03,18,340318,Purwosari
34,04,01,340401,Gamping
34,04,02,340402,Godean
34,04,03,340403,Moyudan
34,04,04,340404,Minggir
34,04,05,340405,Seyegan
34,04,06,340406,Mlati
34,04,07,340407,Depok
34,04,08,340408,Berbah
34,04,09,340409,Prambanan
34,04,10,340410,Kalasan
34,04,11,340411,Ngemplak
34,04,12,340412,Ngaglik
34,04,13,340413,Sleman
34,04,14,340414,Tempel
34,04,15,340415,Turi
34,04,16,340416,Pakem
34,04,17,340417,Cangkringan
34,71,01,347101,Tegalrejo
34,71,02,347102,Jetis
34,71,03,347103,Gondokusuman
34,71,04,347104,Danurejan
34,71,05,347105,Gedongtengen (Gedong Tengen)
34,71,06,347106,Ngampilan
34,71,07,347107,Wirobrajan
34,71,08,347108,Mantrijeron
34,71,09,347109,Kraton
34,71,10,347110,Gondomanan
34,71,11,347111,Pakualaman
34,71,12,347112,Mergangsan
34,71,13,347113,Umbulharjo
34,71,14,347114,Kotagede
35,01,01,350101,Donorojo
35,01,02,350102,Pringkuku
35,01,03,350103,Punung
35,01,04,350104,Pacitan
35,01,05,350105,Kebonagung (Kebon Agung)
35,01,06,350106,Arjosari
35,01,07,350107,Nawangan
35,01,08,350108,Bandar
35,01,09,350109,Tegalombo
35,01,10,350110,Tulakan
35,01,11,350111,Ngadirojo
35,01,12,350112,Sudimoro
35,02,01,350201,Slahung
35,02,02,350202,Ngrayun
35,02,03,350203,Bungkal
35,02,04,350204,Sambit
35,02,05,350205,Sawoo
35,02,06,350206,Sooko
35,02,07,350207,Pulung
35,02,08,350208,Mlarak
35,02,09,350209,Jetis
35,02,10,350210,Siman
35,02,11,350211,Balong
35,02,12,350212,Kauman
35,02,13,350213,Badegan
35,02,14,350214,Sampung
35,02,15,350215,Sukorejo
35,02,16,350216,Babadan
35,02,17,350217,Ponorogo
35,02,18,350218,Jenangan
35,02,19,350219,Ngebel
35,02,20,350220,Jambon
35,02,21,350221,Pudak
35,03,01,350301,Panggul
35,03,02,350302,Munjungan
35,03,03,350303,Pule
35,03,04,350304,Dongko
35,03,05,350305,Tugu
35,03,06,350306,Karangan
35,03,07,350307,Kampak
35,03,08,350308,Watulimo
35,03,09,350309,Bendungan
35,03,10,350310,Gandusari
35,03,11,350311,Trenggalek
35,03,12,350312,Pogalan
35,03,13,350313,Durenan
35,03,14,350314,Suruh
35,04,01,350401,Tulungagung
35,04,02,350402,Boyolangu
35,04,03,350403,Kedungwaru
35,04,04,350404,Ngantru
35,04,05,350405,Kauman
35,04,06,350406,Pagerwojo
35,04,07,350407,Sendang
35,04,08,350408,Karangrejo (Karang Rejo)
35,04,09,350409,Gondang
35,04,10,350410,Sumbergempol
35,04,11,350411,Ngunut
35,04,12,350412,Pucanglaban
35,04,13,350413,Rejotangan
35,04,14,350414,Kalidawir
35,04,15,350415,Besuki
35,04,16,350416,Campurdarat (Campur Darat)
35,04,17,350417,Bandung
35,04,18,350418,Pakel
35,04,19,350419,Tanggunggunung (Tanggung Gunung)
35,05,01,350501,Wonodadi
35,05,02,350502,Udanawu
35,05,03,350503,Srengat
35,05,04,350504,Kademangan
35,05,05,350505,Bakung
35,05,06,350506,Ponggok
35,05,07,350507,Sanankulon (Sanan Kulon)
35,05,08,350508,Wonotirto
35,05,09,350509,Nglegok
35,05,10,350510,Kanigoro
35,05,11,350511,Garum
35,05,12,350512,Sutojayan
35,05,13,350513,Panggungrejo
35,05,14,350514,Talun
35,05,15,350515,Gandusari
35,05,16,350516,Binangun
35,05,17,350517,Wlingi
35,05,18,350518,Doko
35,05,19,350519,Kesamben
35,05,20,350520,Wates
35,05,21,350521,Selorejo
35,05,22,350522,Selopuro
35,06,01,350601,Semen
35,06,02,350602,Mojo
35,06,03,350603,Kras
35,06,04,350604,Ngadiluwih
35,06,05,350605,Kandat
35,06,06,350606,Wates
35,06,07,350607,Ngancar
35,06,08,350608,Puncu
35,06,09,350609,Plosoklaten
35,06,10,350610,Gurah
35,06,11,350611,Pagu
35,06,12,350612,Gampengrejo
35,06,13,350613,Grogol
35,06,14,350614,Papar
35,06,15,350615,Purwoasri
35,06,16,350616,Plemahan
35,06,17,350617,Pare
35,06,18,350618,Kepung
35,06,19,350619,Kandangan
35,06,20,350620,Tarokan
35,06,21,350621,Kunjang
35,06,22,350622,Banyakan
35,06,23,350623,Ringinrejo
35,06,24,350624,Kayen Kidul
35,06,25,350625,Ngasem
35,06,26,350626,Badas
35,07,01,350701,Donomulyo
35,07,02,350702,Pagak
35,07,03,350703,Bantur
35,07,04,350704,Sumbermanjing Wetan
35,07,05,350705,Dampit
35,07,06,350706,Ampelgading
35,07,07,350707,Poncokusumo
35,07,08,350708,Wajak
35,07,09,350709,Turen
35,07,10,350710,Gondanglegi
35,07,11,350711,Kalipare
35,07,12,350712,Sumberpucung
35,07,13,350713,Kepanjen
35,07,14,350714,Bululawang
35,07,15,350715,Tajinan
35,07,16,350716,Tumpang
35,07,17,350717,Jabung
35,07,18,350718,Pakis
35,07,19,350719,Pakisaji
35,07,20,350720,Ngajum (Ngajung)
35,07,21,350721,Wagir
35,07,22,350722,Dau
35,07,23,350723,Karangploso (Karang Ploso)
35,07,24,350724,Singosari
35,07,25,350725,Lawang
35,07,26,350726,Pujon
35,07,27,350727,Ngantang
35,07,28,350728,Kasembon
35,07,29,350729,Gedangan
35,07,30,350730,Tirtoyudo
35,07,31,350731,Kromengan
35,07,32,350732,Wonosari
35,07,33,350733,Pagelaran
35,08,01,350801,Tempursari
35,08,02,350802,Pronojiwo
35,08,03,350803,Candipuro
35,08,04,350804,Pasirian
35,08,05,350805,Tempeh
35,08,06,350806,Kunir
35,08,07,350807,Yosowilangun
35,08,08,350808,Rowokangkung
35,08,09,350809,Tekung
35,08,10,350810,Lumajang
35,08,11,350811,Pasrujambe (Pasujambe)
35,08,12,350812,Senduro
35,08,13,350813,Gucialit
35,08,14,350814,Padang
35,08,15,350815,Sukodono
35,08,16,350816,Kedungjajang
35,08,17,350817,Jatiroto
35,08,18,350818,Randuagung
35,08,19,350819,Klakah
35,08,20,350820,Ranuyoso
35,08,21,350821,Sumbersuko
35,09,01,350901,Jombang
35,09,02,350902,Kencong
35,09,03,350903,Sumberbaru (Sumber Baru)
35,09,04,350904,Gumukmas (Gumuk Mas)
35,09,05,350905,Umbulsari
35,09,06,350906,Tanggul
35,09,07,350907,Semboro
35,09,08,350908,Puger
35,09,09,350909,Bangsalsari
35,09,10,350910,Balung
35,09,11,350911,Wuluhan
35,09,12,350912,Ambulu
35,09,13,350913,Rambipuji
35,09,14,350914,Panti
35,09,15,350915,Sukorambi
35,09,16,350916,Jenggawah
35,09,17,350917,Ajung
35,09,18,350918,Tempurejo
35,09,19,350919,Kaliwates
35,09,20,350920,Patrang
35,09,21,350921,Sumbersari (Sumber Sari)
35,09,22,350922,Arjasa
35,09,23,350923,Mumbulsari
35,09,24,350924,Pakusari
35,09,25,350925,Jelbuk
35,09,26,350926,Mayang
35,09,27,350927,Kalisat
35,09,28,350928,Ledokombo
35,09,29,350929,Sukowono
35,09,30,350930,Silo
35,09,31,350931,Sumberjambe (Sumber Jambe)
35,10,01,351001,Pesanggaran
35,10,02,351002,Bangorejo
35,10,03,351003,Purwoharjo
35,10,04,351004,Tegaldlimo
35,10,05,351005,Muncar
35,10,06,351006,Cluring
35,10,07,351007,Gambiran
35,10,08,351008,Srono
35,10,09,351009,Genteng
35,10,10,351010,Glenmore
35,10,11,351011,Kalibaru
35,10,12,351012,Singojuruh
35,10,13,351013,Rogojampi
35,10,14,351014,Kabat
35,10,15,351015,Glagah
35,10,16,351016,Banyuwangi
35,10,17,351017,Giri
35,10,18,351018,Wongsorejo
35,10,19,351019,Songgon
35,10,20,351020,Sempu
35,10,21,351021,Kalipuro
35,10,22,351022,Siliragung
35,10,23,351023,Tegalsari
35,10,24,351024,Licin
35,10,25,351025,Blimbingsari
35,11,01,351101,Maesan
35,11,02,351102,Tamanan
35,11,03,351103,Tlogosari
35,11,04,351104,Sukosari
35,11,05,351105,Pujer
35,11,06,351106,Grujugan
35,11,07,351107,Curahdami
35,11,08,351108,Tenggarang
35,11,09,351109,Wonosari
35,11,10,351110,Tapen
35,11,11,351111,Bondowoso
35,11,12,351112,Wringin
35,11,13,351113,Tegalampel
35,11,14,351114,Klabang
35,11,15,351115,Cermee
35,11,16,351116,Prajekan
35,11,17,351117,Pakem
35,11,18,351118,Sumberwringin (Sumber Wringin)
35,11,19,351119,Sempol
35,11,20,351120,Binakal
35,11,21,351121,Taman Krocok
35,11,22,351122,Botolinggo
35,11,23,351123,Jambesari Darus Sholah
35,12,01,351201,Jatibanteng
35,12,02,351202,Besuki
35,12,03,351203,Suboh
35,12,04,351204,Mlandingan
35,12,05,351205,Kendit
35,12,06,351206,Panarukan
35,12,07,351207,Situbondo
35,12,08,351208,Panji
35,12,09,351209,Mangaran
35,12,10,351210,Kapongan
35,12,11,351211,Arjasa
35,12,12,351212,Jangkar
35,12,13,351213,Asembagus
35,12,14,351214,Banyuputih
35,12,15,351215,Sumbermalang
35,12,16,351216,Banyuglugur
35,12,17,351217,Bungatan
35,13,01,351301,Sukapura
35,13,02,351302,Sumber
35,13,03,351303,Kuripan
35,13,04,351304,Bantaran
35,13,05,351305,Leces
35,13,06,351306,Banyuanyar (Banyu Anyar)
35,13,07,351307,Tiris
35,13,08,351308,Krucil
35,13,09,351309,Gading
35,13,10,351310,Pakuniran
35,13,11,351311,Kotaanyar (Kota Anyar)
35,13,12,351312,Paiton
35,13,13,351313,Besuk
35,13,14,351314,Kraksaan
35,13,15,351315,Krejengan
35,13,16,351316,Pejarakan (Pajarakan)
35,13,17,351317,Maron
35,13,18,351318,Gending
35,13,19,351319,Dringu
35,13,20,351320,Tegalsiwalan (Tegal Siwalan)
35,13,21,351321,Sumberasih
35,13,22,351322,Wonomerto
35,13,23,351323,Tongas
35,13,24,351324,Lumbang
35,14,01,351401,Purwodadi
35,14,02,351402,Tutur
35,14,03,351403,Puspo
35,14,04,351404,Lumbang
35,14,05,351405,Pasrepan
35,14,06,351406,Kejayan
35,14,07,351407,Wonorejo
35,14,08,351408,Purwosari
35,14,09,351409,Sukorejo
35,14,10,351410,Prigen
35,14,11,351411,Pandaan
35,14,12,351412,Gempol
35,14,13,351413,Beji
35,14,14,351414,Bangil
35,14,15,351415,Rembang
35,14,16,351416,Kraton
35,14,17,351417,Pohjentrek
35,14,18,351418,Gondangwetan (Gondang Wetan)
35,14,19,351419,Winongan
35,14,20,351420,Grati
35,14,21,351421,Nguling
35,14,22,351422,Lekok
35,14,23,351423,Rejoso
35,14,24,351424,Tosari
35,15,01,351501,Tarik
35,15,02,351502,Prambon
35,15,03,351503,Krembung
35,15,04,351504,Porong
35,15,05,351505,Jabon
35,15,06,351506,Tanggulangin
35,15,07,351507,Candi
35,15,08,351508,Sidoarjo
35,15,09,351509,Tulangan
35,15,10,351510,Wonoayu
35,15,11,351511,Krian
35,15,12,351512,Balongbendo
35,15,13,351513,Taman
35,15,14,351514,Sukodono
35,15,15,351515,Buduran
35,15,16,351516,Gedangan
35,15,17,351517,Sedati
35,15,18,351518,Waru
35,16,01,351601,Jatirejo
35,16,02,351602,Gondang
35,16,03,351603,Pacet
35,16,04,351604,Trawas
35,16,05,351605,Ngoro
35,16,06,351606,Pungging
35,16,07,351607,Kutorejo
35,16,08,351608,Mojosari
35,16,09,351609,Dlanggu
35,16,10,351610,Bangsal
35,16,11,351611,Puri
35,16,12,351612,Trowulan
35,16,13,351613,Sooko
35,16,14,351614,Gedeg
35,16,15,351615,Kemlagi
35,16,16,351616,Jetis
35,16,17,351617,Dawarblandong (Dawar Blandong)
35,16,18,351618,Mojoanyar
35,17,01,351701,Perak
35,17,02,351702,Gudo
35,17,03,351703,Ngoro
35,17,04,351704,Bareng
35,17,05,351705,Wonosalam
35,17,06,351706,Mojoagung
35,17,07,351707,Mojowarno
35,17,08,351708,Diwek
35,17,09,351709,Jombang
35,17,10,351710,Peterongan
35,17,11,351711,Sumobito
35,17,12,351712,Kesamben
35,17,13,351713,Tembelang
35,17,14,351714,Ploso
35,17,15,351715,Plandaan
35,17,16,351716,Kabuh
35,17,17,351717,Kudu
35,17,18,351718,Bandarkedungmulyo (Bandar Kedung Mulyo)
35,17,19,351719,Jogoroto
35,17,20,351720,Megaluh
35,17,21,351721,Ngusikan
35,18,01,351801,Sawahan
35,18,02,351802,Ngetos
35,18,03,351803,Berbek
35,18,04,351804,Loceret
35,18,05,351805,Pace
35,18,06,351806,Prambon
35,18,07,351807,Ngronggot
35,18,08,351808,Kertosono
35,18,09,351809,Patianrowo
35,18,10,351810,Baron
35,18,11,351811,Tanjunganom
35,18,12,351812,Sukomoro
35,18,13,351813,Nganjuk
35,18,14,351814,Bagor
35,18,15,351815,Wilangan
35,18,16,351816,Rejoso
35,18,17,351817,Gondang
35,18,18,351818,Ngluyu
35,18,19,351819,Lengkong
35,18,20,351820,Jatikalen
35,19,01,351901,Kebonsari (Kebon Sari)
35,19,02,351902,Dolopo
35,19,03,351903,Geger
35,19,04,351904,Dagangan
35,19,05,351905,Kare
35,19,06,351906,Gemarang
35,19,07,351907,Wungu
35,19,08,351908,Madiun
35,19,09,351909,Jiwan
35,19,10,351910,Balerejo
35,19,11,351911,Mejayan
35,19,12,351912,Saradan
35,19,13,351913,Pilangkenceng
35,19,14,351914,Sawahan
35,19,15,351915,Wonoasri
35,20,01,352001,Poncol
35,20,02,352002,Parang
35,20,03,352003,Lembeyan
35,20,04,352004,Takeran
35,20,05,352005,Kawedanan
35,20,06,352006,Magetan
35,20,07,352007,Plaosan
35,20,08,352008,Panekan
35,20,09,352009,Sukomoro
35,20,10,352010,Bendo
35,20,11,352011,Maospati
35,20,12,352012,Barat
35,20,13,352013,Karangrejo
35,20,14,352014,Karas
35,20,15,352015,Kartoharjo (Kertoharjo)
35,20,16,352016,Ngariboyo
35,20,17,352017,Nguntoronadi
35,20,18,352018,Sidorejo
35,21,01,352101,Sine
35,21,02,352102,Ngrambe
35,21,03,352103,Jogorogo
35,21,04,352104,Kendal
35,21,05,352105,Geneng
35,21,06,352106,Kwadungan
35,21,07,352107,Karangjati
35,21,08,352108,Padas
35,21,09,352109,Ngawi
35,21,10,352110,Paron
35,21,11,352111,Kedunggalar
35,21,12,352112,Widodaren
35,21,13,352113,Mantingan
35,21,14,352114,Pangkur
35,21,15,352115,Bringin
35,21,16,352116,Pitu
35,21,17,352117,Karanganyar
35,21,18,352118,Gerih
35,21,19,352119,Kasreman
35,22,01,352201,Ngraho
35,22,02,352202,Tambakrejo
35,22,03,352203,Ngambon
35,22,04,352204,Ngasem
35,22,05,352205,Bubulan
35,22,06,352206,Dander
35,22,07,352207,Sugihwaras
35,22,08,352208,Kedungadem
35,22,09,352209,Kepohbaru
35,22,10,352210,Baureno
35,22,11,352211,Kanor
35,22,12,352212,Sumberejo
35,22,13,352213,Balen
35,22,14,352214,Kapas
35,22,15,352215,Bojonegoro
35,22,16,352216,Kalitidu
35,22,17,352217,Malo
35,22,18,352218,Purwosari
35,22,19,352219,Padangan
35,22,20,352220,Kasiman
35,22,21,352221,Temayang
35,22,22,352222,Margomulyo
35,22,23,352223,Trucuk
35,22,24,352224,Sukosewu
35,22,25,352225,Kedewan
35,22,26,352226,Gondang
35,22,27,352227,Sekar
35,22,28,352228,Gayam
35,23,01,352301,Kenduruan
35,23,02,352302,Jatirogo
35,23,03,352303,Bangilan
35,23,04,352304,Bancar
35,23,05,352305,Senori
35,23,06,352306,Tambakboyo
35,23,07,352307,Singgahan
35,23,08,352308,Kerek
35,23,09,352309,Parengan
35,23,10,352310,Montong
35,23,11,352311,Soko
35,23,12,352312,Jenu
35,23,13,352313,Merakurak
35,23,14,352314,Rengel
35,23,15,352315,Semanding
35,23,16,352316,Tuban
35,23,17,352317,Plumpang
35,23,18,352318,Palang
35,23,19,352319,Widang
35,23,20,352320,Grabagan
35,24,01,352401,Sukorame
35,24,02,352402,Bluluk
35,24,03,352403,Modo
35,24,04,352404,Ngimbang
35,24,05,352405,Babat
35,24,06,352406,Kedungpring
35,24,07,352407,Brondong
35,24,08,352408,Laren
35,24,09,352409,Sekaran
35,24,10,352410,Maduran
35,24,11,352411,Sambeng
35,24,12,352412,Sugio
35,24,13,352413,Pucuk
35,24,14,352414,Paciran
35,24,15,352415,Solokuro
35,24,16,352416,Mantup
35,24,17,352417,Sukodadi
35,24,18,352418,Karanggeneng (Karang Geneng)
35,24,19,352419,Kembangbahu
35,24,20,352420,Kalitengah
35,24,21,352421,Turi
35,24,22,352422,Lamongan
35,24,23,352423,Tikung
35,24,24,352424,Karangbinangun
35,24,25,352425,Deket
35,24,26,352426,Glagah
35,24,27,352427,Sarirejo
35,25,01,352501,Dukun
35,25,02,352502,Balongpanggang (Balong Panggang)
35,25,03,352503,Panceng
35,25,04,352504,Benjeng
35,25,05,352505,Duduksampeyan (Duduk Sampeyan)
35,25,06,352506,Wringinanom (Wringin Anom)
35,25,07,352507,Ujungpangkah (Ujung Pangkah)
35,25,08,352508,Kedamean
35,25,09,352509,Sidayu
35,25,10,352510,Manyar
35,25,11,352511,Cerme
35,25,12,352512,Bungah
35,25,13,352513,Menganti
35,25,14,352514,Kebomas
35,25,15,352515,Driyorejo
35,25,16,352516,Gresik
35,25,17,352517,Sangkapura
35,25,18,352518,Tambak
35,26,01,352601,Bangkalan
35,26,02,352602,Socah
35,26,03,352603,Burneh
35,26,04,352604,Kamal
35,26,05,352605,Arosbaya
35,26,06,352606,Geger
35,26,07,352607,Klampis
35,26,08,352608,Sepulu
35,26,09,352609,Tanjung Bumi (Tanjungbumi)
35,26,10,352610,Kokop
35,26,11,352611,Kwanyar
35,26,12,352612,Labang
35,26,13,352613,Tanah Merah
35,26,14,352614,Tragah
35,26,15,352615,Blega
35,26,16,352616,Modung
35,26,17,352617,Konang
35,26,18,352618,Galis
35,27,01,352701,Sreseh
35,27,02,352702,Torjun
35,27,03,352703,Sampang
35,27,04,352704,Camplong
35,27,05,352705,Omben
35,27,06,352706,Kedungdung
35,27,07,352707,Jrengik
35,27,08,352708,Tambelangan
35,27,09,352709,Banyuates
35,27,10,352710,Robatal
35,27,11,352711,Sokobanah
35,27,12,352712,Ketapang
35,27,13,352713,Pangarengan
35,27,14,352714,Karangpenang (Karang Penang)
35,28,01,352801,Tlanakan
35,28,02,352802,Pademawu
35,28,03,352803,Galis
35,28,04,352804,Pamekasan
35,28,05,352805,Proppo
35,28,06,352806,"Palengaan (Palenggaan, Palenga'an)"
35,28,07,352807,Pegantenan
35,28,08,352808,Larangan
35,28,09,352809,Pakong
35,28,10,352810,Waru
35,28,11,352811,Batumarmar
35,28,12,352812,Kadur
35,28,13,352813,Pasean
35,29,01,352901,Kota Sumenep
35,29,02,352902,Kalianget
35,29,03,352903,Manding
35,29,04,352904,Talango
35,29,05,352905,Bluto
35,29,06,352906,Saronggi
35,29,07,352907,Lenteng
35,29,08,352908,Giliginting (Gili Ginting)
35,29,09,352909,Guluk-Guluk (Guluk Guluk)
35,29,10,352910,Ganding
35,29,11,352911,Pragaan
35,29,12,352912,Ambunten
35,29,13,352913,Pasongsongan
35,29,14,352914,Dasuk
35,29,15,352915,Rubaru
35,29,16,352916,Batang Batang
35,29,17,352917,Batuputih
35,29,18,352918,Dungkek
35,29,19,352919,Gapura
35,29,20,352920,Gayam
35,29,21,352921,Nonggunong
35,29,22,352922,Ra'as (Raas)
35,29,23,352923,Masalembu
35,29,24,352924,Arjasa
35,29,25,352925,Sapeken
35,29,26,352926,Batuan
35,29,27,352927,Kangayan
35,71,01,357101,Mojoroto
35,71,02,357102,Kota (Kediri Kota)
35,71,03,357103,Pesantren
35,72,01,357201,Kepanjenkidul (Kepanjen Kidul)
35,72,02,357202,Sukorejo
35,72,03,357203,Sananwetan (Sanan Wetan)
35,73,01,357301,Blimbing
35,73,02,357302,Klojen
35,73,03,357303,Kedungkandang
35,73,04,357304,Sukun
35,73,05,357305,Lowokwaru
35,74,01,357401,Kademangan
35,74,02,357402,Wonoasih
35,74,03,357403,Mayangan
35,74,04,357404,Kanigaran
35,74,05,357405,Kedopok (Kedopak)
35,75,01,357501,Gadingrejo
35,75,02,357502,Purworejo
35,75,03,357503,Bugul Kidul
35,75,04,357504,Panggungrejo
35,76,01,357601,Prajuritkulon (Prajurit Kulon)
35,76,02,357602,Magersari
35,76,03,357603,Kranggan
35,77,01,357701,Kartoharjo
35,77,02,357702,Manguharjo
35,77,03,357703,Taman
35,78,01,357801,Karang Pilang (Karangpilang)
35,78,02,357802,Wonocolo
35,78,03,357803,Rungkut
35,78,04,357804,Wonokromo
35,78,05,357805,Tegalsari
35,78,06,357806,Sawahan
35,78,07,357807,Genteng
35,78,08,357808,Gubeng
35,78,09,357809,Sukolilo
35,78,10,357810,Tambaksari
35,78,11,357811,Simokerto
35,78,12,357812,Pabean Cantian (Pabean Cantikan)
35,78,13,357813,Bubutan
35,78,14,357814,Tandes
35,78,15,357815,Krembangan
35,78,16,357816,Semampir
35,78,17,357817,Kenjeran
35,78,18,357818,Lakarsantri
35,78,19,357819,Benowo
35,78,20,357820,Wiyung
35,78,21,357821,Dukuh Pakis
35,78,22,357822,Gayungan
35,78,23,357823,Jambangan
35,78,24,357824,Tenggilis Mejoyo
35,78,25,357825,Gunung Anyar (Gununganyar)
35,78,26,357826,Mulyorejo
35,78,27,357827,Sukomanunggal
35,78,28,357828,Asem Rowo (Asemrowo)
35,78,29,357829,Bulak
35,78,30,357830,Pakal
35,78,31,357831,Sambikerep
35,79,01,357901,Batu
35,79,02,357902,Bumiaji
35,79,03,357903,Junrejo
36,01,01,360101,Sumur
36,01,02,360102,Cimanggu
36,01,03,360103,Cibaliung
36,01,04,360104,Cikeusik
36,01,05,360105,Cigeulis
36,01,06,360106,Panimbang
36,01,07,360107,Angsana
36,01,08,360108,Munjul
36,01,09,360109,Pagelaran
36,01,10,360110,Bojong
36,01,11,360111,Picung
36,01,12,360112,Labuan
36,01,13,360113,Menes
36,01,14,360114,Saketi
36,01,15,360115,Cipeucang
36,01,16,360116,Jiput
36,01,17,360117,Mandalawangi
36,01,18,360118,Cimanuk
36,01,19,360119,Kaduhejo
36,01,20,360120,Banjar
36,01,21,360121,Pandeglang
36,01,22,360122,Cadasari
36,01,23,360123,Cisata
36,01,24,360124,Patia
36,01,25,360125,Karang Tanjung
36,01,26,360126,Cikedal (Cikeudal)
36,01,27,360127,Cibitung
36,01,28,360128,Carita
36,01,29,360129,Sukaresmi
36,01,30,360130,Mekarjaya
36,01,31,360131,Sindangresmi
36,01,32,360132,Pulosari
36,01,33,360133,Koroncong
36,01,34,360134,Majasari
36,01,35,360135,Sobang
36,02,01,360201,Malingping
36,02,02,360202,Panggarangan
36,02,03,360203,Bayah
36,02,04,360204,Cipanas
36,02,05,360205,Muncang
36,02,06,360206,Leuwidamar
36,02,07,360207,Bojongmanik
36,02,08,360208,Gunungkencana (Gunung Kencana)
36,02,09,360209,Banjarsari
36,02,10,360210,Cileles
36,02,11,360211,Cimarga
36,02,12,360212,Sajira
36,02,13,360213,Maja
36,02,14,360214,Rangkasbitung
36,02,15,360215,Warunggunung
36,02,16,360216,Cijaku
36,02,17,360217,Cikulur
36,02,18,360218,Cibadak
36,02,19,360219,Cibeber
36,02,20,360220,Cilograng
36,02,21,360221,Wanasalam
36,02,22,360222,Sobang
36,02,23,360223,Curug bitung (Curugbitung)
36,02,24,360224,Kalanganyar
36,02,25,360225,Lebakgedong
36,02,26,360226,Cihara
36,02,27,360227,Cirinten
36,02,28,360228,Cigemlong (Cigemblong)
36,03,01,360301,Balaraja
36,03,02,360302,Jayanti
36,03,03,360303,Tigaraksa
36,03,04,360304,Jambe
36,03,05,360305,Cisoka
36,03,06,360306,Kresek
36,03,07,360307,Kronjo
36,03,08,360308,Mauk
36,03,09,360309,Kemiri
36,03,10,360310,Sukadiri
36,03,11,360311,Rajeg
36,03,12,360312,Pasar Kemis
36,03,13,360313,Teluknaga
36,03,14,360314,Kosambi
36,03,15,360315,Pakuhaji
36,03,16,360316,Sepatan
36,03,17,360317,Curug
36,03,18,360318,Cikupa
36,03,19,360319,Panongan
36,03,20,360320,Legok
36,03,22,360322,Pagedangan
36,03,23,360323,Cisauk
36,03,27,360327,Sukamulya
36,03,28,360328,Kelapa Dua
36,03,29,360329,Sindang Jaya
36,03,30,360330,Sepatan Timur
36,03,31,360331,Solear
36,03,32,360332,Gunung Kaler
36,03,33,360333,Mekar Baru
36,04,05,360405,Kramatwatu
36,04,06,360406,Waringinkurung (Waringin Kurung)
36,04,07,360407,Bojonegara
36,04,08,360408,Pulo Ampel
36,04,09,360409,Ciruas
36,04,11,360411,Kragilan
36,04,12,360412,Pontang
36,04,13,360413,Tirtayasa
36,04,14,360414,Tanara
36,04,15,360415,Cikande
36,04,16,360416,Kibin
36,04,17,360417,Carenang (Cerenang)
36,04,18,360418,Binuang
36,04,19,360419,Petir
36,04,20,360420,Tunjung Teja
36,04,22,360422,Baros
36,04,23,360423,Cikeusal
36,04,24,360424,Pamarayan
36,04,25,360425,Kopo
36,04,26,360426,Jawilan
36,04,27,360427,Ciomas
36,04,28,360428,Pabuaran
36,04,29,360429,Padarincang
36,04,30,360430,Anyar
36,04,31,360431,Cinangka
36,04,32,360432,Mancak
36,04,33,360433,Gunungsari (Gunung Sari)
36,04,34,360434,Bandung
36,04,35,360435,Lebak Wangi
36,71,01,367101,Tangerang
36,71,02,367102,Jatiuwung
36,71,03,367103,Batuceper
36,71,04,367104,Benda
36,71,05,367105,Cipondoh
36,71,06,367106,Ciledug
36,71,07,367107,Karawaci
36,71,08,367108,Periuk
36,71,09,367109,Cibodas
36,71,10,367110,Neglasari
36,71,11,367111,Pinang (Penang)
36,71,12,367112,Karang Tengah
36,71,13,367113,Larangan
36,72,01,367201,Cibeber
36,72,02,367202,Cilegon
36,72,03,367203,Pulomerak
36,72,04,367204,Ciwandan
36,72,05,367205,Jombang
36,72,06,367206,Gerogol
36,72,07,367207,Purwakarta
36,72,08,367208,Citangkil
36,73,01,367301,Serang
36,73,02,367302,Kasemen
36,73,03,367303,Walantaka
36,73,04,367304,Curug
36,73,05,367305,Cipocok Jaya
36,73,06,367306,Taktakan
36,74,01,367401,Serpong
36,74,02,367402,Serpong Utara
36,74,03,367403,Pondok Aren
36,74,04,367404,Ciputat
36,74,05,367405,Ciputat Timur
36,74,06,367406,Pamulang
36,74,07,367407,Setu
51,01,01,510101,Negara
51,01,02,510102,Mendoyo
51,01,03,510103,Pekutatan
51,01,04,510104,Melaya
51,01,05,510105,Jembrana
51,02,01,510201,Selemadeg
51,02,02,510202,"Selemadeg Timur (Salamadeg Timur, Salemadeg Timur)"
51,02,03,510203,Selemadeg Barat (Salemadeg Barat)
51,02,04,510204,Kerambitan
51,02,05,510205,Tabanan
51,02,06,510206,Kediri
51,02,07,510207,Marga
51,02,08,510208,Penebel
51,02,09,510209,Baturiti
51,02,10,510210,Pupuan
51,03,01,510301,Kuta
51,03,02,510302,Mengwi
51,03,03,510303,Abiansemal
51,03,04,510304,Petang
51,03,05,510305,Kuta Selatan
51,03,06,510306,Kuta Utara
51,04,01,510401,Sukawati
51,04,02,510402,Blahbatuh (Belah Batuh)
51,04,03,510403,Gianyar
51,04,04,510404,Tampaksiring (Tampak Siring)
51,04,05,510405,Ubud
51,04,06,510406,Tegallalang
51,04,07,510407,Payangan
51,05,01,510501,Nusa Penida (Nusapenida)
51,05,02,510502,Banjarangkan
51,05,03,510503,Klungkung
51,05,04,510504,Dawan
51,06,01,510601,Susut
51,06,02,510602,Bangli
51,06,03,510603,Tembuku
51,06,04,510604,Kintamani
51,07,01,510701,Rendang
51,07,02,510702,Sidemen
51,07,03,510703,Manggis
51,07,04,510704,Karangasem (Karang Asem)
51,07,05,510705,Abang
51,07,06,510706,Bebandem
51,07,07,510707,Selat
51,07,08,510708,Kubu
51,08,01,510801,Gerokgak
51,08,02,510802,Seririt
51,08,03,510803,Busungbiu (Busung biu)
51,08,04,510804,Banjar
51,08,05,510805,Sukasada
51,08,06,510806,Buleleng
51,08,07,510807,Sawan
51,08,08,510808,Kubutambahan
51,08,09,510809,Tejakula
51,71,01,517101,Denpasar Selatan
51,71,02,517102,Denpasar Timur
51,71,03,517103,Denpasar Barat
51,71,04,517104,Denpasar Utara
52,01,01,520101,Gerung
52,01,02,520102,Kediri
52,01,03,520103,Narmada
52,01,07,520107,Sekotong
52,01,08,520108,Labuapi
52,01,09,520109,Gunungsari
52,01,12,520112,Lingsar
52,01,13,520113,Lembar
52,01,14,520114,Batu Layar
52,01,15,520115,Kuripan
52,02,01,520201,Praya
52,02,02,520202,Jonggat
52,02,03,520203,Batukliang
52,02,04,520204,Pujut
52,02,05,520205,Praya Barat
52,02,06,520206,Praya Timur
52,02,07,520207,Janapria
52,02,08,520208,Pringgarata
52,02,09,520209,Kopang
52,02,10,520210,Praya Tengah
52,02,11,520211,Praya Barat Daya
52,02,12,520212,Batukliang Utara
52,03,01,520301,Keruak
52,03,02,520302,Sakra
52,03,03,520303,Terara
52,03,04,520304,Sikur
52,03,05,520305,Masbagik
52,03,06,520306,Sukamulia
52,03,07,520307,Selong
52,03,08,520308,Pringgabaya
52,03,09,520309,Aikmel
52,03,10,520310,Sambelia (Sambalia)
52,03,11,520311,Montong Gading
52,03,12,520312,Pringgasela
52,03,13,520313,Suralaga
52,03,14,520314,Wanasaba
52,03,15,520315,Sembalun
52,03,16,520316,Suwela (Suela)
52,03,17,520317,Labuhan Haji
52,03,18,520318,Sakra Timur
52,03,19,520319,Sakra Barat
52,03,20,520320,Jerowaru
52,03,21,520321,Lenek
52,04,02,520402,Lunyuk
52,04,05,520405,Alas
52,04,06,520406,Utan
52,04,07,520407,Batu Lanteh (Batulanteh)
52,04,08,520408,Sumbawa
52,04,09,520409,Moyo Hilir
52,04,10,520410,Moyo Hulu
52,04,11,520411,Ropang
52,04,12,520412,Lape (Lape Lopok)
52,04,13,520413,Plampang
52,04,14,520414,Empang
52,04,17,520417,Alas Barat
52,04,18,520418,Labuhan Badas
52,04,19,520419,Labangka
52,04,20,520420,Buer
52,04,21,520421,Rhee
52,04,22,520422,Unter Iwes (Unterwiris)
52,04,23,520423,Moyo Utara
52,04,24,520424,Maronge
52,04,25,520425,Tarano
52,04,26,520426,Lopok
52,04,27,520427,Lenangguar
52,04,28,520428,Orong Telu
52,04,29,520429,Lantung
52,05,01,520501,Dompu
52,05,02,520502,Kempo
52,05,03,520503,Hu'u
52,05,04,520504,Kilo
52,05,05,520505,Woja
52,05,06,520506,Pekat
52,05,07,520507,Manggalewa
52,05,08,520508,Pajo
52,06,01,520601,Monta
52,06,02,520602,Bolo
52,06,03,520603,Woha
52,06,04,520604,Belo
52,06,05,520605,Wawo
52,06,06,520606,Sape
52,06,07,520607,Wera
52,06,08,520608,Donggo
52,06,09,520609,Sanggar
52,06,10,520610,Ambalawi
52,06,11,520611,Langgudu
52,06,12,520612,Lambu
52,06,13,520613,Madapangga
52,06,14,520614,Tambora
52,06,15,520615,Soromandi
52,06,16,520616,Parado
52,06,17,520617,Lambitu
52,06,18,520618,Palibelo
52,07,01,520701,Jereweh
52,07,02,520702,Taliwang
52,07,03,520703,Seteluk (Sateluk)
52,07,04,520704,Sekongkang
52,07,05,520705,Brang Rea
52,07,06,520706,Poto Tano
52,07,07,520707,Brang Ene
52,07,08,520708,Maluk
52,08,01,520801,Tanjung
52,08,02,520802,Gangga
52,08,03,520803,Kayangan
52,08,04,520804,Bayan
52,08,05,520805,Pemenang
52,71,01,527101,Ampenan
52,71,02,527102,Mataram
52,71,03,527103,Cakranegara
52,71,04,527104,Sekarbela
52,71,05,527105,Selaprang (Selaparang)
52,71,06,527106,Sandubaya (Sandujaya)
52,72,01,527201,Rasanae Barat
52,72,02,527202,Rasanae Timur
52,72,03,527203,Asakota
52,72,04,527204,Raba
52,72,05,527205,Mpunda
53,01,04,530104,Semau
53,01,05,530105,Kupang Barat
53,01,06,530106,Kupang Timur
53,01,07,530107,Sulamu
53,01,08,530108,Kupang Tengah
53,01,09,530109,Amarasi
53,01,10,530110,Fatuleu
53,01,11,530111,Takari
53,01,12,530112,Amfoang Selatan
53,01,13,530113,Amfoang Utara
53,01,16,530116,Nekamese
53,01,17,530117,Amarasi Barat
53,01,18,530118,Amarasi Selatan
53,01,19,530119,Amarasi Timur
53,01,20,530120,Amabi Oefeto Timur
53,01,21,530121,Amfoang Barat Daya
53,01,22,530122,Amfoang Barat Laut
53,01,23,530123,Semau Selatan
53,01,24,530124,Taebenu
53,01,25,530125,Amabi Oefeto
53,01,26,530126,Amfoang Timur
53,01,27,530127,Fatuleu Barat
53,01,28,530128,Fatuleu Tengah
53,01,30,530130,Amfoang Tengah
53,02,01,530201,Kota Soe
53,02,02,530202,Mollo Selatan
53,02,03,530203,Mollo Utara
53,02,04,530204,Amanuban Timur
53,02,05,530205,Amanuban Tengah
53,02,06,530206,Amanuban Selatan
53,02,07,530207,Amanuban Barat
53,02,08,530208,Amanatun Selatan
53,02,09,530209,Amanatun Utara
53,02,10,530210,"KI'E (Kie, Ki'e)"
53,02,11,530211,Kuanfatu
53,02,12,530212,Fatumnasi
53,02,13,530213,Polen
53,02,14,530214,Batu Putih
53,02,15,530215,Boking
53,02,16,530216,Toianas
53,02,17,530217,Nunkolo
53,02,18,530218,Oenino
53,02,19,530219,Kolbano
53,02,20,530220,Kot Olin
53,02,21,530221,Kualin
53,02,22,530222,Mollo Barat
53,02,23,530223,Kok Baun
53,02,24,530224,Noebana
53,02,25,530225,Santian
53,02,26,530226,Noebeba
53,02,27,530227,Kuatnana
53,02,28,530228,Fautmolo
53,02,29,530229,Fatukopa
53,02,30,530230,Mollo Tengah
53,02,31,530231,Tobu
53,02,32,530232,Nunbena
53,03,01,530301,Miomaffo Timur (Miomafo Timur)
53,03,02,530302,Miomaffo Barat (Miomafo Barat)
53,03,03,530303,Biboki Selatan
53,03,04,530304,Noemuti
53,03,05,530305,Kota Kefamenanu
53,03,06,530306,Biboki Utara
53,03,07,530307,Biboki Anleu
53,03,08,530308,Insana
53,03,09,530309,Insana Utara
53,03,10,530310,Noemuti Timur
53,03,11,530311,Miomaffo Tengah (Miomafo Tengah)
53,03,12,530312,Musi
53,03,13,530313,Mutis
53,03,14,530314,Bikomi Selatan
53,03,15,530315,Bikomi Tengah
53,03,16,530316,Bikomi Nilulat
53,03,17,530317,Bikomi Utara
53,03,18,530318,Naibenu
53,03,19,530319,Insana Fafinesu
53,03,20,530320,Insana Barat
53,03,21,530321,Insana Tengah
53,03,22,530322,Biboki Tan Pah
53,03,23,530323,Biboki Moenleu
53,03,24,530324,Biboki Feotleu
53,04,01,530401,Lamaknen
53,04,02,530402,Tasifeto Timur
53,04,03,530403,Raihat
53,04,04,530404,Tasifeto Barat
53,04,05,530405,Kakuluk Mesak
53,04,12,530412,Kota Atambua (Atambua Kota)
53,04,13,530413,Raimanuk
53,04,17,530417,Lasiolat
53,04,18,530418,Lamaknen Selatan
53,04,21,530421,Atambua Barat
53,04,22,530422,Atambua Selatan
53,04,23,530423,Nanaet Duabesi
53,05,01,530501,Teluk Mutiara
53,05,02,530502,Alor Barat Laut
53,05,03,530503,Alor Barat Daya
53,05,04,530504,Alor Selatan
53,05,05,530505,Alor Timur
53,05,06,530506,Pantar
53,05,07,530507,Alor Tengah Utara
53,05,08,530508,Alor Timur Laut
53,05,09,530509,Pantar Barat
53,05,10,530510,Kabola
53,05,11,530511,Pulau Pura
53,05,12,530512,Mataru
53,05,13,530513,Pureman
53,05,14,530514,Pantar Timur
53,05,15,530515,Lembur
53,05,16,530516,Pantar Tengah
53,05,17,530517,Pantar Baru Laut
53,05,18,530518,Abad Selatan
53,06,01,530601,Wulanggitang
53,06,02,530602,Titehena
53,06,03,530603,Larantuka
53,06,04,530604,Ile Mandiri
53,06,05,530605,Tanjung Bunga
53,06,06,530606,Solor Barat
53,06,07,530607,Solor Timur
53,06,08,530608,Adonara Barat
53,06,09,530609,Wotan Ulumando
53,06,10,530610,Adonara Timur
53,06,11,530611,Kelubagolit
53,06,12,530612,Witihama
53,06,13,530613,Ile Boleng
53,06,14,530614,Demon Pagong
53,06,15,530615,Lewolema
53,06,16,530616,Ile Bura
53,06,17,530617,Adonara
53,06,18,530618,Adonara Tengah
53,06,19,530619,Solor Selatan
53,07,01,530701,Paga
53,07,02,530702,Mego
53,07,03,530703,Lela
53,07,04,530704,Nita
53,07,05,530705,Alok
53,07,06,530706,Palue
53,07,07,530707,Nelle (Maumerei)
53,07,08,530708,Talibura
53,07,09,530709,Waigete
53,07,10,530710,Kewapante
53,07,11,530711,Bola
53,07,12,530712,Magepanda
53,07,13,530713,Waiblama
53,07,14,530714,Alok Barat
53,07,15,530715,Alok Timur
53,07,16,530716,Koting
53,07,17,530717,Tana Wawo
53,07,18,530718,Hewokloang
53,07,19,530719,Kangae
53,07,20,530720,Doreng
53,07,21,530721,Mapitara
53,08,01,530801,Nangapanda
53,08,02,530802,Pulau Ende
53,08,03,530803,Ende
53,08,04,530804,Ende Selatan
53,08,05,530805,Ndona
53,08,06,530806,Detusoko
53,08,07,530807,Wewaria
53,08,08,530808,Wolowaru
53,08,09,530809,Wolojita
53,08,10,530810,Maurole
53,08,11,530811,Maukaro
53,08,12,530812,Lio Timur
53,08,13,530813,Kota Baru
53,08,14,530814,Kelimutu
53,08,15,530815,Detukeli
53,08,16,530816,Ndona Timur
53,08,17,530817,Ndori
53,08,18,530818,Ende Utara
53,08,19,530819,Ende Tengah
53,08,20,530820,Ende Timur
53,08,21,530821,Lepembusu Kelisoke
53,09,01,530901,Aimere
53,09,02,530902,Golewa
53,09,06,530906,Bajawa
53,09,07,530907,Soa
53,09,09,530909,Riung
53,09,12,530912,Jerebuu
53,09,14,530914,Riung Barat
53,09,15,530915,Bajawa Utara
53,09,16,530916,Wolomeze (Riung Selatan)
53,09,18,530918,Golewa Selatan
53,09,19,530919,Golewa Barat
53,09,20,530920,Inerie
53,10,01,531001,Wae Rii
53,10,03,531003,Ruteng
53,10,05,531005,Satar Mese
53,10,06,531006,Cibal
53,10,11,531011,Reok
53,10,12,531012,Langke Rembong
53,10,13,531013,Satar Mese Barat
53,10,14,531014,Rahong Utara
53,10,15,531015,Lelak
53,10,16,531016,Reok Barat
53,10,17,531017,Cibal Barat
53,10,18,531018,Satar Mese Utara
53,11,01,531101,Kota Waingapu
53,11,02,531102,Haharu
53,11,03,531103,Lewa
53,11,04,531104,Nggaha Ori Angu (Nggaha Oriangu)
53,11,05,531105,Tabundung
53,11,06,531106,Pinu Pahar (Pinupahar / Pirapahar)
53,11,07,531107,Pandawai
53,11,08,531108,Umalulu
53,11,09,531109,Rindi
53,11,10,531110,Pahunga Lodu
53,11,11,531111,Wulla Waijelu (Wula Waijelu)
53,11,12,531112,Paberiwai
53,11,13,531113,Karera
53,11,14,531114,Kahaungu Eti (Kahaunguweti)
53,11,15,531115,Matawai La Pawu (Lappau)
53,11,16,531116,Kambera
53,11,17,531117,Kambata Mapambuhang
53,11,18,531118,Lewa Tidahu
53,11,19,531119,Katala Hamu Lingu
53,11,20,531120,Kanatang
53,11,21,531121,Ngadu Ngala
53,11,22,531122,Mahu
53,12,04,531204,Tana Righu
53,12,10,531210,Loli
53,12,11,531211,Wanokaka
53,12,12,531212,Lamboya
53,12,15,531215,Kota Waikabubak
53,12,18,531218,Laboya Barat (Lamboya Barat)
53,13,01,531301,Naga Wutung
53,13,02,531302,Atadei
53,13,03,531303,Ile Ape
53,13,04,531304,Lebatukan
53,13,05,531305,Nubatukan
53,13,06,531306,Omesuri
53,13,07,531307,Buyasuri
53,13,08,531308,Wulandoni
53,13,09,531309,Ile Ape Timur
53,14,01,531401,Rote Barat Daya
53,14,02,531402,Rote Barat Laut
53,14,03,531403,Lobalain
53,14,04,531404,Rote Tengah
53,14,05,531405,Pantai Baru
53,14,06,531406,Rote Timur
53,14,07,531407,Rote Barat
53,14,08,531408,Rote Selatan
53,14,09,531409,Ndao Nuse
53,14,10,531410,Landu Leko
53,14,11,531411,Loaholu
53,15,01,531501,Macang Pacar
53,15,02,531502,Kuwus
53,15,03,531503,Lembor
53,15,04,531504,Sano Nggoang
53,15,05,531505,Komodo
53,15,06,531506,Boleng
53,15,07,531507,Welak
53,15,08,531508,Ndoso
53,15,09,531509,Lembor Selatan
53,15,10,531510,Mbeliling
53,15,11,531511,Pacar
53,15,12,531512,Kuwus Barat
53,16,01,531601,Aesesa
53,16,02,531602,Nangaroro
53,16,03,531603,Boawae
53,16,04,531604,Mauponggo
53,16,05,531605,Wolowae
53,16,06,531606,Keo Tengah
53,16,07,531607,Aesesa Selatan
53,17,01,531701,Katiku Tana
53,17,02,531702,Umbu Ratu Nggay Barat
53,17,03,531703,Mamboro
53,17,04,531704,Umbu Ratu Nggay
53,17,05,531705,Katiku Tana Selatan (Katikutana Selatan)
53,17,06,531706,Umbu Ratu Nggay Tengah
53,18,01,531801,Loura
53,18,02,531802,Wewewa Utara
53,18,03,531803,Wewewa Timur
53,18,04,531804,Wewewa Barat
53,18,05,531805,Wewewa Selatan
53,18,06,531806,Kodi Bangedo
53,18,07,531807,Kodi
53,18,08,531808,Kodi Utara
53,18,09,531809,Kota Tambolaka
53,18,10,531810,Wewewa Tengah
53,18,11,531811,Kodi Balaghar
53,19,01,531901,Borong
53,19,02,531902,Lamba Leda Selatan (Poco Ranaka)
53,19,03,531903,Lamba Leda
53,19,04,531904,Sambi Rampas
53,19,05,531905,Elar
53,19,06,531906,Kota Komba
53,19,07,531907,Rana Mese
53,19,08,531908,Lamba Leda Timur (Poco Ranaka Timur)
53,19,09,531909,Elar Selatan
53,19,10,531910,Kota Komba Utara
53,19,11,531911,Lamba Leda Utara
53,19,12,531912,Congkar
53,20,01,532001,Sabu Barat
53,20,02,532002,Sabu Tengah
53,20,03,532003,Sabu Timur
53,20,04,532004,Sabu Liae
53,20,05,532005,Hawu Mehara
53,20,06,532006,Raijua
53,21,01,532101,Malaka Tengah
53,21,02,532102,Malaka Barat
53,21,03,532103,Wewiku
53,21,04,532104,Weliman
53,21,05,532105,Rinhat
53,21,06,532106,Io Kufeu
53,21,07,532107,Sasitamean
53,21,08,532108,Laenmanen
53,21,09,532109,Malaka Timur
53,21,10,532110,Kobalima Timur
53,21,11,532111,Kobalima
53,21,12,532112,Botin Leobele
53,71,01,537101,Alak
53,71,02,537102,Maulafa
53,71,03,537103,Kelapa Lima
53,71,04,537104,Oebobo
53,71,05,537105,Kota Raja
53,71,06,537106,Kota Lama
61,01,01,610101,Sambas
61,01,02,610102,Teluk Keramat
61,01,03,610103,Jawai
61,01,04,610104,Tebas
61,01,05,610105,Pemangkat
61,01,06,610106,Sejangkung
61,01,07,610107,Selakau
61,01,08,610108,Paloh
61,01,09,610109,Sajingan Besar
61,01,10,610110,Subah
61,01,11,610111,Galing
61,01,12,610112,Tekarang
61,01,13,610113,Semparuk
61,01,14,610114,Sajad
61,01,15,610115,Sebawi
61,01,16,610116,Jawai Selatan
61,01,17,610117,Tangaran
61,01,18,610118,Salatiga
61,01,19,610119,Selakau Timur
61,02,01,610201,Mempawah Hilir
61,02,06,610206,Toho
61,02,07,610207,Sungai Pinyuh (Sei Pinyuh)
61,02,08,610208,Jongkat (Siantan)
61,02,12,610212,Sungai Kunyit
61,02,15,610215,Segedong
61,02,16,610216,Anjongan
61,02,17,610217,Sadaniang
61,02,18,610218,Mempawah Timur
61,03,01,610301,Kapuas (Sanggau Kapuas)
61,03,02,610302,Mukok
61,03,03,610303,Noyan
61,03,04,610304,Jangkang
61,03,05,610305,Bonti
61,03,06,610306,Beduai (Beduwai)
61,03,07,610307,Sekayam
61,03,08,610308,Kembayan
61,03,09,610309,Parindu
61,03,10,610310,Tayan Hulu
61,03,11,610311,Tayan Hilir
61,03,12,610312,Balai
61,03,13,610313,Toba
61,03,20,610320,Meliau
61,03,21,610321,Entikong
61,04,01,610401,Matan Hilir Utara
61,04,02,610402,Marau
61,04,03,610403,Manis Mata
61,04,04,610404,Kendawangan
61,04,05,610405,Sandai
61,04,07,610407,Sungai Laur
61,04,08,610408,Simpang Hulu
61,04,11,610411,Nanga Tayap
61,04,12,610412,Matan Hilir Selatan
61,04,13,610413,Tumbang Titi
61,04,14,610414,Jelai Hulu
61,04,16,610416,Delta Pawan
61,04,17,610417,Muara Pawan
61,04,18,610418,Benua Kayong
61,04,19,610419,Hulu Sungai
61,04,20,610420,Simpang Dua
61,04,21,610421,Air Upas
61,04,22,610422,Singkup
61,04,24,610424,Pemahan
61,04,25,610425,Sungai Melayu Rayak
61,05,01,610501,Sintang
61,05,02,610502,Tempunak
61,05,03,610503,Sepauk
61,05,04,610504,Ketungau Hilir
61,05,05,610505,Ketungau Tengah
61,05,06,610506,Ketungau Hulu
61,05,07,610507,Dedai
61,05,08,610508,Kayan Hilir
61,05,09,610509,Kayan Hulu
61,05,14,610514,Serawai
61,05,15,610515,Ambalau
61,05,19,610519,Kelam Permai
61,05,20,610520,Sungai Tebelian
61,05,21,610521,Binjai Hulu
61,06,01,610601,Putussibau Utara
61,06,02,610602,Bika
61,06,03,610603,Embaloh Hilir
61,06,04,610604,Embaloh Hulu
61,06,05,610605,Bunut Hilir
61,06,06,610606,Bunut Hulu
61,06,07,610607,Jongkong (Jengkong)
61,06,08,610608,Hulu Gurung
61,06,09,610609,Selimbau
61,06,10,610610,Semitau
61,06,11,610611,Seberuang
61,06,12,610612,Batang Lupar
61,06,13,610613,Empanang
61,06,14,610614,Badau
61,06,15,610615,Silat Hilir
61,06,16,610616,Silat Hulu
61,06,17,610617,Putussibau Selatan
61,06,18,610618,Kalis
61,06,19,610619,Boyan Tanjung
61,06,20,610620,Mentebah
61,06,21,610621,Pengkadan (Batu Datu)
61,06,22,610622,Suhaid
61,06,23,610623,Puring Kencana
61,07,01,610701,Sungai Raya
61,07,02,610702,Samalantan
61,07,03,610703,Ledo
61,07,04,610704,Bengkayang
61,07,05,610705,Seluas
61,07,06,610706,Sanggau Ledo
61,07,07,610707,Jagoi Babang
61,07,08,610708,Monterado
61,07,09,610709,Teriak
61,07,10,610710,Suti Semarang
61,07,11,610711,Capkala
61,07,12,610712,Siding
61,07,13,610713,Lumar
61,07,14,610714,Sungai Betung
61,07,15,610715,Sungai Raya Kepulauan
61,07,16,610716,Lembah Bawang
61,07,17,610717,Tujuh Belas
61,08,01,610801,Ngabang
61,08,02,610802,Mempawah Hulu
61,08,03,610803,Menjalin
61,08,04,610804,Mandor
61,08,05,610805,Air Besar
61,08,06,610806,Menyuke
61,08,07,610807,Sengah Temila
61,08,08,610808,Meranti
61,08,09,610809,Kuala Behe
61,08,10,610810,Sebangki
61,08,11,610811,Jelimpo
61,08,12,610812,Banyuke Hulu
61,08,13,610813,Sompak
61,09,01,610901,Sekadau Hilir
61,09,02,610902,Sekadau Hulu
61,09,03,610903,Nanga Taman
61,09,04,610904,Nanga Mahap
61,09,05,610905,Belitang Hilir
61,09,06,610906,Belitang Hulu
61,09,07,610907,Belitang
61,10,01,611001,Belimbing
61,10,02,611002,Nanga Pinoh
61,10,03,611003,Ella Hilir
61,10,04,611004,Menukung
61,10,05,611005,Sayan
61,10,06,611006,Tanah Pinoh
61,10,07,611007,Sokan
61,10,08,611008,Pinoh Utara
61,10,09,611009,Pinoh Selatan
61,10,10,611010,Belimbing Hulu
61,10,11,611011,Tanah Pinoh Barat
61,11,01,611101,Sukadana
61,11,02,611102,Simpang Hilir
61,11,03,611103,Teluk Batang
61,11,04,611104,Pulau Maya (Pulau Maya Karimata)
61,11,05,611105,Seponti
61,11,06,611106,Kepulauan Karimata
61,12,01,611201,Sungai Raya
61,12,02,611202,Kuala Mandor B
61,12,03,611203,Sungai Ambawang
61,12,04,611204,Terentang
61,12,05,611205,Batu Ampar
61,12,06,611206,Kubu
61,12,07,611207,Rasau Jaya
61,12,08,611208,Teluk Pakedai
61,12,09,611209,Sungai Kakap
61,71,01,617101,Pontianak Selatan
61,71,02,617102,Pontianak Timur
61,71,03,617103,Pontianak Barat
61,71,04,617104,Pontianak Utara
61,71,05,617105,Pontianak Kota
61,71,06,617106,Pontianak Tenggara
61,72,01,617201,Singkawang Tengah
61,72,02,617202,Singkawang Barat
61,72,03,617203,Singkawang Timur
61,72,04,617204,Singkawang Utara
61,72,05,617205,Singkawang Selatan
62,01,01,620101,Kumai
62,01,02,620102,Arut Selatan
62,01,03,620103,Kotawaringin Lama
62,01,04,620104,Arut Utara
62,01,05,620105,Pangkalan Lada
62,01,06,620106,Pangkalan Banteng
62,02,01,620201,Kota Besi
62,02,02,620202,Cempaga
62,02,03,620203,Mentaya Hulu
62,02,04,620204,Parenggean
62,02,05,620205,Baamang
62,02,06,620206,Mentawa Baru Ketapang
62,02,07,620207,Mentaya Hilir Utara
62,02,08,620208,Mentaya Hilir Selatan
62,02,09,620209,Pulau Hanaut
62,02,10,620210,Antang Kalang
62,02,11,620211,Teluk Sampit
62,02,12,620212,Seranau
62,02,13,620213,Cempaga Hulu
62,02,14,620214,Telawang
62,02,15,620215,Bukit Santuai (Bukit Santuei)
62,02,16,620216,Tualan Hulu
62,02,17,620217,Telaga Antang
62,03,01,620301,Selat
62,03,02,620302,Kapuas Hilir
62,03,03,620303,Kapuas Timur
62,03,04,620304,Kapuas Kuala
62,03,05,620305,Kapuas Barat
62,03,06,620306,Pulau Petak
62,03,07,620307,Kapuas Murung
62,03,08,620308,Basarang
62,03,09,620309,Mantangai
62,03,10,620310,Timpah
62,03,11,620311,Kapuas Tengah
62,03,12,620312,Kapuas Hulu
62,03,13,620313,Tamban Catur
62,03,14,620314,Pasak Talawang
62,03,15,620315,Mandau Talawang
62,03,16,620316,Dadahup
62,03,17,620317,Bataguh
62,04,01,620401,Jenamas
62,04,02,620402,Dusun Hilir
62,04,03,620403,Karau Kuala
62,04,04,620404,Dusun Utara
62,04,05,620405,Gn. Bintang Awai (Gunung Bintang Awai)
62,04,06,620406,Dusun Selatan
62,05,01,620501,Montallat (Montalat)
62,05,02,620502,Gunung Timang
62,05,03,620503,Gunung Purei
62,05,04,620504,Teweh Timur
62,05,05,620505,Teweh Tengah
62,05,06,620506,Lahei
62,05,07,620507,Teweh Baru
62,05,08,620508,Teweh Selatan
62,05,09,620509,Lahei Barat
62,06,01,620601,Kamipang
62,06,02,620602,Katingan Hilir
62,06,03,620603,Tewang Sangalang Garing
62,06,04,620604,Pulau Malan
62,06,05,620605,Katingan Tengah
62,06,06,620606,Sanaman Mantikei (Senamang Mantikei)
62,06,07,620607,Marikit
62,06,08,620608,Katingan Hulu
62,06,09,620609,Mendawai
62,06,10,620610,Katingan Kuala
62,06,11,620611,Tasik Payawan
62,06,12,620612,Petak Malai
62,06,13,620613,Bukit Raya
62,07,01,620701,Seruyan Hilir
62,07,02,620702,Seruyan Tengah
62,07,03,620703,Danau Sembuluh
62,07,04,620704,Hanau
62,07,05,620705,Seruyan Hulu
62,07,06,620706,Seruyan Hilir Timur
62,07,07,620707,Seruyan Raya
62,07,08,620708,Danau Seluluk
62,07,09,620709,Batu Ampar
62,07,10,620710,Suling Tambun
62,08,01,620801,Sukamara
62,08,02,620802,Jelai
62,08,03,620803,Balai Riam
62,08,04,620804,Pantai Lunci
62,08,05,620805,Permata Kecubung
62,09,01,620901,Lamandau
62,09,02,620902,Delang
62,09,03,620903,Bulik
62,09,04,620904,Bulik Timur
62,09,05,620905,Menthobi Raya
62,09,06,620906,Sematu Jaya
62,09,07,620907,Belantikan Raya
62,09,08,620908,Batang Kawa
62,10,01,621001,Sepang (Sepang Simin)
62,10,02,621002,Kurun
62,10,03,621003,Tewah
62,10,04,621004,Kahayan Hulu Utara
62,10,05,621005,Rungan
62,10,06,621006,Manuhing
62,10,07,621007,Mihing Raya
62,10,08,621008,Damang Batu
62,10,09,621009,Miri Manasa
62,10,10,621010,Rungan Hulu
62,10,11,621011,Manuhing Raya (Mahuning Raya)
62,10,12,621012,Rungan Barat
62,11,01,621101,Pandih Batu
62,11,02,621102,Kahayan Kuala
62,11,03,621103,Kahayan Tengah
62,11,04,621104,Banama Tingang
62,11,05,621105,Kahayan Hilir
62,11,06,621106,Maliku
62,11,07,621107,Jabiren Raya
62,11,08,621108,Sebangau Kuala
62,12,01,621201,Murung
62,12,02,621202,Tanah Siang
62,12,03,621203,Laung Tuhup
62,12,04,621204,Permata Intan
62,12,05,621205,Sumber Barito
62,12,06,621206,Barito Tuhup Raya
62,12,07,621207,Tanah Siang Selatan
62,12,08,621208,Sungai Babuat
62,12,09,621209,Seribu Riam
62,12,10,621210,Uut Murung
62,13,01,621301,Dusun Timur
62,13,02,621302,Banua Lima
62,13,03,621303,Patangkep Tutui
62,13,04,621304,Awang
62,13,05,621305,Dusun Tengah
62,13,06,621306,Pematang Karau
62,13,07,621307,Paju Epat
62,13,08,621308,Raren Batuah
62,13,09,621309,Paku
62,13,10,621310,Karusen Janang
62,71,01,627101,Pahandut
62,71,02,627102,Bukit Batu
62,71,03,627103,Jekan Raya
62,71,04,627104,Sabangau (Sebangau)
62,71,05,627105,Rakumpit
63,01,01,630101,Takisung
63,01,02,630102,Jorong
63,01,03,630103,Pelaihari
63,01,04,630104,Kurau
63,01,05,630105,Bati Bati
63,01,06,630106,Panyipatan
63,01,07,630107,Kintap
63,01,08,630108,Tambang Ulang
63,01,09,630109,Batu Ampar
63,01,10,630110,Bajuin
63,01,11,630111,Bumi Makmur
63,02,01,630201,Pulau Sembilan (Pulausembilan)
63,02,02,630202,Pulau Laut Barat (Pulaulaut Barat)
63,02,03,630203,Pulau Laut Selatan (Pulaulaut Selatan)
63,02,04,630204,Pulau Laut Timur (Pulaulaut Timur)
63,02,05,630205,Pulau Sebuku (Pulausebuku)
63,02,06,630206,Pulau Laut Utara (Pulaulaut Utara)
63,02,07,630207,Kelumpang Selatan
63,02,08,630208,Kelumpang Hulu
63,02,09,630209,Kelumpang Tengah
63,02,10,630210,Kelumpang Utara
63,02,11,630211,Pamukan Selatan
63,02,12,630212,Sampanahan
63,02,13,630213,Pamukan Utara
63,02,14,630214,Hampang
63,02,15,630215,Sungai Durian (Sungaidurian)
63,02,16,630216,Pulau Laut Tengah (Pulaulaut Tengah)
63,02,17,630217,Kelumpang Hilir
63,02,18,630218,Kelumpang Barat
63,02,19,630219,Pamukan Barat
63,02,20,630220,Pulau Laut Kepulauan (Pulaulaut Kepulauan)
63,02,21,630221,Pulau Laut Tanjung Selayar
63,02,22,630222,Pulaulaut Sigam
63,03,01,630301,Aluh Aluh
63,03,02,630302,Kertak Hanyar
63,03,03,630303,Gambut
63,03,04,630304,Sungai Tabuk
63,03,05,630305,Martapura (Martapura Kota)
63,03,06,630306,Karang Intan
63,03,07,630307,Astambul
63,03,08,630308,Simpang Empat
63,03,09,630309,Pengaron (Pengarom)
63,03,10,630310,Sungai Pinang
63,03,11,630311,Aranio
63,03,12,630312,Mataraman
63,03,13,630313,Beruntung Baru
63,03,14,630314,Martapura Barat
63,03,15,630315,Martapura Timur
63,03,16,630316,Sambung Makmur
63,03,17,630317,Paramasan (Peramasan)
63,03,18,630318,Telaga Bauntung
63,03,19,630319,Tatah Makmur
63,03,20,630320,Cintapuri Darussalam
63,04,01,630401,Tabunganen
63,04,02,630402,Tamban
63,04,03,630403,Anjir Pasar
63,04,04,630404,Anjir Muara
63,04,05,630405,Alalak
63,04,06,630406,Mandastana
63,04,07,630407,Rantau Badauh
63,04,08,630408,Belawang
63,04,09,630409,Cerbon
63,04,10,630410,Bakumpai
63,04,11,630411,Kuripan
63,04,12,630412,Tabukan
63,04,13,630413,Mekarsari (Mekar Sari)
63,04,14,630414,Barambai
63,04,15,630415,Marabahan
63,04,16,630416,Wanaraya
63,04,17,630417,Jejangkit
63,05,01,630501,Binuang
63,05,02,630502,Tapin Selatan
63,05,03,630503,Tapin Tengah
63,05,04,630504,Tapin Utara
63,05,05,630505,Candi Laras Selatan
63,05,06,630506,Candi Laras Utara
63,05,07,630507,Bakarangan
63,05,08,630508,Piani
63,05,09,630509,Bungur
63,05,10,630510,Lokpaikat
63,05,11,630511,Salam Babaris
63,05,12,630512,Hatungun
63,06,01,630601,Sungai Raya
63,06,02,630602,Padang Batung
63,06,03,630603,Telaga Langsat
63,06,04,630604,Angkinang
63,06,05,630605,Kandangan
63,06,06,630606,Simpur
63,06,07,630607,Daha Selatan
63,06,08,630608,Daha Utara
63,06,09,630609,Kalumpang (Kelumpang)
63,06,10,630610,Loksado
63,06,11,630611,Daha Barat
63,07,01,630701,Haruyan
63,07,02,630702,Batu Benawa
63,07,03,630703,Labuan Amas Selatan
63,07,04,630704,Labuan Amas Utara
63,07,05,630705,Pandawan
63,07,06,630706,Barabai
63,07,07,630707,Batang Alai Selatan
63,07,08,630708,Batang Alai Utara
63,07,09,630709,Hantakan
63,07,10,630710,Batang Alai Timur
63,07,11,630711,Limpasu
63,08,01,630801,Danau Panggang
63,08,02,630802,Babirik
63,08,03,630803,Sungai Pandan
63,08,04,630804,Amuntai Selatan
63,08,05,630805,Amuntai Tengah
63,08,06,630806,Amuntai Utara
63,08,07,630807,Banjang
63,08,08,630808,Haur Gading
63,08,09,630809,Paminggir
63,08,10,630810,Sungai Tabukan
63,09,01,630901,Banua Lawas
63,09,02,630902,Kelua (Klua)
63,09,03,630903,Tanta
63,09,04,630904,Tanjung
63,09,05,630905,Haruai
63,09,06,630906,Murung Pudak
63,09,07,630907,Muara Uya
63,09,08,630908,Muara Harus
63,09,09,630909,Pugaan
63,09,10,630910,Upau
63,09,11,630911,Jaro
63,09,12,630912,Bintang Ara
63,10,01,631001,Batu Licin (Batulicin)
63,10,02,631002,Kusan Hilir
63,10,03,631003,Sungai Loban
63,10,04,631004,Satui
63,10,05,631005,Kusan Hulu
63,10,06,631006,Simpang Empat
63,10,07,631007,Karang Bintang
63,10,08,631008,Mantewe
63,10,09,631009,Angsana
63,10,10,631010,Kuranji
63,10,11,631011,Kusan Tengah
63,10,12,631012,Teluk Kepayang
63,11,01,631101,Juai
63,11,02,631102,Halong
63,11,03,631103,Awayan
63,11,04,631104,Batu Mandi
63,11,05,631105,Lampihong
63,11,06,631106,Paringin
63,11,07,631107,Paringin Selatan
63,11,08,631108,Tebing Tinggi
63,71,01,637101,Banjarmasin Selatan
63,71,02,637102,Banjarmasin Timur
63,71,03,637103,Banjarmasin Barat
63,71,04,637104,Banjarmasin Utara
63,71,05,637105,Banjarmasin Tengah
63,72,02,637202,Landasan Ulin
63,72,03,637203,Cempaka
63,72,04,637204,Banjarbaru Utara (Banjar Baru Utara)
63,72,05,637205,Banjarbaru Selatan (Banjar Baru Selatan)
63,72,06,637206,Liang Anggang
64,01,01,640101,Batu Sopang
64,01,02,640102,Tanjung Harapan
64,01,03,640103,Paser Belengkong (Pasir Belengkong)
64,01,04,640104,Tanah Grogot
64,01,05,640105,Kuaro
64,01,06,640106,Long Ikis
64,01,07,640107,Muara Komam
64,01,08,640108,Long Kali
64,01,09,640109,Batu Engau
64,01,10,640110,Muara Samu
64,02,01,640201,Muara Muntai
64,02,02,640202,Loa Kulu
64,02,03,640203,Loa Janan
64,02,04,640204,Anggana
64,02,05,640205,Muara Badak
64,02,06,640206,Tenggarong
64,02,07,640207,Sebulu
64,02,08,640208,Kota Bangun
64,02,09,640209,Kenohan
64,02,10,640210,Kembang Janggut
64,02,11,640211,Muara Kaman
64,02,12,640212,Tabang
64,02,13,640213,Samboja (Semboja)
64,02,14,640214,Muara Jawa
64,02,15,640215,Sanga Sanga
64,02,16,640216,Tenggarong Seberang
64,02,17,640217,Marang Kayu
64,02,18,640218,Muara Wis
64,02,19,640219,Kota Bangun Darat
64,02,20,640220,Samboja Barat
64,03,01,640301,Kelay
64,03,02,640302,Talisayan
64,03,03,640303,Sambaliung
64,03,04,640304,Segah
64,03,05,640305,Tanjung Redeb
64,03,06,640306,Gunung Tabur
64,03,07,640307,Pulau Derawan
64,03,08,640308,Biduk-Biduk
64,03,09,640309,Teluk Bayur
64,03,10,640310,Tabalar
64,03,11,640311,Maratua
64,03,12,640312,Batu Putih
64,03,13,640313,Biatan
64,07,05,640705,Long Iram
64,07,06,640706,Melak
64,07,07,640707,Barong Tongkok
64,07,08,640708,Damai
64,07,09,640709,Muara Lawa
64,07,10,640710,Muara Pahu
64,07,11,640711,Jempang
64,07,12,640712,Bongan
64,07,13,640713,Penyinggahan
64,07,14,640714,Bentian Besar
64,07,15,640715,Linggang Bigung
64,07,16,640716,Nyuatan
64,07,17,640717,Siluq Ngurai
64,07,18,640718,Mook Manaar Bulatn
64,07,19,640719,Tering
64,07,20,640720,Sekolaq Darat
64,08,01,640801,Muara Ancalong
64,08,02,640802,Muara Wahau
64,08,03,640803,Muara Bengkal
64,08,04,640804,Sangatta Utara
64,08,05,640805,Sangkulirang
64,08,06,640806,Busang
64,08,07,640807,Telen
64,08,08,640808,Kombeng (Kongbeng)
64,08,09,640809,Bengalon
64,08,10,640810,Kaliorang
64,08,11,640811,Sandaran
64,08,12,640812,Sangatta Selatan
64,08,13,640813,Teluk Pandan
64,08,14,640814,Rantau Pulung
64,08,15,640815,Kaubun
64,08,16,640816,Karangan
64,08,17,640817,Batu Ampar
64,08,18,640818,Long Mesangat
64,09,01,640901,Penajam
64,09,02,640902,Waru
64,09,03,640903,Babulu
64,09,04,640904,Sepaku
64,11,01,641101,Long Bagun
64,11,02,641102,Long Hubung
64,11,03,641103,Laham
64,11,04,641104,Long Apari
64,11,05,641105,Long Pahangai
64,71,01,647101,Balikpapan Timur
64,71,02,647102,Balikpapan Barat
64,71,03,647103,Balikpapan Utara
64,71,04,647104,Balikpapan Tengah
64,71,05,647105,Balikpapan Selatan
64,71,06,647106,Balikpapan Kota
64,72,01,647201,Palaran
64,72,02,647202,Samarinda Seberang
64,72,03,647203,Samarinda Ulu
64,72,04,647204,Samarinda Ilir
64,72,05,647205,Samarinda Utara
64,72,06,647206,Sungai Kunjang
64,72,07,647207,Sambutan
64,72,08,647208,Sungai Pinang
64,72,09,647209,Samarinda Kota
64,72,10,647210,Loa Janan Ilir
64,74,01,647401,Bontang Utara
64,74,02,647402,Bontang Selatan
64,74,03,647403,Bontang Barat
65,01,01,650101,Tanjung Palas
65,01,02,650102,Tanjung Palas Barat
65,01,03,650103,Tanjung Palas Utara
65,01,04,650104,Tanjung Palas Timur
65,01,05,650105,Tanjung Selor
65,01,06,650106,Tanjung Palas Tengah
65,01,07,650107,Peso
65,01,08,650108,Peso Hilir (Ilir)
65,01,09,650109,Sekatak
65,01,10,650110,Bunyu (Pulau Bunyu)
65,02,01,650201,Mentarang
65,02,02,650202,Malinau Kota
65,02,03,650203,Pujungan
65,02,04,650204,Kayan Hilir
65,02,05,650205,Kayan Hulu
65,02,06,650206,Malinau Selatan
65,02,07,650207,Malinau Utara
65,02,08,650208,Malinau Barat
65,02,09,650209,Sungai Boh
65,02,10,650210,Kayan Selatan
65,02,11,650211,Bahau Hulu
65,02,12,650212,Mentarang Hulu
65,02,13,650213,Malinau Selatan Hilir
65,02,14,650214,Malinau Selatan Hulu
65,02,15,650215,Sungai Tubu
65,03,01,650301,Sebatik
65,03,02,650302,Nunukan
65,03,03,650303,Sembakung
65,03,04,650304,Lumbis
65,03,05,650305,Krayan
65,03,06,650306,Sebuku
65,03,07,650307,Krayan Selatan
65,03,08,650308,Sebatik Barat
65,03,09,650309,Nunukan Selatan
65,03,10,650310,Sebatik Timur
65,03,11,650311,Sebatik Utara
65,03,12,650312,Sebatik Tengah
65,03,13,650313,Sei Menggaris
65,03,14,650314,Tulin Onsoi
65,03,15,650315,Lumbis Ogong
65,03,16,650316,Sembakung Atulai
65,03,17,650317,Krayan Tengah
65,03,18,650318,Krayan Timur
65,03,19,650319,Krayan Barat
65,03,20,650320,Lumbis Pansiangan
65,03,21,650321,Lumbis Hulu
65,04,01,650401,Sesayap
65,04,02,650402,Sesayap Hilir
65,04,03,650403,Tana Lia
65,04,04,650404,Betayau
65,04,05,650405,Muruk Rian
65,71,01,657101,Tarakan Barat
65,71,02,657102,Tarakan Tengah
65,71,03,657103,Tarakan Timur
65,71,04,657104,Tarakan Utara
71,01,05,710105,Sang Tombolang
71,01,09,710109,Dumoga Barat
71,01,10,710110,Dumoga Timur
71,01,11,710111,Dumoga Utara
71,01,12,710112,Lolak
71,01,13,710113,Bolaang
71,01,14,710114,Lolayan
71,01,19,710119,Passi Barat
71,01,20,710120,Poigar
71,01,22,710122,Passi Timur
71,01,31,710131,Bolaang Timur
71,01,32,710132,Bilalang
71,01,33,710133,Dumoga
71,01,34,710134,Dumoga Tenggara
71,01,35,710135,Dumoga Tengah
71,02,01,710201,Tondano Barat
71,02,02,710202,Tondano Timur
71,02,03,710203,Eris
71,02,04,710204,Kombi
71,02,05,710205,Lembean Timur
71,02,06,710206,Kakas
71,02,07,710207,Tompaso
71,02,08,710208,Remboken
71,02,09,710209,Langowan Timur
71,02,10,710210,Langowan Barat
71,02,11,710211,Sonder
71,02,12,710212,Kawangkoan
71,02,13,710213,Pineleng
71,02,14,710214,Tombulu
71,02,15,710215,Tombariri
71,02,16,710216,Tondano Utara
71,02,17,710217,Langowan Selatan
71,02,18,710218,Tondano Selatan
71,02,19,710219,Langowan Utara
71,02,20,710220,Kakas Barat
71,02,21,710221,Kawangkoan Utara
71,02,22,710222,Kawangkoan Barat
71,02,23,710223,Mandolang
71,02,24,710224,Tombariri Timur
71,02,25,710225,Tompaso Barat
71,03,08,710308,Tabukan Utara
71,03,09,710309,Nusa Tabukan
71,03,10,710310,Manganitu Selatan
71,03,11,710311,Tatoareng
71,03,12,710312,Tamako
71,03,13,710313,Manganitu
71,03,14,710314,Tabukan Tengah
71,03,15,710315,Tabukan Selatan
71,03,16,710316,Kendahe
71,03,17,710317,Tahuna
71,03,19,710319,Tabukan Selatan Tengah
71,03,20,710320,Tabukan Selatan Tenggara
71,03,23,710323,Tahuna Barat
71,03,24,710324,Tahuna Timur
71,03,25,710325,Kepulauan Marore
71,04,01,710401,Lirung
71,04,02,710402,Beo
71,04,03,710403,Rainis
71,04,04,710404,Essang
71,04,05,710405,Nanusa
71,04,06,710406,Kabaruan
71,04,07,710407,Melonguane
71,04,08,710408,Gemeh
71,04,09,710409,Damau (Damao)
71,04,10,710410,Tampan' Amma (Tampan Amma)
71,04,11,710411,Salibabu
71,04,12,710412,Kalongan
71,04,13,710413,Miangas
71,04,14,710414,Beo Utara
71,04,15,710415,Pulutan
71,04,16,710416,Melonguane Timur
71,04,17,710417,Moronge
71,04,18,710418,Beo Selatan
71,04,19,710419,Essang Selatan
71,05,01,710501,Modoinding
71,05,02,710502,Tompaso Baru
71,05,03,710503,Ranoyapo
71,05,07,710507,Motoling
71,05,08,710508,Sinonsayang
71,05,09,710509,Tenga
71,05,10,710510,Amurang
71,05,12,710512,Tumpaan
71,05,13,710513,Tareran
71,05,15,710515,Kumelembuai
71,05,16,710516,Maesaan
71,05,17,710517,Amurang Barat
71,05,18,710518,Amurang Timur
71,05,19,710519,Tatapaan
71,05,21,710521,Motoling Barat
71,05,22,710522,Motoling Timur
71,05,23,710523,Suluun Tareran
71,06,01,710601,Kema
71,06,02,710602,Kauditan
71,06,03,710603,Airmadidi
71,06,04,710604,Wori
71,06,05,710605,Dimembe
71,06,06,710606,Likupang Barat
71,06,07,710607,Likupang Timur
71,06,08,710608,Kalawat
71,06,09,710609,Talawaan
71,06,10,710610,Likupang Selatan
71,07,01,710701,Ratahan
71,07,02,710702,Pusomaen
71,07,03,710703,Belang
71,07,04,710704,Ratatotok
71,07,05,710705,Tombatu
71,07,06,710706,Touluaan
71,07,07,710707,Touluaan Selatan
71,07,08,710708,Silian Raya
71,07,09,710709,Tombatu Timur
71,07,10,710710,Tombatu Utara
71,07,11,710711,Pasan
71,07,12,710712,Ratahan Timur
71,08,01,710801,Sangkub
71,08,02,710802,Bintauna
71,08,03,710803,Bolangitang Timur (Bolang Itang Timur)
71,08,04,710804,Bolangitang Barat (Bolang Itang Barat)
71,08,05,710805,Kaidipang
71,08,06,710806,Pinogaluman
71,09,01,710901,Siau Timur
71,09,02,710902,Siau Barat
71,09,03,710903,Tagulandang
71,09,04,710904,Siau Timur Selatan
71,09,05,710905,Siau Barat Selatan
71,09,06,710906,Tagulandang Utara
71,09,07,710907,Biaro
71,09,08,710908,Siau Barat Utara
71,09,09,710909,Siau Tengah
71,09,10,710910,Tagulandang Selatan
71,10,01,711001,Tutuyan
71,10,02,711002,Kotabunan
71,10,03,711003,Nuangan
71,10,04,711004,Modayag
71,10,05,711005,Modayag Barat
71,10,06,711006,Motongkad
71,10,07,711007,Mooat
71,11,01,711101,Bolaang Uki
71,11,02,711102,Posigadan
71,11,03,711103,Pinolosian
71,11,04,711104,Pinolosian Tengah
71,11,05,711105,Pinolosian Timur
71,11,06,711106,Helumo
71,11,07,711107,Tomini
71,71,01,717101,Bunaken
71,71,02,717102,Tuminting (Tuminiting)
71,71,03,717103,Singkil
71,71,04,717104,Wenang
71,71,05,717105,Tikala
71,71,06,717106,Sario
71,71,07,717107,Wanea
71,71,08,717108,Mapanget
71,71,09,717109,Malalayang
71,71,10,717110,Bunaken Kepulauan
71,71,11,717111,Paal Dua
71,72,01,717201,Lembeh Selatan (Bitung Selatan)
71,72,02,717202,Madidir (Bitung Tengah)
71,72,03,717203,Ranowulu (Bitung Utara)
71,72,04,717204,Aertembaga (Bitung Timur)
71,72,05,717205,Matuari (Bitung Barat)
71,72,06,717206,Girian
71,72,07,717207,Maesa
71,72,08,717208,Lembeh Utara
71,73,01,717301,Tomohon Selatan
71,73,02,717302,Tomohon Tengah
71,73,03,717303,Tomohon Utara
71,73,04,717304,Tomohon Barat
71,73,05,717305,Tomohon Timur
71,74,01,717401,Kotamobagu Utara
71,74,02,717402,Kotamobagu Timur
71,74,03,717403,Kotamobagu Selatan
71,74,04,717404,Kotamobagu Barat
72,01,01,720101,Batui
72,01,02,720102,Bunta
72,01,03,720103,Kintom
72,01,04,720104,Luwuk
72,01,05,720105,Lamala
72,01,06,720106,Balantak
72,01,07,720107,Pagimana
72,01,08,720108,Bualemo (Boalemo)
72,01,09,720109,Toili
72,01,10,720110,Masama
72,01,11,720111,Luwuk Timur
72,01,12,720112,Toili Barat
72,01,13,720113,Nuhon
72,01,14,720114,Moilong
72,01,15,720115,Batui Selatan
72,01,16,720116,Lobu
72,01,17,720117,Simpang Raya
72,01,18,720118,Balantak Selatan
72,01,19,720119,Balantak Utara
72,01,20,720120,Luwuk Selatan
72,01,21,720121,Luwuk Utara
72,01,22,720122,Mantoh
72,01,23,720123,Nambo
72,02,01,720201,Poso Kota
72,02,02,720202,Poso Pesisir
72,02,03,720203,Lage
72,02,04,720204,Pamona Puselemba
72,02,05,720205,Pamona Timur
72,02,06,720206,Pamona Selatan
72,02,07,720207,Lore Utara
72,02,08,720208,Lore Tengah
72,02,09,720209,Lore Selatan
72,02,18,720218,Poso Pesisir Utara
72,02,19,720219,Poso Pesisir Selatan
72,02,20,720220,Pamona Barat
72,02,21,720221,Poso Kota Selatan
72,02,22,720222,Poso Kota Utara
72,02,23,720223,Lore Barat
72,02,24,720224,Lore Timur
72,02,25,720225,Lore Piore
72,02,26,720226,Pamona Tenggara
72,02,27,720227,Pamona Utara
72,03,04,720304,Rio Pakava
72,03,06,720306,Dampelas
72,03,08,720308,Banawa
72,03,09,720309,Labuan
72,03,10,720310,Sindue
72,03,11,720311,Sirenja
72,03,12,720312,Balaesang
72,03,14,720314,Sojol
72,03,18,720318,Banawa Selatan
72,03,19,720319,Tanantovea
72,03,21,720321,Pinembani (Panembani)
72,03,24,720324,Sindue Tombusabora
72,03,25,720325,Sindue Tobata
72,03,27,720327,Banawa Tengah
72,03,30,720330,Sojol Utara
72,03,31,720331,Balaesang Tanjung
72,04,01,720401,Dampal Selatan
72,04,02,720402,Dampal Utara
72,04,03,720403,Dondo
72,04,04,720404,Basidondo
72,04,05,720405,Ogodeide
72,04,06,720406,Lampasio
72,04,07,720407,Baolan
72,04,08,720408,Galang
72,04,09,720409,Toli-Toli Utara (Tolitoli Utara)
72,04,10,720410,Dako Pemean (Dako Pamean)
72,05,01,720501,Momunu
72,05,02,720502,Lakea (Lipunoto)
72,05,03,720503,Bokat
72,05,04,720504,Bunobogu
72,05,05,720505,Paleleh
72,05,06,720506,Biau
72,05,07,720507,Tiloan
72,05,08,720508,Bukal
72,05,09,720509,Gadung
72,05,10,720510,Karamat
72,05,11,720511,Paleleh Barat
72,06,05,720605,Bungku Tengah
72,06,06,720606,Bungku Selatan
72,06,07,720607,Menui Kepulauan
72,06,08,720608,Bungku Barat
72,06,09,720609,Bumi Raya
72,06,10,720610,Bahodopi
72,06,12,720612,Wita Ponda
72,06,15,720615,Bungku Pesisir
72,06,18,720618,Bungku Timur
72,07,03,720703,Totikum (Totikung)
72,07,04,720704,Tinangkung
72,07,05,720705,Liang
72,07,06,720706,Bulagi
72,07,07,720707,Buko
72,07,09,720709,Bulagi Selatan
72,07,11,720711,Tinangkung Selatan
72,07,15,720715,Totikum Selatan
72,07,16,720716,Peling Tengah
72,07,17,720717,Bulagi Utara
72,07,18,720718,Buko Selatan
72,07,19,720719,Tinangkung Utara
72,08,01,720801,Parigi
72,08,02,720802,Ampibabo
72,08,03,720803,Tinombo
72,08,04,720804,Moutong
72,08,05,720805,Tomini
72,08,06,720806,Sausu
72,08,07,720807,Bolano Lambunu
72,08,08,720808,Kasimbar
72,08,09,720809,Torue
72,08,10,720810,Tinombo Selatan
72,08,11,720811,Parigi Selatan
72,08,12,720812,Mepanga
72,08,13,720813,Toribulu
72,08,14,720814,Taopa
72,08,15,720815,Balinggi
72,08,16,720816,Parigi Barat
72,08,17,720817,Siniu
72,08,18,720818,Palasa
72,08,19,720819,Parigi Utara
72,08,20,720820,Parigi Tengah
72,08,21,720821,Bolano
72,08,22,720822,Ongka Malino
72,08,23,720823,Sidoan
72,09,01,720901,Una Una
72,09,02,720902,Togean
72,09,03,720903,Walea Kepulauan
72,09,04,720904,Ampana Tete
72,09,05,720905,Ampana Kota
72,09,06,720906,Ulubongka
72,09,07,720907,Tojo Barat
72,09,08,720908,Tojo
72,09,09,720909,Walea Besar
72,09,10,720910,Ratolindo
72,09,11,720911,Batudaka
72,09,12,720912,Talatako
72,10,01,721001,Sigi Biromaru
72,10,02,721002,Palolo
72,10,03,721003,Nokilalaki
72,10,04,721004,Lindu
72,10,05,721005,Kulawi
72,10,06,721006,Kulawi Selatan
72,10,07,721007,Pipikoro
72,10,08,721008,Gumbasa
72,10,09,721009,Dolo Selatan
72,10,10,721010,Tanambulava
72,10,11,721011,Dolo Barat
72,10,12,721012,Dolo
72,10,13,721013,Kinovaro
72,10,14,721014,Marawola
72,10,15,721015,Marawola Barat
72,11,01,721101,Banggai
72,11,02,721102,Banggai Utara
72,11,03,721103,Bokan Kepulauan
72,11,04,721104,Bangkurung
72,11,05,721105,Labobo
72,11,06,721106,Banggai Selatan
72,11,07,721107,Banggai Tengah
72,12,01,721201,Petasia
72,12,02,721202,Petasia Timur
72,12,03,721203,Lembo Raya
72,12,04,721204,Lembo
72,12,05,721205,Mori Atas
72,12,06,721206,Mori Utara
72,12,07,721207,Soyo Jaya
72,12,08,721208,Bungku Utara
72,12,09,721209,Mamosalato
72,12,10,721210,Petasia Barat
72,71,01,727101,Palu Timur
72,71,02,727102,Palu Barat
72,71,03,727103,Palu Selatan
72,71,04,727104,Palu Utara
72,71,05,727105,Ulujadi
72,71,06,727106,Tatanga
72,71,07,727107,Tawaeli
72,71,08,727108,Mantikulore
73,01,01,730101,Benteng
73,01,02,730102,Bontoharu
73,01,03,730103,Bontomatene
73,01,04,730104,Bontomanai
73,01,05,730105,Bontosikuyu
73,01,06,730106,Pasimasunggu (Pasimassunggu)
73,01,07,730107,Pasimarannu
73,01,08,730108,Taka Bonerate (Takabonerate)
73,01,09,730109,Pasilambena
73,01,10,730110,Pasimasunggu Timur
73,01,11,730111,Buki
73,02,01,730201,"Gantarang (Gantorang, Gangking)"
73,02,02,730202,Ujung Bulu
73,02,03,730203,Bonto Bahari
73,02,04,730204,Bonto Tiro (Bontotiro)
73,02,05,730205,Herlang (Hero Lange Lange)
73,02,06,730206,Kajang
73,02,07,730207,Bulukumpa (Bulukumba)
73,02,08,730208,Kindang
73,02,09,730209,Ujungloe (Ujung Loe)
73,02,10,730210,Rilauale (Rilau Ale)
73,03,01,730301,Bissappu
73,03,02,730302,Bantaeng
73,03,03,730303,Eremerasa
73,03,04,730304,Tompo Bulu (Tompobulu)
73,03,05,730305,Pajukukang
73,03,06,730306,Uluere
73,03,07,730307,Gantarang Keke (Gantareng Keke)
73,03,08,730308,Sinoa
73,04,01,730401,Bangkala
73,04,02,730402,Tamalatea
73,04,03,730403,Binamu
73,04,04,730404,Batang
73,04,05,730405,Kelara
73,04,06,730406,Bangkala Barat
73,04,07,730407,Bontoramba
73,04,08,730408,Turatea
73,04,09,730409,Arungkeke
73,04,10,730410,Rumbia
73,04,11,730411,Tarowang
73,05,01,730501,Mappakasunggu
73,05,02,730502,Mangarabombang (Mangara Bombang)
73,05,03,730503,Polongbangkeng Selatan (Polombangkeng)
73,05,04,730504,Polongbangkeng Utara (Polombangkeng)
73,05,05,730505,Galesong Selatan
73,05,06,730506,Galesong Utara
73,05,07,730507,Pattallassang (Patallassang)
73,05,08,730508,Sanrobone
73,05,09,730509,Galesong
73,05,10,730510,Kepulauan Tanakeke
73,05,11,730511,Polongbangkeng Timur
73,05,12,730512,Laikang
73,06,01,730601,Bontonompo
73,06,02,730602,Bajeng
73,06,03,730603,Tompobullu (Tompobulu)
73,06,04,730604,Tinggimoncong
73,06,05,730605,Parangloe
73,06,06,730606,Bontomarannu
73,06,07,730607,Palangga (Pallangga)
73,06,08,730608,Somba Opu (Upu)
73,06,09,730609,Bungaya
73,06,10,730610,Tombolopao (Tombolo Pao)
73,06,11,730611,Biringbulu
73,06,12,730612,Barombong
73,06,13,730613,Pattalasang (Pattallassang)
73,06,14,730614,Manuju
73,06,15,730615,Bontolempangang
73,06,16,730616,Bontonompo Selatan
73,06,17,730617,Parigi
73,06,18,730618,Bajeng Barat
73,07,01,730701,Sinjai Barat
73,07,02,730702,Sinjai Selatan
73,07,03,730703,Sinjai Timur
73,07,04,730704,Sinjai Tengah
73,07,05,730705,Sinjai Utara
73,07,06,730706,Bulupoddo
73,07,07,730707,Sinjai Borong
73,07,08,730708,Tellu Limpoe
73,07,09,730709,Pulau Sembilan
73,08,01,730801,Bontocani
73,08,02,730802,Kahu
73,08,03,730803,Kajuara
73,08,04,730804,Salomekko
73,08,05,730805,Tonra
73,08,06,730806,Libureng
73,08,07,730807,Mare
73,08,08,730808,Sibulue
73,08,09,730809,Barebbo
73,08,10,730810,Cina
73,08,11,730811,Ponre
73,08,12,730812,Lappariaja
73,08,13,730813,Lamuru
73,08,14,730814,Ulaweng
73,08,15,730815,Palakka
73,08,16,730816,Awangpone
73,08,17,730817,Tellu Siattinge
73,08,18,730818,Ajangale
73,08,19,730819,Dua Boccoe
73,08,20,730820,Cenrana
73,08,21,730821,Tanete Riattang
73,08,22,730822,Tanete Riattang Barat
73,08,23,730823,Tanete Riattang Timur
73,08,24,730824,Amali
73,08,25,730825,Tellulimpoe (Tellu Limpoe)
73,08,26,730826,Bengo
73,08,27,730827,Patimpeng
73,09,01,730901,Mandai
73,09,02,730902,Camba
73,09,03,730903,Bantimurung
73,09,04,730904,Maros Baru
73,09,05,730905,Bontoa (Maros Utara)
73,09,06,730906,Malllawa (Mallawa)
73,09,07,730907,Tanralili
73,09,08,730908,Marusu
73,09,09,730909,Simbang
73,09,10,730910,Cenrana
73,09,11,730911,Tompobulu (Tompu Bulu)
73,09,12,730912,Lau
73,09,13,730913,Moncongloe (Moncong Loe)
73,09,14,730914,Turikale
73,10,01,731001,Liukang Tangaya
73,10,02,731002,Liukang Kalmas (Kalukuang Masalima)
73,10,03,731003,Liukang Tupabbiring
73,10,04,731004,Pangkajene
73,10,05,731005,Balocci
73,10,06,731006,Bungoro
73,10,07,731007,Labakkang
73,10,08,731008,Marang (Ma Rang)
73,10,09,731009,Segeri
73,10,10,731010,Minasa Tene
73,10,11,731011,Mandalle
73,10,12,731012,Tondong Tallasa
73,10,13,731013,Liukang Tupabbiring Utara
73,11,01,731101,Tanete Riaja
73,11,02,731102,Tanete Rilau
73,11,03,731103,Barru
73,11,04,731104,Soppeng Riaja
73,11,05,731105,Mallusetasi
73,11,06,731106,Pujananting
73,11,07,731107,Balusu
73,12,01,731201,Marioriwawo (Mario Riwawo)
73,12,02,731202,Liliraja (Lili Riaja)
73,12,03,731203,Lilirilau (Lili Rilau)
73,12,04,731204,Lalabata
73,12,05,731205,Marioriawa (Mario Riawa)
73,12,06,731206,Donri Donri
73,12,07,731207,Ganra
73,12,08,731208,Citta
73,13,01,731301,Sabangparu
73,13,02,731302,Pammana
73,13,03,731303,Takkalalla
73,13,04,731304,Sajoanging
73,13,05,731305,Majauleng
73,13,06,731306,Tempe
73,13,07,731307,Belawa
73,13,08,731308,Tanasitolo
73,13,09,731309,Maniangpajo
73,13,10,731310,Pitumpanua
73,13,11,731311,Bola
73,13,12,731312,Penrang
73,13,13,731313,Gilireng
73,13,14,731314,Keera
73,14,01,731401,Panca Lautang
73,14,02,731402,Tellu Limpoe
73,14,03,731403,Watang Pulu
73,14,04,731404,Baranti
73,14,05,731405,Panca Rijang
73,14,06,731406,Kulo
73,14,07,731407,Maritengngae
73,14,08,731408,Watang Sidenreng (Wattang Sidenreng)
73,14,09,731409,Dua Pitue
73,14,10,731410,Pitu Riawa
73,14,11,731411,Pitu Riase
73,15,01,731501,Mattiro Sompe (Matirro Sompe)
73,15,02,731502,Suppa
73,15,03,731503,Mattiro Bulu
73,15,04,731504,Watang Sawitto (Watang Sawito)
73,15,05,731505,Patampanua
73,15,06,731506,Duampanua
73,15,07,731507,Lembang
73,15,08,731508,Cempa
73,15,09,731509,Tiroang
73,15,10,731510,Lansirang (Lanrisang)
73,15,11,731511,Paleteang
73,15,12,731512,Batulappa (Batu Lappa)
73,16,01,731601,Maiwa
73,16,02,731602,Enrekang
73,16,03,731603,Baraka
73,16,04,731604,Anggeraja
73,16,05,731605,Alla
73,16,06,731606,Bungin
73,16,07,731607,Cendana
73,16,08,731608,Curio
73,16,09,731609,Malua
73,16,10,731610,Buntu Batu
73,16,11,731611,Masalle
73,16,12,731612,Baroko
73,17,01,731701,Basse Sangtempe (Bassesang Tempe / Bastem)
73,17,02,731702,Larompong
73,17,03,731703,Suli
73,17,04,731704,Bajo
73,17,05,731705,Bua Ponrang (Bupon)
73,17,06,731706,Walenrang
73,17,07,731707,Belopa
73,17,08,731708,Bua
73,17,09,731709,Lamasi
73,17,10,731710,Larompong Selatan
73,17,11,731711,Ponrang
73,17,12,731712,Latimojong
73,17,13,731713,Kamanre
73,17,14,731714,Belopa Utara
73,17,15,731715,Walenrang Barat
73,17,16,731716,Walenrang Utara
73,17,17,731717,Walenrang Timur
73,17,18,731718,Lamasi Timur
73,17,19,731719,Suli Barat
73,17,20,731720,Bajo Barat
73,17,21,731721,Ponrang Selatan
73,17,22,731722,Basse Sangtempe Utara
73,18,01,731801,Saluputi (Saluputti)
73,18,02,731802,Bittuang
73,18,03,731803,Bonggakaradeng
73,18,05,731805,Makale
73,18,09,731809,Simbuang
73,18,11,731811,Rantetayo
73,18,12,731812,Mengkendek
73,18,13,731813,Sangalla (Sanggala)
73,18,19,731819,Gandangbatu Sillanan (Gandang Batu Sillanan)
73,18,20,731820,Rembon
73,18,27,731827,Makale Utara
73,18,28,731828,Mappak
73,18,29,731829,Makale Selatan
73,18,31,731831,Masanda
73,18,33,731833,Sangalla Selatan
73,18,34,731834,Sangalla Utara
73,18,35,731835,Malimbong Balepe
73,18,37,731837,Rano
73,18,38,731838,Kurra
73,22,01,732201,Malangke
73,22,02,732202,Bone Bone
73,22,03,732203,Masamba
73,22,04,732204,Sabbang
73,22,05,732205,Rongkong (Limbong)
73,22,06,732206,Sukamaju
73,22,07,732207,Seko
73,22,08,732208,Malangke Barat
73,22,09,732209,Rampi
73,22,10,732210,Mappedeceng
73,22,11,732211,Baebunta
73,22,12,732212,Tana Lili
73,22,13,732213,Sukamaju Selatan
73,22,14,732214,Baebunta Selatan
73,22,15,732215,Sabbang Selatan
73,24,01,732401,Mangkutana
73,24,02,732402,Nuha
73,24,03,732403,Towuti
73,24,04,732404,Malili
73,24,05,732405,Angkona
73,24,06,732406,Wotu
73,24,07,732407,Burau
73,24,08,732408,Tomoni
73,24,09,732409,Tomoni Timur
73,24,10,732410,Kalaena
73,24,11,732411,Wasuponda
73,26,01,732601,Rantepao
73,26,02,732602,Sesean
73,26,03,732603,Nanggala
73,26,04,732604,Rindingallo
73,26,05,732605,Buntao
73,26,06,732606,Sa'dan
73,26,07,732607,Sanggalangi
73,26,08,732608,Sopai
73,26,09,732609,Tikala
73,26,10,732610,Balusu
73,26,11,732611,Tallunglipu
73,26,12,732612,Dende' Piongan Napo
73,26,13,732613,Buntu Pepasan
73,26,14,732614,Baruppu
73,26,15,732615,Kesu
73,26,16,732616,Tondon
73,26,17,732617,Bangkelekila
73,26,18,732618,Rantebua
73,26,19,732619,Sesean Suloara
73,26,20,732620,Kapala Pitu (Kapalla Pitu)
73,26,21,732621,Awan Rante Karua
73,71,01,737101,Mariso
73,71,02,737102,Mamajang
73,71,03,737103,Makassar
73,71,04,737104,Ujung Pandang
73,71,05,737105,Wajo
73,71,06,737106,Bontoala
73,71,07,737107,Tallo
73,71,08,737108,Ujung Tanah
73,71,09,737109,Panakkukang
73,71,10,737110,Tamalate
73,71,11,737111,Biringkanaya (Biring Kanaya)
73,71,12,737112,Manggala
73,71,13,737113,Rappocini
73,71,14,737114,Tamalanrea
73,71,15,737115,Kepulauan Sangkarrang
73,72,01,737201,Bacukiki
73,72,02,737202,Ujung
73,72,03,737203,Soreang
73,72,04,737204,Bacukiki Barat
73,73,01,737301,Wara
73,73,02,737302,Wara Utara
73,73,03,737303,Wara Selatan
73,73,04,737304,Telluwanua
73,73,05,737305,Wara Timur
73,73,06,737306,Wara Barat
73,73,07,737307,Sendana
73,73,08,737308,Mungkajang
73,73,09,737309,Bara
74,01,01,740101,Wundulako
74,01,04,740104,Kolaka
74,01,07,740107,Pomalaa
74,01,08,740108,Watubangga
74,01,10,740110,Wolo
74,01,12,740112,Baula
74,01,14,740114,Latambaga
74,01,18,740118,Tanggetada
74,01,20,740120,Samaturu
74,01,24,740124,Toari
74,01,25,740125,Polinggona
74,01,27,740127,Iwoimendaa
74,02,01,740201,Lambuya
74,02,02,740202,Unaaha
74,02,03,740203,Wawotobi
74,02,04,740204,Pondidaha
74,02,05,740205,Sampara
74,02,10,740210,Abuki
74,02,11,740211,Soropia
74,02,15,740215,Tongauna
74,02,16,740216,Latoma
74,02,17,740217,Puriala
74,02,18,740218,Uepai
74,02,19,740219,Wonggeduku
74,02,20,740220,Besulutu
74,02,21,740221,Bondoala
74,02,23,740223,Routa
74,02,24,740224,Anggaberi
74,02,25,740225,Meluhu
74,02,28,740228,Amonggedo
74,02,31,740231,Asinua
74,02,32,740232,Konawe
74,02,33,740233,Kapoiala
74,02,36,740236,Lalonggasumeeto
74,02,37,740237,Onembute
74,02,38,740238,Padangguni
74,02,39,740239,Morosi
74,02,40,740240,Anggalomoare
74,02,41,740241,Wonggeduku Barat
74,02,42,740242,Tongauna Utara
74,03,06,740306,Napabalano
74,03,07,740307,Maligano
74,03,13,740313,Wakorumba Selatan
74,03,14,740314,Lasalepa
74,03,15,740315,Batalaiworu (Batalaiwaru)
74,03,16,740316,Katobu
74,03,17,740317,Duruka
74,03,18,740318,Lohia
74,03,19,740319,Watopute
74,03,20,740320,Kontunaga
74,03,23,740323,Kabangka
74,03,24,740324,Kabawo
74,03,25,740325,Parigi
74,03,26,740326,Bone (Bone Tondo)
74,03,27,740327,Tongkuno
74,03,28,740328,Pasir Putih
74,03,30,740330,Kontu Kowuna
74,03,31,740331,Marobo
74,03,32,740332,Tongkuno Selatan
74,03,33,740333,Pasi Kolaga
74,03,34,740334,Batukara
74,03,37,740337,Towea
74,04,11,740411,Pasarwajo (Pasar Wajo)
74,04,22,740422,Kapontori
74,04,23,740423,Lasalimu
74,04,24,740424,Lasalimu Selatan
74,04,27,740427,Siotapina (Siontapia / Siontapina)
74,04,28,740428,Wolowa
74,04,29,740429,Wabula
74,05,01,740501,Tinanggea
74,05,02,740502,Angata
74,05,03,740503,Andoolo
74,05,04,740504,Palangga
74,05,05,740505,Landono
74,05,06,740506,Lainea
74,05,07,740507,Konda
74,05,08,740508,Ranomeeto
74,05,09,740509,Kolono
74,05,10,740510,Moramo
74,05,11,740511,Laonti
74,05,12,740512,Lalembuu
74,05,13,740513,Benua
74,05,14,740514,Palangga Selatan
74,05,15,740515,Mowila
74,05,16,740516,Moramo Utara
74,05,17,740517,Buke
74,05,18,740518,Wolasi
74,05,19,740519,Laeya
74,05,20,740520,Baito
74,05,21,740521,Basala
74,05,22,740522,Ranomeeto Barat
74,05,23,740523,Kolono Timur
74,05,24,740524,Sabulakoa
74,05,25,740525,Andoolo Barat
74,06,01,740601,Poleang
74,06,02,740602,Poleang Timur
74,06,03,740603,Rarowatu
74,06,04,740604,Rumbia
74,06,05,740605,Kabaena
74,06,06,740606,Kabaena Timur
74,06,07,740607,Poleang Barat
74,06,08,740608,Mata Oleo
74,06,09,740609,Rarowatu Utara
74,06,10,740610,Poleang Utara
74,06,11,740611,Poleang Selatan
74,06,12,740612,Poleang Tenggara
74,06,13,740613,Kabaena Selatan
74,06,14,740614,Kabaena Barat
74,06,15,740615,Kabaena Utara
74,06,16,740616,Kabaena Tengah
74,06,17,740617,Kepulauan Masaloka Raya
74,06,18,740618,Rumbia Tengah
74,06,19,740619,Poleang Tengah
74,06,20,740620,Tontonunu
74,06,21,740621,Lantari Jaya
74,06,22,740622,Mata Usu
74,07,01,740701,Wangi Wangi
74,07,02,740702,Kaledupa
74,07,03,740703,Tomia
74,07,04,740704,Binongko
74,07,05,740705,Wangi Wangi Selatan
74,07,06,740706,Kaledupa Selatan
74,07,07,740707,Tomia Timur
74,07,08,740708,Togo Binongko
74,08,01,740801,Lasusua
74,08,02,740802,Pakue
74,08,03,740803,Batu Putih
74,08,04,740804,Rante Angin
74,08,05,740805,Kodeoha
74,08,06,740806,Ngapa
74,08,07,740807,Wawo
74,08,08,740808,Lambai
74,08,09,740809,Watunohu
74,08,10,740810,Pakue Tengah
74,08,11,740811,Pakue Utara
74,08,12,740812,Porehu
74,08,13,740813,Katoi
74,08,14,740814,Tiwu
74,08,15,740815,Tolala
74,09,01,740901,Asera
74,09,02,740902,Wiwirano
74,09,03,740903,Langgikima
74,09,04,740904,Molawe
74,09,05,740905,Lasolo
74,09,06,740906,Lembo
74,09,07,740907,Sawa
74,09,08,740908,Oheo
74,09,09,740909,Andowia
74,09,10,740910,Motui
74,09,11,740911,Wawolesea
74,09,12,740912,Lasolo Kepulauan
74,09,13,740913,Landawe
74,10,01,741001,Kulisusu (Kalingsusu/Kalisusu)
74,10,02,741002,Kambowa
74,10,03,741003,Bonegunu
74,10,04,741004,Kulisusu Barat
74,10,05,741005,Kulisusu Utara
74,10,06,741006,Wakorumba Utara
74,11,01,741101,Tirawuta
74,11,02,741102,Loea
74,11,03,741103,Ladongi
74,11,04,741104,Poli Polia
74,11,05,741105,Lambandia
74,11,06,741106,Lalolae
74,11,07,741107,Mowewe
74,11,08,741108,Uluiwoi
74,11,09,741109,Tinondo
74,11,10,741110,Aere
74,11,11,741111,Ueesi
74,11,12,741112,Dangia
74,12,01,741201,Wawonii Barat
74,12,02,741202,Wawonii Utara
74,12,03,741203,Wawonii Timur Laut
74,12,04,741204,Wawonii Timur
74,12,05,741205,Wawonii Tenggara
74,12,06,741206,Wawonii Selatan
74,12,07,741207,Wawonii Tengah
74,13,01,741301,Sawerigadi
74,13,02,741302,Barangka
74,13,03,741303,Lawa
74,13,04,741304,Wadaga
74,13,05,741305,Tiworo Selatan
74,13,06,741306,Maginti
74,13,07,741307,Tiworo Tengah
74,13,08,741308,Tiworo Utara
74,13,09,741309,Tiworo Kepulauan
74,13,10,741310,Kusambi
74,13,11,741311,Napano Kusambi
74,14,01,741401,Lakudo
74,14,02,741402,Mawasangka Timur
74,14,03,741403,Mawasangka Tengah
74,14,04,741404,Mawasangka
74,14,05,741405,Talaga Raya
74,14,06,741406,Gu
74,14,07,741407,Sangia Wambulu
74,15,01,741501,Batauga
74,15,02,741502,Sampolawa
74,15,03,741503,Lapandewa
74,15,04,741504,Batu Atas
74,15,05,741505,Siompu Barat
74,15,06,741506,Siompu
74,15,07,741507,Kadatua
74,71,01,747101,Mandonga
74,71,02,747102,Kendari
74,71,03,747103,Baruga
74,71,04,747104,Poasia
74,71,05,747105,Kendari Barat
74,71,06,747106,Abeli
74,71,07,747107,Wua-Wua
74,71,08,747108,Kadia
74,71,09,747109,Puuwatu
74,71,10,747110,Kambu
74,71,11,747111,Nambo
74,72,01,747201,Betoambari
74,72,02,747202,Wolio
74,72,03,747203,Sorawolio (Sora Walio / Sorowalio)
74,72,04,747204,Bungi
74,72,05,747205,Kokalukuna
74,72,06,747206,Murhum
74,72,07,747207,Lea-Lea
74,72,08,747208,Batupoaro
75,01,01,750101,Limboto
75,01,02,750102,Telaga
75,01,03,750103,Batudaa
75,01,04,750104,Tibawa
75,01,05,750105,Batudaa Pantai
75,01,09,750109,Boliyohuto (Boliohuto)
75,01,10,750110,Telaga Biru
75,01,11,750111,Bongomeme
75,01,13,750113,Tolangohula
75,01,14,750114,Mootilango
75,01,16,750116,Pulubala
75,01,17,750117,Limboto Barat
75,01,18,750118,Tilango
75,01,19,750119,Tabongo
75,01,20,750120,Biluhu
75,01,21,750121,Asparaga
75,01,22,750122,Talaga Jaya (Telaga Jaya)
75,01,23,750123,Bilato
75,01,24,750124,Dungaliyo
75,02,01,750201,Paguyaman
75,02,02,750202,Wonosari
75,02,03,750203,Dulupi
75,02,04,750204,Tilamuta
75,02,05,750205,Mananggu
75,02,06,750206,Botumoito (Botumoita)
75,02,07,750207,Paguyaman Pantai
75,03,01,750301,Tapa
75,03,02,750302,Kabila
75,03,03,750303,Suwawa
75,03,04,750304,Bonepantai
75,03,05,750305,Bulango Utara
75,03,06,750306,Tilongkabila
75,03,07,750307,Botupingge (Botu Pingge)
75,03,08,750308,Kabila Bone
75,03,09,750309,Bone
75,03,10,750310,Bone Raya
75,03,11,750311,Suwawa Timur
75,03,12,750312,Suwawa Selatan
75,03,13,750313,Suwawa Tengah
75,03,14,750314,Bulango Ulu
75,03,15,750315,Bulango Selatan
75,03,16,750316,Bulango Timur
75,03,17,750317,Bulawa
75,03,18,750318,Pinogu
75,04,01,750401,Popayato
75,04,02,750402,Lemito
75,04,03,750403,Randangan
75,04,04,750404,Marisa
75,04,05,750405,Paguat
75,04,06,750406,Patilanggio
75,04,07,750407,Taluditi (Taluduti)
75,04,08,750408,Dengilo
75,04,09,750409,Buntulia
75,04,10,750410,Duhiadaa
75,04,11,750411,Wanggarasi
75,04,12,750412,Popayato Timur
75,04,13,750413,Popayato Barat
75,05,01,750501,Atinggola
75,05,02,750502,Kwandang
75,05,03,750503,Anggrek
75,05,04,750504,Sumalata
75,05,05,750505,Tolinggula
75,05,06,750506,Gentuma Raya
75,05,07,750507,Tomilito (Tomolito)
75,05,08,750508,Ponelo Kepulauan
75,05,09,750509,Monano
75,05,10,750510,Biau
75,05,11,750511,Sumalata Timur
75,71,01,757101,Kota Barat
75,71,02,757102,Kota Selatan
75,71,03,757103,Kota Utara
75,71,04,757104,Dungingi
75,71,05,757105,Kota Timur
75,71,06,757106,Kota Tengah
75,71,07,757107,Sipatana
75,71,08,757108,Dumbo Raya
75,71,09,757109,Hulonthalangi
76,01,01,760101,Bambalamotu
76,01,02,760102,Pasangkayu
76,01,03,760103,Baras
76,01,04,760104,Sarudu
76,01,05,760105,Dapurang
76,01,06,760106,Duripoku
76,01,07,760107,Bulu Taba
76,01,08,760108,Tikke Raya
76,01,09,760109,Pedongga
76,01,10,760110,Bambaira
76,01,11,760111,Sarjo
76,01,12,760112,Lariang
76,02,01,760201,Mamuju
76,02,02,760202,Tapalang
76,02,03,760203,Kalukku
76,02,04,760204,Kalumpang
76,02,07,760207,Papalang
76,02,08,760208,Sampaga
76,02,11,760211,Tommo
76,02,12,760212,Simboro (Simboro dan Kepulauan)
76,02,13,760213,Tapalang Barat
76,02,15,760215,Bonehau
76,02,16,760216,Kep. Bala Balakang
76,03,01,760301,Mambi
76,03,02,760302,Aralle
76,03,03,760303,Mamasa
76,03,04,760304,Pana
76,03,05,760305,Tabulahan
76,03,06,760306,Sumarorong
76,03,07,760307,Messawa
76,03,08,760308,Sesenapadang
76,03,09,760309,Tanduk Kalua
76,03,10,760310,Tabang
76,03,11,760311,Bambang
76,03,12,760312,Balla
76,03,13,760313,Nosu
76,03,14,760314,Tawalian
76,03,15,760315,Rantebulahan Timur
76,03,16,760316,Buntumalangka
76,03,17,760317,Mehalaan
76,04,01,760401,Tinambung
76,04,02,760402,Campalagian
76,04,03,760403,Wonomulyo
76,04,04,760404,Polewali
76,04,05,760405,"Tutar (Tubbi Taramanu, Tutallu)"
76,04,06,760406,Binuang
76,04,07,760407,Tapango
76,04,08,760408,Mapilli
76,04,09,760409,Matangnga
76,04,10,760410,Luyo
76,04,11,760411,Limboro
76,04,12,760412,Balanipa
76,04,13,760413,Anreapi
76,04,14,760414,Matakali
76,04,15,760415,Allu (Alu)
76,04,16,760416,Bulo
76,05,01,760501,Banggae
76,05,02,760502,Pamboang
76,05,03,760503,Sendana
76,05,04,760504,Malunda
76,05,05,760505,Ulumanda (Ulumunda)
76,05,06,760506,Tammerodo Sendana (Tammeredo Sendana)
76,05,07,760507,Tubo Sendana
76,05,08,760508,Banggae Timur
76,06,01,760601,Tobadak
76,06,02,760602,Pangale
76,06,03,760603,Budong-Budong
76,06,04,760604,Topoyo
76,06,05,760605,Karossa
81,01,01,810101,Amahai
81,01,02,810102,Teon Nila Serua
81,01,06,810106,Seram Utara
81,01,09,810109,Banda
81,01,11,810111,Tehoru
81,01,12,810112,Saparua
81,01,13,810113,Pulau Haruku
81,01,14,810114,Salahutu
81,01,15,810115,Leihitu
81,01,16,810116,Nusa Laut
81,01,17,810117,Kota Masohi
81,01,20,810120,Seram Utara Barat
81,01,21,810121,Teluk Elpaputih
81,01,22,810122,Leihitu Barat
81,01,23,810123,Telutih
81,01,24,810124,Seram Utara Timur Seti
81,01,25,810125,Seram Utara Timur Kobi
81,01,26,810126,Saparua Timur
81,02,01,810201,Kei Kecil
81,02,03,810203,Kei Besar
81,02,04,810204,Kei Besar Selatan
81,02,05,810205,Kei Besar Utara Timur
81,02,13,810213,Kei Kecil Timur
81,02,14,810214,Kei Kecil Barat
81,02,15,810215,Manyeuw
81,02,16,810216,Hoat Sorbay
81,02,17,810217,Kei Besar Utara Barat
81,02,18,810218,Kei Besar Selatan Barat
81,02,19,810219,Kei Kecil Timur Selatan
81,03,01,810301,Tanimbar Selatan
81,03,02,810302,Selaru
81,03,03,810303,Wertamrian (Wer Tamrian)
81,03,04,810304,Wermaktian (Wer Maktian)
81,03,05,810305,Tanimbar Utara
81,03,06,810306,Fordata (Yaru)
81,03,07,810307,Wuar Labobar
81,03,08,810308,Kormomolin
81,03,09,810309,Nirunmas
81,03,18,810318,Molu Maru
81,04,01,810401,Namlea
81,04,02,810402,Air Buaya (Airbuaya)
81,04,03,810403,Waeapo
81,04,06,810406,Waplau
81,04,10,810410,Batabual
81,04,11,810411,Lolong Guba
81,04,12,810412,Waelata
81,04,13,810413,Fena Leisela
81,04,14,810414,Teluk Kaiely
81,04,15,810415,Lilialy
81,05,01,810501,Bula
81,05,02,810502,Seram Timur
81,05,03,810503,Werinama
81,05,04,810504,Pulau Gorom
81,05,05,810505,Wakate
81,05,06,810506,Tutuk Tolu
81,05,07,810507,Siwalalat
81,05,08,810508,Kilmury
81,05,09,810509,Pulau Panjang
81,05,10,810510,Teor
81,05,11,810511,Gorom Timur
81,05,12,810512,Bula Barat
81,05,13,810513,Kian Darat
81,05,14,810514,Siritaun Wida Timur
81,05,15,810515,Teluk Waru
81,06,01,810601,Kairatu
81,06,02,810602,Seram Barat
81,06,03,810603,Taniwel
81,06,04,810604,Huamual Belakang
81,06,05,810605,Amalatu
81,06,06,810606,Inamosol
81,06,07,810607,Kairatu Barat
81,06,08,810608,Huamual
81,06,09,810609,Kepulauan Manipa
81,06,10,810610,Taniwel Timur
81,06,11,810611,Elpaputih
81,07,01,810701,Pulau-Pulau Aru
81,07,02,810702,Aru Selatan
81,07,03,810703,Aru Tengah
81,07,04,810704,Aru Utara
81,07,05,810705,Aru Utara Timur Batuley
81,07,06,810706,Sir-Sir
81,07,07,810707,Aru Tengah Timur
81,07,08,810708,Aru Tengah Selatan
81,07,09,810709,Aru Selatan Timur
81,07,10,810710,Aru Selatan Utara
81,08,01,810801,Moa (Moa Lakor)
81,08,02,810802,Damer
81,08,03,810803,Mdona Hyera (Mndona Hiera)
81,08,04,810804,Babar Barat (Pulau Pulau Babar)
81,08,05,810805,Pulau-pulau Babar Timur
81,08,06,810806,Wetar Selatan
81,08,07,810807,Kisar Selatan (Pulau Pulau Terselatan)
81,08,08,810808,Pulau Leti (Letti Moa Lakor)
81,08,09,810809,Pulau Masela
81,08,10,810810,Dawelor Dawera
81,08,11,810811,Pulau Wetang
81,08,12,810812,Pulau Lakor
81,08,13,810813,Wetar Utara
81,08,14,810814,Wetar Barat
81,08,15,810815,Wetar Timur
81,08,16,810816,Kepulauan Roma (Romang)
81,08,17,810817,Kisar Utara
81,09,01,810901,Namrole
81,09,02,810902,Waesama
81,09,03,810903,Ambalau
81,09,04,810904,Kepala Madan
81,09,05,810905,Leksula
81,09,06,810906,Fena Fafan
81,71,01,817101,Nusaniwe (Nusanive)
81,71,02,817102,Sirimau
81,71,03,817103,Baguala
81,71,04,817104,Teluk Ambon
81,71,05,817105,Leitimur Selatan
81,72,01,817201,Pulau Dullah Utara
81,72,02,817202,Pulau Dullah Selatan
81,72,03,817203,Tayando Tam
81,72,04,817204,Pulau-Pulau Kur
81,72,05,817205,Kur Selatan
82,01,01,820101,Jailolo
82,01,02,820102,Loloda
82,01,03,820103,Ibu
82,01,04,820104,Sahu
82,01,05,820105,Jailolo Selatan
82,01,07,820107,Ibu Utara
82,01,08,820108,Ibu Selatan
82,01,09,820109,Sahu Timur
82,01,10,820110,Loloda Tengah
82,02,01,820201,Weda
82,02,02,820202,Patani
82,02,03,820203,Pulau Gebe
82,02,04,820204,Weda Utara
82,02,05,820205,Weda Selatan
82,02,06,820206,Patani Utara
82,02,07,820207,Weda Tengah
82,02,08,820208,Patani Barat
82,02,09,820209,Weda Timur
82,02,10,820210,Patani Timur
82,03,04,820304,Galela
82,03,05,820305,Tobelo
82,03,06,820306,Tobelo Selatan
82,03,07,820307,Kao
82,03,08,820308,Malifut
82,03,09,820309,Loloda Utara
82,03,10,820310,Tobelo Utara
82,03,11,820311,Tobelo Tengah
82,03,12,820312,Tobelo Timur
82,03,13,820313,Tobelo Barat
82,03,14,820314,Galela Barat
82,03,15,820315,Galela Utara
82,03,16,820316,Galela Selatan
82,03,19,820319,Loloda Kepulauan
82,03,20,820320,Kao Utara
82,03,21,820321,Kao Barat
82,03,22,820322,Kao Teluk
82,04,01,820401,Pulau Makian
82,04,02,820402,Kayoa
82,04,03,820403,Gane Timur
82,04,04,820404,Gane Barat
82,04,05,820405,Obi Selatan
82,04,06,820406,Obi
82,04,07,820407,Bacan Timur
82,04,08,820408,Bacan
82,04,09,820409,Bacan Barat
82,04,10,820410,Makian Barat
82,04,11,820411,Kayoa Barat
82,04,12,820412,Kayoa Selatan
82,04,13,820413,Kayoa Utara
82,04,14,820414,Bacan Barat Utara
82,04,15,820415,Kasiruta Barat
82,04,16,820416,Kasiruta Timur
82,04,17,820417,Bacan Selatan
82,04,18,820418,Kepulauan Botanglomang
82,04,19,820419,Mandioli Selatan
82,04,20,820420,Mandioli Utara
82,04,21,820421,Bacan Timur Selatan
82,04,22,820422,Bacan Timur Tengah
82,04,23,820423,Gane Barat Selatan
82,04,24,820424,Gane Barat Utara
82,04,25,820425,Kepulauan Joronga
82,04,26,820426,Gane Timur Selatan
82,04,27,820427,Gane Timur Tengah
82,04,28,820428,Obi Barat
82,04,29,820429,Obi Timur
82,04,30,820430,Obi Utara
82,05,01,820501,Mangoli Timur
82,05,02,820502,Sanana
82,05,03,820503,Sulabesi Barat
82,05,06,820506,Mangoli Barat
82,05,07,820507,Sulabesi Tengah
82,05,08,820508,Sulabesi Timur
82,05,09,820509,Sulabesi Selatan
82,05,10,820510,Mangoli Utara Timur
82,05,11,820511,Mangoli Tengah
82,05,12,820512,Mangoli Selatan
82,05,13,820513,Mangoli Utara
82,05,18,820518,Sanana Utara
82,06,01,820601,Wasile
82,06,02,820602,Maba
82,06,03,820603,Maba Selatan
82,06,04,820604,Wasile Selatan
82,06,05,820605,Wasile Tengah
82,06,06,820606,Wasile Utara
82,06,07,820607,Wasile Timur
82,06,08,820608,Maba Tengah
82,06,09,820609,Maba Utara
82,06,10,820610,Kota Maba
82,07,01,820701,Morotai Selatan
82,07,02,820702,Morotai Selatan Barat
82,07,03,820703,Morotai Jaya
82,07,04,820704,Morotai Utara
82,07,05,820705,Morotai Timur
82,07,06,820706,Pulau Rao
82,08,01,820801,Taliabu Barat
82,08,02,820802,Taliabu Barat Laut
82,08,03,820803,Lede
82,08,04,820804,Taliabu Utara
82,08,05,820805,Taliabu Timur
82,08,06,820806,Taliabu Timur Selatan
82,08,07,820807,Taliabu Selatan
82,08,08,820808,Tabona
82,71,01,827101,Pulau Ternate
82,71,02,827102,Kota Ternate Selatan
82,71,03,827103,Kota Ternate Utara
82,71,04,827104,Moti
82,71,05,827105,Pulau Batang Dua
82,71,06,827106,Kota Ternate Tengah
82,71,07,827107,Pulau Hiri
82,71,08,827108,Ternate Barat
82,72,01,827201,Tidore
82,72,02,827202,Oba Utara
82,72,03,827203,Oba
82,72,04,827204,Tidore Selatan
82,72,05,827205,Tidore Utara
82,72,06,827206,Oba Tengah
82,72,07,827207,Oba Selatan
82,72,08,827208,Tidore Timur
91,03,01,910301,Sentani
91,03,02,910302,Sentani Timur
91,03,03,910303,Depapre
91,03,04,910304,Sentani Barat
91,03,05,910305,Kemtuk
91,03,06,910306,Kemtuk Gresi
91,03,07,910307,Nimboran
91,03,08,910308,Nimbokrang
91,03,09,910309,Unurum Guay
91,03,10,910310,Demta
91,03,11,910311,Kaureh
91,03,12,910312,Ebungfao (Ebungfau / Ebungfa)
91,03,13,910313,Waibu
91,03,14,910314,Nambluong
91,03,15,910315,Yapsi
91,03,16,910316,Airu
91,03,17,910317,Raveni Rara (Ravenirara)
91,03,18,910318,Gresi Selatan
91,03,19,910319,Yokari
91,05,01,910501,Yapen Selatan
91,05,02,910502,Yapen Barat
91,05,03,910503,Yapen Timur
91,05,04,910504,Angkaisera
91,05,05,910505,Poom
91,05,06,910506,Kosiwo
91,05,07,910507,Yapen Utara
91,05,08,910508,Raimbawi
91,05,09,910509,Teluk Ampimoi
91,05,10,910510,Kepulauan Ambai
91,05,11,910511,Wonawa
91,05,12,910512,Windesi
91,05,13,910513,Pulau Kurudu
91,05,14,910514,Pulau Yerui
91,05,15,910515,Anotaurei
91,05,16,910516,Yawakukat
91,05,17,910517,Nusawani
91,06,01,910601,Biak Kota
91,06,02,910602,Biak Utara
91,06,03,910603,Biak Timur
91,06,04,910604,Numfor Barat
91,06,05,910605,Numfor Timur
91,06,08,910608,Biak Barat
91,06,09,910609,Warsa
91,06,10,910610,Padaido
91,06,11,910611,Yendidori
91,06,12,910612,Samofa
91,06,13,910613,Yawosi
91,06,14,910614,Andey
91,06,15,910615,Swandiwe
91,06,16,910616,Bruyadori
91,06,17,910617,Orkeri
91,06,18,910618,Poiru
91,06,19,910619,Aimando Padaido
91,06,20,910620,Oridek
91,06,21,910621,Bondifuar
91,10,01,911001,Sarmi
91,10,02,911002,Tor Atas
91,10,03,911003,Pantai Barat
91,10,04,911004,Pantai Timur
91,10,05,911005,Bonggo
91,10,09,911009,Apawer Hulu
91,10,12,911012,Sarmi Selatan
91,10,13,911013,Sarmi Timur
91,10,14,911014,Pantai Timur Bagian Barat
91,10,15,911015,Bonggo Timur
91,11,01,911101,Waris
91,11,02,911102,Arso
91,11,03,911103,Senggi
91,11,04,911104,Web
91,11,05,911105,Skanto
91,11,06,911106,Arso Timur
91,11,07,911107,Towe
91,11,08,911108,Arso Barat
91,11,09,911109,Mannem
91,11,10,911110,Yaffi
91,11,11,911111,Kaisenar
91,15,01,911501,Waropen Bawah
91,15,03,911503,Masirei
91,15,07,911507,Risei Sayati
91,15,08,911508,Urei Faisei
91,15,09,911509,Inggerus
91,15,10,911510,Kirihi
91,15,11,911511,Oudate
91,15,12,911512,Wapoga
91,15,13,911513,Demba
91,15,14,911514,Wonti
91,15,15,911515,Soyoi Mambai
91,19,01,911901,Supiori Selatan
91,19,02,911902,Supiori Utara
91,19,03,911903,Supiori Timur
91,19,04,911904,Kepulauan Aruri
91,19,05,911905,Supiori Barat
91,20,01,912001,Mamberamo Tengah
91,20,02,912002,Mamberamo Hulu
91,20,03,912003,Rufaer
91,20,04,912004,Mamberamo Tengah Timur
91,20,05,912005,Mamberamo Hilir
91,20,06,912006,Waropen Atas
91,20,07,912007,Benuki
91,20,08,912008,Sawai
91,71,01,917101,Jayapura Utara
91,71,02,917102,Jayapura Selatan
91,71,03,917103,Abepura
91,71,04,917104,Muara Tami
91,71,05,917105,Heram
92,01,01,920101,Makbon
92,01,04,920104,Beraur
92,01,05,920105,Salawati
92,01,06,920106,Seget
92,01,07,920107,Aimas
92,01,08,920108,Klamono
92,01,10,920110,Sayosa
92,01,12,920112,Segun
92,01,13,920113,Mayamuk
92,01,14,920114,Salawati Selatan
92,01,17,920117,Klabot
92,01,18,920118,Klawak
92,01,20,920120,Maudus
92,01,39,920139,Mariat
92,01,40,920140,Klayili
92,01,41,920141,Klaso
92,01,42,920142,Moisegen
92,01,43,920143,Sorong
92,01,44,920144,Bagun
92,01,45,920145,Wemak
92,01,46,920146,Sunook
92,01,47,920147,Buk
92,01,48,920148,Saengkeduk
92,01,49,920149,Malabotom
92,01,50,920150,Konhir
92,01,51,920151,Klasafet
92,01,52,920152,Hobard
92,01,53,920153,Salawati Tengah
92,01,54,920154,Botain
92,01,55,920155,Sayosa Timur
92,02,03,920203,Warmare
92,02,04,920204,Prafi
92,02,05,920205,Masni
92,02,12,920212,Manokwari Barat
92,02,13,920213,Manokwari Timur
92,02,14,920214,Manokwari Utara
92,02,15,920215,Manokwari Selatan
92,02,17,920217,Tanah Rubuh
92,02,21,920221,Sidey
92,03,01,920301,Fak-Fak (Fakfak)
92,03,02,920302,Fak-Fak Barat (Fakfak Barat)
92,03,03,920303,Fak-Fak Timur (Fakfak Timur)
92,03,04,920304,Kokas
92,03,05,920305,Fak-Fak Tengah (Fakfak Tengah)
92,03,06,920306,Karas
92,03,07,920307,Bomberay
92,03,08,920308,Kramongmongga
92,03,09,920309,Teluk Patipi
92,03,10,920310,Pariwari
92,03,11,920311,Wartutin
92,03,12,920312,Fakfak Timur Tengah
92,03,13,920313,Arguni
92,03,14,920314,Mbahamdandara
92,03,15,920315,Kayauni
92,03,16,920316,Furwagi
92,03,17,920317,Tomage
92,04,01,920401,Teminabuan
92,04,04,920404,Inanwatan
92,04,06,920406,Sawiat
92,04,09,920409,Kokoda
92,04,10,920410,Moswaren
92,04,11,920411,Seremuk
92,04,12,920412,Wayer
92,04,14,920414,Kais
92,04,15,920415,Konda
92,04,20,920420,Matemani
92,04,21,920421,Kokoda Utara
92,04,22,920422,Saifi
92,04,24,920424,Fokour
92,04,25,920425,Salkma
92,04,26,920426,Kais Darat
92,05,01,920501,Misool (Misool Utara)
92,05,02,920502,Waigeo Utara
92,05,03,920503,Waigeo Selatan
92,05,04,920504,Salawati Utara
92,05,05,920505,Kepulauan Ayau
92,05,06,920506,Misool Timur
92,05,07,920507,Waigeo Barat
92,05,08,920508,Waigeo Timur
92,05,09,920509,Teluk Mayalibit
92,05,10,920510,Kofiau
92,05,11,920511,Meos Mansar
92,05,13,920513,Misool Selatan
92,05,14,920514,Warwarbomi
92,05,15,920515,Waigeo Barat Kepulauan
92,05,16,920516,Misool Barat
92,05,17,920517,Kepulauan Sembilan
92,05,18,920518,Kota Waisai
92,05,19,920519,Tiplol Mayalibit
92,05,20,920520,Batanta Utara
92,05,21,920521,Salawati Barat
92,05,22,920522,Salawati Tengah
92,05,23,920523,Supnin
92,05,24,920524,Ayau
92,05,25,920525,Batanta Selatan
92,06,01,920601,Bintuni
92,06,02,920602,Merdey
92,06,03,920603,Babo
92,06,04,920604,Aranday
92,06,05,920605,Moskona Selatan
92,06,06,920606,Moskona Utara
92,06,07,920607,Wamesa (Idoor)
92,06,08,920608,Fafurwar (Irorutu)
92,06,09,920609,Tembuni
92,06,10,920610,Kuri
92,06,11,920611,Manimeri
92,06,12,920612,Tuhiba
92,06,13,920613,Dataran Beimes
92,06,14,920614,Sumuri (Simuri)
92,06,15,920615,Kaitaro
92,06,16,920616,Aroba
92,06,17,920617,Masyeta
92,06,18,920618,Biscoop
92,06,19,920619,Tomu
92,06,20,920620,Kamundan
92,06,21,920621,Weriagar
92,06,22,920622,Moskona Barat
92,06,23,920623,Meyado (Mayado)
92,06,24,920624,Moskona Timur
92,07,01,920701,Wasior
92,07,02,920702,Windesi
92,07,03,920703,Teluk Duairi
92,07,04,920704,Wondiboy
92,07,05,920705,Wamesa
92,07,06,920706,Rumberpon
92,07,07,920707,Naikere
92,07,08,920708,Rasiei
92,07,09,920709,Kuri Wamesa
92,07,10,920710,Roon
92,07,11,920711,Roswar
92,07,12,920712,Nikiwar
92,07,13,920713,Soug Jaya
92,08,01,920801,Kaimana
92,08,02,920802,Buruway
92,08,03,920803,Teluk Arguni Atas
92,08,04,920804,Teluk Etna
92,08,05,920805,Kambrau (Kambraw / Kamberau)
92,08,06,920806,Teluk Arguni Bawah (Yerusi)
92,08,07,920807,Yamor
92,09,01,920901,Fef
92,09,02,920902,Miyah
92,09,03,920903,Yembun
92,09,04,920904,Kwoor
92,09,05,920905,Sausapor
92,09,06,920906,Abun
92,09,07,920907,Syujak
92,09,08,920908,Moraid
92,09,09,920909,Kebar
92,09,10,920910,Amberbaken
92,09,11,920911,Senopi
92,09,12,920912,Mubrani
92,09,13,920913,Bikar
92,09,14,920914,Bamusbama
92,09,15,920915,Ases
92,09,16,920916,Miyah Selatan
92,09,17,920917,Ireres
92,09,18,920918,Tobouw
92,09,19,920919,Wilhem Roumbouts
92,09,20,920920,Tinggouw
92,09,21,920921,Kwesefo
92,09,22,920922,Mawabuan
92,09,23,920923,Kebar Timur
92,09,24,920924,Kebar Selatan
92,09,25,920925,Manekar
92,09,26,920926,Mpur
92,09,27,920927,Amberbaken Barat
92,09,28,920928,Kasi
92,09,29,920929,Selemkai
92,10,01,921001,Aifat
92,10,02,921002,Aifat Utara
92,10,03,921003,Aifat Timur
92,10,04,921004,Aifat Selatan
92,10,05,921005,Aitinyo Barat
92,10,06,921006,Aitinyo
92,10,07,921007,Aitinyo Utara
92,10,08,921008,Ayamaru
92,10,09,921009,Ayamaru Utara
92,10,10,921010,Ayamaru Timur
92,10,11,921011,Mare
92,10,12,921012,Aifat Timur Tengah
92,10,13,921013,Aifat Timur Jauh
92,10,14,921014,Aifat Timur Selatan
92,10,15,921015,Ayamaru Selatan
92,10,16,921016,Ayamaru Jaya
92,10,17,921017,Ayamaru Selatan Jaya
92,10,18,921018,Ayamaru Timur Selatan
92,10,19,921019,Ayamaru Utara Timur
92,10,20,921020,Ayamaru Tengah
92,10,21,921021,Ayamaru Barat
92,10,22,921022,Aitinyo Tengah
92,10,23,921023,Aitinyo Raya
92,10,24,921024,Mare Selatan
92,11,01,921101,Ransiki
92,11,02,921102,Oransbari
92,11,03,921103,Neney
92,11,04,921104,Dataran Isim
92,11,05,921105,Momi Waren
92,11,06,921106,Tahota
92,12,01,921201,Anggi
92,12,02,921202,Anggi Gida
92,12,03,921203,Membey
92,12,04,921204,Sururey
92,12,05,921205,Didohu
92,12,06,921206,Taige
92,12,07,921207,Catubouw
92,12,08,921208,Testega
92,12,09,921209,Minyambaouw
92,12,10,921210,Hingk
92,71,01,927101,Sorong
92,71,02,927102,Sorong Timur
92,71,03,927103,Sorong Barat
92,71,04,927104,Sorong Kepulauan
92,71,05,927105,Sorong Utara
92,71,06,927106,Sorong Manoi
92,71,07,927107,Sorong Kota
92,71,08,927108,Klaurung
92,71,09,927109,Malaimsimsa
92,71,10,927110,Maladum Mes
93,01,01,930101,Merauke
93,01,02,930102,Muting
93,01,03,930103,Okaba
93,01,04,930104,Kimaam
93,01,05,930105,Semangga
93,01,06,930106,Tanah Miring
93,01,07,930107,Jagebob
93,01,08,930108,Sota
93,01,09,930109,Ulilin
93,01,10,930110,Elikobal
93,01,11,930111,Kurik
93,01,12,930112,Naukenjerai
93,01,13,930113,Animha
93,01,14,930114,Malind
93,01,15,930115,Tubang
93,01,16,930116,Ngguti
93,01,17,930117,Kaptel
93,01,18,930118,Tabonji
93,01,19,930119,Waan
93,01,20,930120,Ilwayab (Ilyawab)
93,01,21,930121,Padua
93,01,22,930122,Kontuar
93,02,01,930201,Mandobo
93,02,02,930202,Mindiptana
93,02,03,930203,Waropko
93,02,04,930204,Kouh
93,02,05,930205,Jair
93,02,06,930206,Bomakia
93,02,07,930207,Kombut
93,02,08,930208,Iniyandit
93,02,09,930209,Arimop
93,02,10,930210,Fofi
93,02,11,930211,Ambatkwi (Ambatkui)
93,02,12,930212,Manggelum
93,02,13,930213,Firiwage
93,02,14,930214,Yaniruma
93,02,15,930215,Subur
93,02,16,930216,Kombay
93,02,17,930217,Ninati
93,02,18,930218,Sesnuk
93,02,19,930219,Ki
93,02,20,930220,Kawagit
93,03,01,930301,Obaa
93,03,02,930302,Mambioman Bapai
93,03,03,930303,Citak-Mitak (Citakmitak)
93,03,04,930304,Edera
93,03,05,930305,Haju
93,03,06,930306,Assue
93,03,07,930307,Kaibar
93,03,08,930308,Passue
93,03,09,930309,Minyamur
93,03,10,930310,Venaha
93,03,11,930311,Syahcame
93,03,12,930312,Yakomi
93,03,13,930313,Bamgi
93,03,14,930314,Passue Bawah
93,03,15,930315,Ti Zain
93,04,01,930401,Agats
93,04,02,930402,Atsj (Atsy)
93,04,03,930403,Sawa Erma
93,04,04,930404,Akat
93,04,05,930405,Fayit
93,04,06,930406,Pantai Kasuari
93,04,07,930407,Suator
93,04,08,930408,Suru-suru
93,04,09,930409,Kolf Braza
93,04,10,930410,Unir Sirau
93,04,11,930411,Joerat
93,04,12,930412,Pulau Tiga
93,04,13,930413,Jetsy
93,04,14,930414,Der Koumur
93,04,15,930415,Kopay
93,04,16,930416,Safan
93,04,17,930417,Sirets
93,04,18,930418,Ayip
93,04,19,930419,Betcbamu
93,04,20,930420,Joutu
93,04,21,930421,Aswi
93,04,22,930422,Awyu
93,04,23,930423,Koroway Buluanop
93,04,24,930424,Tomor Birip
93,04,25,930425,Sor Ep
94,01,01,940101,Nabire
94,01,02,940102,Napan
94,01,03,940103,Yaur
94,01,04,940104,Uwapa
94,01,05,940105,Wanggar
94,01,06,940106,Siriwo
94,01,07,940107,Makimi
94,01,08,940108,Teluk Umar
94,01,09,940109,Teluk Kimi
94,01,10,940110,Yaro
94,01,11,940111,Wapoga
94,01,12,940112,Nabire Barat
94,01,13,940113,Moora
94,01,14,940114,Dipa
94,01,15,940115,Menou
94,02,01,940201,Mulia
94,02,02,940202,Ilu
94,02,03,940203,Fawi
94,02,04,940204,Mewoluk
94,02,05,940205,Yamo
94,02,06,940206,Nume
94,02,07,940207,Torere
94,02,08,940208,Tingginambut
94,02,09,940209,Pagaleme
94,02,10,940210,Gurage
94,02,11,940211,Irimuli
94,02,12,940212,Muara
94,02,13,940213,Ilamburawi
94,02,14,940214,Yambi
94,02,15,940215,Lumo
94,02,16,940216,Molanikime
94,02,17,940217,Dokome
94,02,18,940218,Kalome
94,02,19,940219,Wanwi
94,02,20,940220,Yamoneri
94,02,21,940221,Waegi
94,02,22,940222,Nioga
94,02,23,940223,Gubume
94,02,24,940224,Taganombak
94,02,25,940225,Dagai
94,02,26,940226,Kiyage
94,03,01,940301,Paniai Timur
94,03,02,940302,Paniai Barat
94,03,03,940303,Aradide
94,03,04,940304,Bogabaida
94,03,05,940305,Bibida
94,03,06,940306,Dumadama
94,03,07,940307,Siriwo
94,03,08,940308,Kebo
94,03,09,940309,Yatamo
94,03,10,940310,Ekadide
94,03,11,940311,Wegee Muka
94,03,12,940312,Wegee Bino
94,03,13,940313,Pugo Dagi
94,03,14,940314,Muye
94,03,15,940315,Nakama
94,03,16,940316,Teluk Deya
94,03,17,940317,Yagai
94,03,18,940318,Youtadi
94,03,19,940319,Baya Biru
94,03,20,940320,Deiyai Miyo
94,03,21,940321,Dogomo
94,03,22,940322,Aweida
94,03,23,940323,Topiyai
94,03,24,940324,Fajar Timur
94,04,01,940401,Mimika Baru
94,04,02,940402,Agimuga
94,04,03,940403,Mimika Timur
94,04,04,940404,Mimika Barat
94,04,05,940405,Jita
94,04,06,940406,Jila
94,04,07,940407,Mimika Timur Jauh
94,04,08,940408,Mimika Tengah
94,04,09,940409,Kuala Kencana
94,04,10,940410,Tembagapura
94,04,11,940411,Mimika Barat Jauh
94,04,12,940412,Mimika Barat Tengah
94,04,13,940413,Kwamki Narama
94,04,14,940414,Hoya
94,04,15,940415,Iwaka
94,04,16,940416,Wania
94,04,17,940417,Amar
94,04,18,940418,Alama
94,05,01,940501,Ilaga
94,05,02,940502,Wangbe
94,05,03,940503,Beoga
94,05,04,940504,Doufo
94,05,05,940505,Pogoma
94,05,06,940506,Sinak
94,05,07,940507,Agandugume
94,05,08,940508,Gome
94,05,09,940509,Dervos
94,05,10,940510,Beoga Barat
94,05,11,940511,Beoga Timur
94,05,12,940512,Ogamanim
94,05,13,940513,Kembru
94,05,14,940514,Bina
94,05,15,940515,Sinak Barat
94,05,16,940516,Mage'abume
94,05,17,940517,Yugumuak
94,05,18,940518,Ilaga Utara
94,05,19,940519,Mabugi
94,05,20,940520,Omukia
94,05,21,940521,Lambewi
94,05,22,940522,Oneri
94,05,23,940523,Amungkalpia
94,05,24,940524,Gome Utara
94,05,25,940525,Erelmakawia
94,06,01,940601,Kamu
94,06,02,940602,Mapia
94,06,03,940603,Piyaiye
94,06,04,940604,Kamu Utara
94,06,05,940605,Sukikai Selatan
94,06,06,940606,Mapia Barat
94,06,07,940607,Kamu Selatan
94,06,08,940608,Kamu Timur
94,06,09,940609,Mapia Tengah
94,06,10,940610,Dogiyai
94,07,01,940701,Sugapa
94,07,02,940702,Homeyo
94,07,03,940703,Wandai
94,07,04,940704,Biandoga
94,07,05,940705,Agisiga
94,07,06,940706,Hitadipa
94,07,07,940707,Ugimba
94,07,08,940708,Tomosiga
94,08,01,940801,Tigi
94,08,02,940802,Tigi Timur
94,08,03,940803,Bowobado
94,08,04,940804,Tigi Barat
94,08,05,940805,Kapiraya
95,01,01,950101,Wamena
95,01,02,950102,Kurulu
95,01,03,950103,Asologaima
95,01,04,950104,Hubikosi
95,01,05,950105,Bolakme
95,01,06,950106,Walelagama
95,01,07,950107,Musatfak
95,01,08,950108,Wolo
95,01,09,950109,Asolokobal
95,01,10,950110,Pelebaga
95,01,11,950111,Yalengga
95,01,12,950112,Trikora
95,01,13,950113,Napua
95,01,14,950114,Walaik
95,01,15,950115,Wouma
95,01,16,950116,Hubikiak
95,01,17,950117,Ibele
95,01,18,950118,Taelarek
95,01,19,950119,Itlay Hisage
95,01,20,950120,Siepkosi
95,01,21,950121,Usilimo
95,01,22,950122,Wita Waya
95,01,23,950123,Libarek
95,01,24,950124,Wadangku
95,01,25,950125,Pisugi
95,01,26,950126,Koragi
95,01,27,950127,Tagime
95,01,28,950128,Molagalome
95,01,29,950129,Tagineri
95,01,30,950130,Silo Karno Doga
95,01,31,950131,Piramid
95,01,32,950132,Muliama
95,01,33,950133,Bugi
95,01,34,950134,Bpiri
95,01,35,950135,Welesi
95,01,36,950136,Asotipo
95,01,37,950137,Maima
95,01,38,950138,Popugoba
95,01,39,950139,Wame
95,01,40,950140,Wesaput
95,02,01,950201,Oksibil
95,02,02,950202,Kiwirok
95,02,03,950203,Okbibab
95,02,04,950204,Iwur
95,02,05,950205,Batom
95,02,06,950206,Borme
95,02,07,950207,Kiwirok Timur
95,02,08,950208,Aboy
95,02,09,950209,Pepera
95,02,10,950210,Bime
95,02,11,950211,Alemsom
95,02,12,950212,Okbape
95,02,13,950213,Kalomdol
95,02,14,950214,Oksop
95,02,15,950215,Serambakon
95,02,16,950216,Ok Aom
95,02,17,950217,Kawor
95,02,18,950218,Awinbon
95,02,19,950219,Tarup
95,02,20,950220,Okhika
95,02,21,950221,Oksamol
95,02,22,950222,Oklip
95,02,23,950223,Okbemtau
95,02,24,950224,Oksebang
95,02,25,950225,Okbab
95,02,26,950226,Batani
95,02,27,950227,Weime
95,02,28,950228,Murkim
95,02,29,950229,Mofinop
95,02,30,950230,Jetfa
95,02,31,950231,Teiraplu
95,02,32,950232,Eipumek
95,02,33,950233,Pamek
95,02,34,950234,Nongme
95,03,01,950301,Kurima
95,03,02,950302,Anggruk
95,03,03,950303,Ninia
95,03,04,950304,Silimo
95,03,05,950305,Samenage
95,03,06,950306,Nalca
95,03,07,950307,Dekai
95,03,08,950308,Obio
95,03,09,950309,Suru Suru
95,03,10,950310,Wusama
95,03,11,950311,Amuma
95,03,12,950312,Musaik
95,03,13,950313,Pasema
95,03,14,950314,Hogio
95,03,15,950315,Mugi
95,03,16,950316,Soba
95,03,17,950317,Werima
95,03,18,950318,Tangma
95,03,19,950319,Ukha
95,03,20,950320,Panggema
95,03,21,950321,Kosarek
95,03,22,950322,Nipsan
95,03,23,950323,Ubahak
95,03,24,950324,Pronggoli
95,03,25,950325,Walma
95,03,26,950326,Yahuliambut
95,03,27,950327,Hereapini
95,03,28,950328,Ubalihi
95,03,29,950329,Talambo
95,03,30,950330,Puldama
95,03,31,950331,Endomen
95,03,32,950332,Kona
95,03,33,950333,Dirwemna
95,03,34,950334,Holuwon
95,03,35,950335,Lolat
95,03,36,950336,Soloikma
95,03,37,950337,Sela
95,03,38,950338,Korupun
95,03,39,950339,Langda
95,03,40,950340,Bomela
95,03,41,950341,Suntamon
95,03,42,950342,Seradala
95,03,43,950343,Sobaham
95,03,44,950344,Kabianggama
95,03,45,950345,Kwelamdua
95,03,46,950346,Kwikma
95,03,47,950347,Hilipuk
95,03,48,950348,Duram
95,03,49,950349,Yogosem
95,03,50,950350,Kayo
95,03,51,950351,Sumo
95,04,01,950401,Karubaga
95,04,02,950402,Bokondini
95,04,03,950403,Kanggime
95,04,04,950404,Kembu
95,04,05,950405,Goyage
95,04,06,950406,Wunim
95,04,07,950407,Wina
95,04,08,950408,Umagi
95,04,09,950409,Panaga
95,04,10,950410,Woniki
95,04,11,950411,Kubu
95,04,12,950412,Konda/ Kondaga
95,04,13,950413,Nelawi
95,04,14,950414,Kuari
95,04,15,950415,Bokoneri
95,04,16,950416,Bewani
95,04,17,950417,Nabunage
95,04,18,950418,Gilubandu
95,04,19,950419,Nunggawi
95,04,20,950420,Gundagi
95,04,21,950421,Numba
95,04,22,950422,Timori
95,04,23,950423,Dundu
95,04,24,950424,Geya
95,04,25,950425,Egiam
95,04,26,950426,Poganeri
95,04,27,950427,Kamboneri
95,04,28,950428,Airgaram
95,04,29,950429,Wari/Taiyeve II
95,04,30,950430,Dow
95,04,31,950431,Tagineri
95,04,32,950432,Yuneri
95,04,33,950433,Wakuwo
95,04,34,950434,Gika
95,04,35,950435,Telenggeme
95,04,36,950436,Anawi
95,04,37,950437,Wenam
95,04,38,950438,Wugi
95,04,39,950439,Danime
95,04,40,950440,Tagime
95,04,41,950441,Kai
95,04,42,950442,Aweku
95,04,43,950443,Bogonuk
95,04,44,950444,Li Anogomma
95,04,45,950445,Biuk
95,04,46,950446,Yuko
95,05,01,950501,Kobakma
95,05,02,950502,Kelila
95,05,03,950503,Eragayam
95,05,04,950504,Megambilis
95,05,05,950505,Ilugwa
95,06,01,950601,Elelim
95,06,02,950602,Apalapsili
95,06,03,950603,Abenaho
95,06,04,950604,Benawa
95,06,05,950605,Welarek
95,07,01,950701,Tiom
95,07,02,950702,Pirime
95,07,03,950703,Makki
95,07,04,950704,Gamelia
95,07,05,950705,Dimba
95,07,06,950706,Melagineri
95,07,07,950707,Balingga
95,07,08,950708,Tiomneri
95,07,09,950709,Kuyawage
95,07,10,950710,Poga
95,07,11,950711,Niname
95,07,12,950712,Nogi
95,07,13,950713,Yiginua
95,07,14,950714,Tiom Ollo
95,07,15,950715,Yugungwi
95,07,16,950716,Mokoni
95,07,17,950717,Wereka
95,07,18,950718,Milimbo
95,07,19,950719,Wiringgambut
95,07,20,950720,Gollo
95,07,21,950721,Awina
95,07,22,950722,Ayumnati
95,07,23,950723,Wano Barat
95,07,24,950724,Goa Balim
95,07,25,950725,Bruwa
95,07,26,950726,Balingga Barat
95,07,27,950727,Gupura
95,07,28,950728,Kolawa
95,07,29,950729,Gelok Beam
95,07,30,950730,Kuly Lanny
95,07,31,950731,Lannyna
95,07,32,950732,Karu
95,07,33,950733,Yiluk
95,07,34,950734,Guna
95,07,35,950735,Kelulome
95,07,36,950736,Nikogwe
95,07,37,950737,Muara
95,07,38,950738,Buguk Gona
95,07,39,950739,Melagi
95,08,01,950801,Kenyam
95,08,02,950802,Mapenduma
95,08,03,950803,Yigi
95,08,04,950804,Wosak
95,08,05,950805,Geselma
95,08,06,950806,Mugi
95,08,07,950807,Mbuwa
95,08,08,950808,Gearek
95,08,09,950809,Koroptak
95,08,10,950810,Kegayem
95,08,11,950811,Paro
95,08,12,950812,Mebarok
95,08,13,950813,Yenggelo
95,08,14,950814,Kilmid
95,08,15,950815,Alama
95,08,16,950816,Yal
95,08,17,950817,Mam
95,08,18,950818,Dal
95,08,19,950819,Nirkuri
95,08,20,950820,Inikgal
95,08,21,950821,Iniye
95,08,22,950822,Mbulmu Yalma
95,08,23,950823,Mbua Tengah
95,08,24,950824,Embetpen
95,08,25,950825,Kora
95,08,26,950826,Wusi
95,08,27,950827,Pija
95,08,28,950828,Moba
95,08,29,950829,Wutpaga
95,08,30,950830,Nenggeagin
95,08,31,950831,Krepkuri
95,08,32,950832,Pasir Putih
