no,nama_kecamatan,kodepos_max,desa_count_raw,sep,kode_wilayah_kec,dt2,kab_kota,provinsi_filter,source_page
1,Alafan (Alapan),23893,8,12,11.09.08,Kab.,Simeulue,Aceh (NAD),1
2,Arongan Lambalek,23652,27,-,11.05.07,Kab.,Aceh Barat,Aceh (NAD),1
3,Atu Lintang,24563,11,-,11.04.18,Kab.,Aceh Tengah,Aceh (NAD),1
4,Babah Rot,23767,14,-,11.12.06,Kab.,Aceh Barat Daya,Aceh (NAD),1
5,Babul Makmur,24673,21,-,11.02.06,Kab.,Aceh Tenggara,Aceh (NAD),1
6,Babul Rahmah,24675,27,-,11.02.11,Kab.,Aceh Tenggara,Aceh (NAD),1
7,Babussalam,24664,27,-,11.02.04,Kab.,Aceh Tenggara,Aceh (NAD),1
8,Badar,24666,18,-,11.02.05,Kab.,Aceh Tenggara,Aceh (NAD),1
9,Baiturrahman,23241 - 23245,10,-,11.71.01,Kota,Banda Aceh,Aceh (NAD),1
10,Baitussalam,23373,13,-,11.06.20,Kab.,Aceh Besar,Aceh (NAD),1
11,Bakongan,23773,7,1,11.01.01,Kab.,Aceh Selatan,Aceh (NAD),1
12,Bakongan Timur,23777,7,-,11.01.15,Kab.,Aceh Selatan,Aceh (NAD),1
13,Baktiya,24392,57,-,11.08.01,Kab.,Aceh Utara,Aceh (NAD),1
14,Baktiya Barat,24396,26,-,11.08.19,Kab.,Aceh Utara,Aceh (NAD),1
15,Bambel,24672,33,-,11.02.03,Kab.,Aceh Tenggara,Aceh (NAD),1
16,Banda Alam,24458,16,-,11.03.15,Kab.,Aceh Timur,Aceh (NAD),1
17,Banda Baro,24376,9,-,11.08.26,Kab.,Aceh Utara,Aceh (NAD),1
18,Banda Mulia,24472,10,1,11.16.09,Kab.,Aceh Tamiang,Aceh (NAD),1
19,Banda Raya,23238 - 23239,10,-,11.71.07,Kota,Banda Aceh,Aceh (NAD),1
20,Banda Sakti,24315 - 24351,18,-,11.73.02,Kota,Lhokseumawe,Aceh (NAD),1
21,Bandar,24582,35,-,11.17.04,Kab.,Bener Meriah,Aceh (NAD),1
22,Bandar Baru,24184,43,-,11.18.06,Kab.,Pidie Jaya,Aceh (NAD),1
23,Bandar Dua,24188,45,-,11.18.04,Kab.,Pidie Jaya,Aceh (NAD),1
24,Bandar Pusaka,24478,15,-,11.16.10,Kab.,Aceh Tamiang,Aceh (NAD),1
25,Batee,24152,28,-,11.07.03,Kab.,Pidie,Aceh (NAD),1
26,Bebesen,24552,28,-,11.04.03,Kab.,Aceh Tengah,Aceh (NAD),1
27,Bendahara,24470,33,4,11.16.02,Kab.,Aceh Tamiang,Aceh (NAD),1
28,Bener Kelipah,24583,12,-,11.17.08,Kab.,Bener Meriah,Aceh (NAD),1
29,Beutong,23672,24,-,11.15.04,Kab.,Nagan Raya,Aceh (NAD),1
30,Beutong Ateuh Banggalang,23673,4,-,11.15.10,Kab.,Nagan Raya,Aceh (NAD),1
31,Bies,24561,12,-,11.04.20,Kab.,Aceh Tengah,Aceh (NAD),1
32,Bintang,24571,24,-,11.04.08,Kab.,Aceh Tengah,Aceh (NAD),1
33,Birem Bayeun,24452,27,1,11.03.04,Kab.,Aceh Timur,Aceh (NAD),1
34,Blang Bintang (Blank Bintang),23360,26,-,11.06.23,Kab.,Aceh Besar,Aceh (NAD),1
35,Blang Mangat,24375,22,-,11.73.03,Kota,Lhokseumawe,Aceh (NAD),1
36,Blangjerango (Blang Jerango),24655,10,-,11.13.09,Kab.,Gayo Lues,Aceh (NAD),1
37,Blangkejeren (Blang Kejeren),24655,20,-,11.13.01,Kab.,Gayo Lues,Aceh (NAD),1
38,Blangpegayon (Blang Pegayon),24653,12,-,11.13.06,Kab.,Gayo Lues,Aceh (NAD),1
39,Blangpidie (Blang Pidie),23764,20,-,11.12.01,Kab.,Aceh Barat Daya,Aceh (NAD),1
40,Bubon,23651,17,-,11.05.06,Kab.,Aceh Barat,Aceh (NAD),1
41,Bukit,24581,40,-,11.17.05,Kab.,Bener Meriah,Aceh (NAD),1
42,Bukit Tusam,24671,23,-,11.02.09,Kab.,Aceh Tenggara,Aceh (NAD),1
43,Celala,24562,17,-,11.04.13,Kab.,Aceh Tengah,Aceh (NAD),1
44,Cot Girek,24352,24,-,11.08.17,Kab.,Aceh Utara,Aceh (NAD),1
45,Dabun Gelang (Debun Gelang),24652,9,-,11.13.08,Kab.,Gayo Lues,Aceh (NAD),1
46,Danau Paris,24784,6,-,11.10.11,Kab.,Aceh Singkil,Aceh (NAD),1
47,Darul Aman,24455,45,-,11.03.01,Kab.,Aceh Timur,Aceh (NAD),1
48,Darul Falah,24454,11,-,11.03.22,Kab.,Aceh Timur,Aceh (NAD),1
49,Darul Hasanah,24663,28,-,11.02.07,Kab.,Aceh Tenggara,Aceh (NAD),1
50,Darul Hikmah,23656,19,-,11.14.08,Kab.,Aceh Jaya,Aceh (NAD),1
51,Darul Ihsan (Iksan),24468,16,-,11.03.21,Kab.,Aceh Timur,Aceh (NAD),1
52,Darul Imarah,23352,32,-,11.06.07,Kab.,Aceh Besar,Aceh (NAD),1
53,Darul Kamal,23350,14,-,11.06.19,Kab.,Aceh Besar,Aceh (NAD),1
54,Darul Makmur,23662,40,-,11.15.05,Kab.,Nagan Raya,Aceh (NAD),1
55,Darussalam,23374,29,-,11.06.12,Kab.,Aceh Besar,Aceh (NAD),1
56,Deleng Pokhkisen (Deleng Pokhisen),24660,22,-,11.02.13,Kab.,Aceh Tenggara,Aceh (NAD),1
57,Delima,24162,44,-,11.07.04,Kab.,Pidie,Aceh (NAD),1
58,Dewantara,24354,15,-,11.08.02,Kab.,Aceh Utara,Aceh (NAD),1
59,Gajah Putih,24553,10,-,11.17.10,Kab.,Bener Meriah,Aceh (NAD),1
60,Gandapura (Ganda Pura),24356,40,-,11.11.07,Kab.,Bireuen,Aceh (NAD),1
61,Geumpang,24167,5,-,11.07.05,Kab.,Pidie,Aceh (NAD),1
62,Geuredong Pase,24373,11,-,11.08.25,Kab.,Aceh Utara,Aceh (NAD),1
63,Glumpang Baro,24180,21,-,11.07.29,Kab.,Pidie,Aceh (NAD),1
64,Glumpang Tiga (Geulumpang Tiga),24183,34,-,11.07.06,Kab.,Pidie,Aceh (NAD),1
65,Grong Grong,24150,15,-,11.07.25,Kab.,Pidie,Aceh (NAD),1
66,Gunung Meriah (Mariah),24793,25,-,11.10.06,Kab.,Aceh Singkil,Aceh (NAD),1
67,Idi Rayeuk,24442,35,-,11.03.03,Kab.,Aceh Timur,Aceh (NAD),1
68,Idi Timur,24456,13,-,11.03.23,Kab.,Aceh Timur,Aceh (NAD),1
69,Idi Tunong,24443,25,-,11.03.14,Kab.,Aceh Timur,Aceh (NAD),1
70,Indra Jaya,23657,14,-,11.14.07,Kab.,Aceh Jaya,Aceh (NAD),1
71,Indra Makmu (Indra Makmur),24457,13,-,11.03.13,Kab.,Aceh Timur,Aceh (NAD),1
72,Indrajaya (Indra Jaya),24171,49,-,11.07.07,Kab.,Pidie,Aceh (NAD),1
73,Indrapuri,23363,52,-,11.06.03,Kab.,Aceh Besar,Aceh (NAD),1
74,Ingin Jaya,23371,50,-,11.06.10,Kab.,Aceh Besar,Aceh (NAD),1
75,Jagong Jeget,24564,10,-,11.04.19,Kab.,Aceh Tengah,Aceh (NAD),1
76,Jangka,24261,46,-,11.11.10,Kab.,Bireuen,Aceh (NAD),1
77,Jangka Buya (Jangka Buaya),24186,18,-,11.18.03,Kab.,Pidie Jaya,Aceh (NAD),1
78,Jaya,23658,34,3,11.14.05,Kab.,Aceh Jaya,Aceh (NAD),1
79,Jaya Baru,23230 - 23236,9,-,11.71.08,Kota,Banda Aceh,Aceh (NAD),1
80,Jeumpa,23769,12,-,11.12.08,Kab.,Aceh Barat Daya,Aceh (NAD),1
81,Jeumpa,24251,42,-,11.11.04,Kab.,Bireuen,Aceh (NAD),1
82,Jeunieb,24263,43,-,11.11.02,Kab.,Bireuen,Aceh (NAD),1
83,Johan Pahwalan (Johan Pahlawan),23617 - 23618,21,-,11.05.01,Kab.,Aceh Barat,Aceh (NAD),1
84,Juli,24250,36,-,11.11.09,Kab.,Bireuen,Aceh (NAD),1
85,Julok,24459,37,-,11.03.02,Kab.,Aceh Timur,Aceh (NAD),1
86,Karang Baru,24476,31,-,11.16.03,Kab.,Aceh Tamiang,Aceh (NAD),1
87,Kaway XVI,23681,44,-,11.05.02,Kab.,Aceh Barat,Aceh (NAD),1
88,Kebayakan,24517 - 24519,20,-,11.04.11,Kab.,Aceh Tengah,Aceh (NAD),1
89,Kejuruan Muda,24477,16,-,11.16.06,Kab.,Aceh Tamiang,Aceh (NAD),1
90,Kembang Tanjong,24182,45,1,11.07.08,Kab.,Pidie,Aceh (NAD),1
91,Ketambe,24662,25,-,11.02.12,Kab.,Aceh Tenggara,Aceh (NAD),1
92,Ketol,24566,25,-,11.04.10,Kab.,Aceh Tengah,Aceh (NAD),1
93,Keumala,24165,18,-,11.07.22,Kab.,Pidie,Aceh (NAD),1
94,Kluet Selatan,23772,17,-,11.01.03,Kab.,Aceh Selatan,Aceh (NAD),1
95,Kluet Tengah,23770,13,-,11.01.13,Kab.,Aceh Selatan,Aceh (NAD),1
96,Kluet Timur,23779,9,-,11.01.14,Kab.,Aceh Selatan,Aceh (NAD),1
97,Kluet Utara,23771,21,-,11.01.02,Kab.,Aceh Selatan,Aceh (NAD),1
98,Kota Bahagia,23778,10,-,11.01.17,Kab.,Aceh Selatan,Aceh (NAD),1
99,Kota Baharu,24792,9,-,11.10.09,Kab.,Aceh Singkil,Aceh (NAD),1
100,Kota Jantho,23918 - 23919,13,-,11.06.15,Kab.,Aceh Besar,Aceh (NAD),1
101,Kota Juang,24252,23,-,11.11.13,Kab.,Bireuen,Aceh (NAD),1
102,Kota Kualasinpang (Kota Kuala Simpang),24475,5,-,11.16.05,Kab.,Aceh Tamiang,Aceh (NAD),1
103,Kota Sigli,24115 - 24119,15,-,11.07.09,Kab.,Pidie,Aceh (NAD),1
104,Krueng Barona Jaya,23370,12,-,11.06.21,Kab.,Aceh Besar,Aceh (NAD),1
105,Krueng Sabee,23654,17,1,11.14.02,Kab.,Aceh Jaya,Aceh (NAD),1
106,Kuala,24260,20,-,11.11.14,Kab.,Bireuen,Aceh (NAD),1
107,Kuala,23661,17,-,11.15.01,Kab.,Nagan Raya,Aceh (NAD),1
108,Kuala Baru,24789,4,-,11.10.14,Kab.,Aceh Singkil,Aceh (NAD),1
109,Kuala Batee,23766,21,-,11.12.05,Kab.,Aceh Barat Daya,Aceh (NAD),1
110,Kuala Pesisir,23660,16,-,11.15.07,Kab.,Nagan Raya,Aceh (NAD),1
111,Kuta Alam,23126 - 23127,11,-,11.71.02,Kota,Banda Aceh,Aceh (NAD),1
112,Kuta Baro,23372,47,-,11.06.11,Kab.,Aceh Besar,Aceh (NAD),1
113,Kuta Blang,24358,41,-,11.11.17,Kab.,Bireuen,Aceh (NAD),1
114,Kuta Cot Glie (Kota Cot Glie),23364,32,-,11.06.16,Kab.,Aceh Besar,Aceh (NAD),1
115,Kuta Makmur,24371,39,-,11.08.03,Kab.,Aceh Utara,Aceh (NAD),1
116,Kuta Malaka (Kota Malaka),23365,15,-,11.06.17,Kab.,Aceh Besar,Aceh (NAD),1
117,Kuta Raja,23128 - 23242,6,-,11.71.06,Kota,Banda Aceh,Aceh (NAD),1
118,Kutapanjang (Kuta Panjang),24650,12,-,11.13.02,Kab.,Gayo Lues,Aceh (NAD),1
119,Kute Panang,24568,24,-,11.04.12,Kab.,Aceh Tengah,Aceh (NAD),1
120,Labuhan Haji,23761,16,-,11.01.04,Kab.,Aceh Selatan,Aceh (NAD),1
121,Labuhan Haji Barat,23757,15,-,11.01.12,Kab.,Aceh Selatan,Aceh (NAD),1
122,Labuhan Haji Timur,23758,12,-,11.01.11,Kab.,Aceh Selatan,Aceh (NAD),1
123,Langkahan,24394,23,-,11.08.18,Kab.,Aceh Utara,Aceh (NAD),1
124,Langsa Barat,24410 - 24414,13,1,11.74.02,Kota,Langsa,Aceh (NAD),1
125,Langsa Baro,24415,12,-,11.74.05,Kota,Langsa,Aceh (NAD),1
126,Langsa Kota,24410 - 24414,10,-,11.74.03,Kota,Langsa,Aceh (NAD),1
127,Langsa Lama,24411 - 24416,15,-,11.74.04,Kota,Langsa,Aceh (NAD),1
128,Langsa Timur,24411,16,-,11.74.01,Kota,Langsa,Aceh (NAD),1
129,Lapang,24391,11,-,11.08.23,Kab.,Aceh Utara,Aceh (NAD),1
130,Laut Tawar (Lut Tawar),24511 - 24516,18,-,11.04.17,Kab.,Aceh Tengah,Aceh (NAD),1
131,Lawe Alas,24661,28,-,11.02.01,Kab.,Aceh Tenggara,Aceh (NAD),1
132,Lawe Bulan,24665,24,-,11.02.08,Kab.,Aceh Tenggara,Aceh (NAD),1
133,Lawe Sigala Gala,24676,35,-,11.02.02,Kab.,Aceh Tenggara,Aceh (NAD),1
134,Lawe Sumur,24670,18,-,11.02.14,Kab.,Aceh Tenggara,Aceh (NAD),1
135,Lembah Sabil,23762,14,-,11.12.09,Kab.,Aceh Barat Daya,Aceh (NAD),1
136,Lembah Seulawah,23952,12,-,11.06.14,Kab.,Aceh Besar,Aceh (NAD),1
137,Leupung,23353,6,-,11.06.22,Kab.,Aceh Besar,Aceh (NAD),1
138,Leuser,24677,23,-,11.02.16,Kab.,Aceh Tenggara,Aceh (NAD),1
139,Lhoknga (Lho&#039;nga),23355,28,-,11.06.02,Kab.,Aceh Besar,Aceh (NAD),1
140,Lhoksukon,24382,75,-,11.08.04,Kab.,Aceh Utara,Aceh (NAD),1
141,Lhoong,23354,28,-,11.06.01,Kab.,Aceh Besar,Aceh (NAD),1
142,Linge,24565,26,-,11.04.01,Kab.,Aceh Tengah,Aceh (NAD),1
143,Longkib,24782,10,-,11.75.05,Kota,Subulussalam,Aceh (NAD),1
144,Lueng Bata,23244 - 23249,9,-,11.71.05,Kota,Banda Aceh,Aceh (NAD),1
145,Madat,24462,26,1,11.03.12,Kab.,Aceh Timur,Aceh (NAD),1
146,Makmur,24357,27,-,11.11.06,Kab.,Bireuen,Aceh (NAD),1
147,Mane,24189,4,-,11.07.27,Kab.,Pidie,Aceh (NAD),1
148,Manggeng,23760,18,-,11.12.03,Kab.,Aceh Barat Daya,Aceh (NAD),1
149,Manyak Payed,24471,36,-,11.16.01,Kab.,Aceh Tamiang,Aceh (NAD),1
150,Matangkuli,24386,49,-,11.08.05,Kab.,Aceh Utara,Aceh (NAD),1
151,Mesidah,24584,15,-,11.17.09,Kab.,Bener Meriah,Aceh (NAD),1
152,Mesjid Raya,23381,13,-,11.06.09,Kab.,Aceh Besar,Aceh (NAD),1
153,Meukek,23754,23,-,11.01.05,Kab.,Aceh Selatan,Aceh (NAD),1
154,Meurah Dua,24186,19,-,11.18.05,Kab.,Pidie Jaya,Aceh (NAD),1
155,Meurah Mulia,24372,50,-,11.08.07,Kab.,Aceh Utara,Aceh (NAD),1
156,Meuraxa,23231 - 23234,16,-,11.71.03,Kota,Banda Aceh,Aceh (NAD),1
157,Meureubo,23615,26,-,11.05.09,Kab.,Aceh Barat,Aceh (NAD),1
158,Meureudu,24186,30,-,11.18.01,Kab.,Pidie Jaya,Aceh (NAD),1
159,Mila,24163,20,-,11.07.11,Kab.,Pidie,Aceh (NAD),1
160,Montasik (Mantasiek),23362,39,-,11.06.05,Kab.,Aceh Besar,Aceh (NAD),1
161,Muara Batu,24355,24,-,11.08.06,Kab.,Aceh Utara,Aceh (NAD),1
162,Muara Dua,24351,17,-,11.73.01,Kota,Lhokseumawe,Aceh (NAD),1
163,Muara Satu,24353,11,-,11.73.04,Kota,Lhokseumawe,Aceh (NAD),1
164,Muara Tiga,24153,18,-,11.07.12,Kab.,Pidie,Aceh (NAD),1
165,Mutiara,24173,29,-,11.07.13,Kab.,Pidie,Aceh (NAD),1
166,Mutiara Timur,24175,48,-,11.07.24,Kab.,Pidie,Aceh (NAD),1
167,Nibong,24385,20,-,11.08.21,Kab.,Aceh Utara,Aceh (NAD),1
168,Nisam,24378,29,-,11.08.16,Kab.,Aceh Utara,Aceh (NAD),1
169,Nisam Antara,24379,6,-,11.08.27,Kab.,Aceh Utara,Aceh (NAD),1
170,Nurussalam,24467,31,-,11.03.06,Kab.,Aceh Timur,Aceh (NAD),1
171,Padang Tiji,24161,64,-,11.07.14,Kab.,Pidie,Aceh (NAD),1
172,Pandrah,24265,19,-,11.11.08,Kab.,Bireuen,Aceh (NAD),1
173,Panga (Keude Panga),23653,20,-,11.14.06,Kab.,Aceh Jaya,Aceh (NAD),1
174,Pantan Cuaca,24654,9,-,11.13.11,Kab.,Gayo Lues,Aceh (NAD),1
175,Pante Bidari,24463,25,-,11.03.11,Kab.,Aceh Timur,Aceh (NAD),1
176,Pante Ceureumen (Pantai Ceuremen),23680,25,-,11.05.08,Kab.,Aceh Barat,Aceh (NAD),1
177,Panteraja,24185,10,-,11.18.07,Kab.,Pidie Jaya,Aceh (NAD),1
178,Panton Reu,23684,19,-,11.05.12,Kab.,Aceh Barat,Aceh (NAD),1
179,Pasi Raja (Pasie Raja),23755,21,-,11.01.10,Kab.,Aceh Selatan,Aceh (NAD),1
180,Pasie Raya,23653,14,-,11.14.09,Kab.,Aceh Jaya,Aceh (NAD),1
181,Paya Bakong,24383,39,-,11.08.20,Kab.,Aceh Utara,Aceh (NAD),1
182,Pegasing,24560,31,-,11.04.07,Kab.,Aceh Tengah,Aceh (NAD),1
183,Penanggalan,24780,13,-,11.75.02,Kota,Subulussalam,Aceh (NAD),1
184,Permata,24585,27,-,11.17.02,Kab.,Bener Meriah,Aceh (NAD),1
185,Peudada,24262,52,-,11.11.03,Kab.,Bireuen,Aceh (NAD),1
186,Peudawa,24469,17,-,11.03.16,Kab.,Aceh Timur,Aceh (NAD),1
187,Peukan Bada,23351,26,-,11.06.08,Kab.,Aceh Besar,Aceh (NAD),1
188,Peukan Baro,24172,48,-,11.07.15,Kab.,Pidie,Aceh (NAD),1
189,Peulimbang (Plimbang),24266,22,-,11.11.12,Kab.,Bireuen,Aceh (NAD),1
190,Peunaron,24461,5,-,11.03.24,Kab.,Aceh Timur,Aceh (NAD),1
191,Peureulak,24453,38,-,11.03.07,Kab.,Aceh Timur,Aceh (NAD),1
192,Peureulak Barat,24450,15,-,11.03.18,Kab.,Aceh Timur,Aceh (NAD),1
193,Peureulak Timur,24440,20,-,11.03.17,Kab.,Aceh Timur,Aceh (NAD),1
194,Peusangan,24267,69,-,11.11.05,Kab.,Bireuen,Aceh (NAD),1
195,Peusangan Selatan,24268,21,-,11.11.16,Kab.,Bireuen,Aceh (NAD),1
196,Peusangan Siblah Krueng,24269,21,-,11.11.15,Kab.,Bireuen,Aceh (NAD),1
197,Pidie,24151,64,-,11.07.16,Kab.,Pidie,Aceh (NAD),1
198,Pining (Pinding),24659,9,-,11.13.05,Kab.,Gayo Lues,Aceh (NAD),1
199,Pintu Rime Gayo,24554,23,-,11.17.01,Kab.,Bener Meriah,Aceh (NAD),1
200,Pirak Timur,24384,23,-,11.08.24,Kab.,Aceh Utara,Aceh (NAD),1
201,Pulau Banyak,24791,3,-,11.10.01,Kab.,Aceh Singkil,Aceh (NAD),1
202,Pulau Banyak Barat,24790,4,-,11.10.16,Kab.,Aceh Singkil,Aceh (NAD),1
203,Pulo Aceh,23391,17,-,11.06.13,Kab.,Aceh Besar,Aceh (NAD),1
204,Puteri Betung (Putri Betung),24658,9,-,11.13.07,Kab.,Gayo Lues,Aceh (NAD),1
205,Rantau,24474,17,-,11.16.08,Kab.,Aceh Tamiang,Aceh (NAD),1
206,Rantau Peureulak (Ranto Peureulak),24441,23,-,11.03.10,Kab.,Aceh Timur,Aceh (NAD),1
207,Rantau Selamat,24451,14,-,11.03.08,Kab.,Aceh Timur,Aceh (NAD),1
208,Rikit Gaib,24651,13,-,11.13.03,Kab.,Gayo Lues,Aceh (NAD),1
209,Rundeng,24779,23,1,11.75.03,Kota,Subulussalam,Aceh (NAD),1
210,Rusip Antara,24567,16,-,11.04.21,Kab.,Aceh Tengah,Aceh (NAD),1
211,Sakti,24164,49,-,11.07.17,Kab.,Pidie,Aceh (NAD),1
212,Salang,23896,16,1,11.09.02,Kab.,Simeulue,Aceh (NAD),1
213,Samadua (Sama Dua),23752,28,-,11.01.06,Kab.,Aceh Selatan,Aceh (NAD),1
214,Samalanga,24264,46,-,11.11.01,Kab.,Bireuen,Aceh (NAD),1
215,Samatiga,23650,32,-,11.05.05,Kab.,Aceh Barat,Aceh (NAD),1
216,Sampoi Niet (Sampoiniet),23659,19,3,11.14.04,Kab.,Aceh Jaya,Aceh (NAD),1
217,Samudera,24374,40,-,11.08.08,Kab.,Aceh Utara,Aceh (NAD),1
218,Sawang,23753,15,1,11.01.07,Kab.,Aceh Selatan,Aceh (NAD),1
219,Sawang,24377,39,-,11.08.15,Kab.,Aceh Utara,Aceh (NAD),1
220,Sekerak,24476,14,-,11.16.12,Kab.,Aceh Tamiang,Aceh (NAD),1
221,Semadam,24678,19,-,11.02.10,Kab.,Aceh Tenggara,Aceh (NAD),1
222,Serbajadi,24460,17,-,11.03.05,Kab.,Aceh Timur,Aceh (NAD),1
223,Seruway,24473,24,3,11.16.04,Kab.,Aceh Tamiang,Aceh (NAD),1
224,Setia,23763,9,-,11.12.07,Kab.,Aceh Barat Daya,Aceh (NAD),1
225,Setia Bhakti (Setia Bakti),23655,13,1,11.14.03,Kab.,Aceh Jaya,Aceh (NAD),1
226,Seulimeum,23951,47,-,11.06.04,Kab.,Aceh Besar,Aceh (NAD),1
227,Seunagan,23671,35,-,11.15.02,Kab.,Nagan Raya,Aceh (NAD),1
228,Seunagan Timur,23670,34,-,11.15.03,Kab.,Nagan Raya,Aceh (NAD),1
229,Seunuddon (Seunudon),24393,33,-,11.08.09,Kab.,Aceh Utara,Aceh (NAD),1
230,Silih Nara,24569,33,-,11.04.02,Kab.,Aceh Tengah,Aceh (NAD),1
231,Simeulue Barat (Simeuleu Barat),23892,14,6,11.09.06,Kab.,Simeulue,Aceh (NAD),1
232,Simeulue Cut,23895,8,-,11.09.10,Kab.,Simeulue,Aceh (NAD),1
233,Simeulue Tengah (Simeuleu Tengah),23894,16,2,11.09.01,Kab.,Simeulue,Aceh (NAD),1
234,Simeulue Timur (Simeuleu Timur),23891,17,21,11.09.04,Kab.,Simeulue,Aceh (NAD),1
235,Simpang Jernih,24464,8,-,11.03.20,Kab.,Aceh Timur,Aceh (NAD),1
236,Simpang Kanan,24794,25,-,11.10.02,Kab.,Aceh Singkil,Aceh (NAD),1
237,Simpang Kiri,24781,17,-,11.75.01,Kota,Subulussalam,Aceh (NAD),1
238,Simpang Kramat (Keramat),24313,16,-,11.08.22,Kab.,Aceh Utara,Aceh (NAD),1
239,Simpang Mamplam,24253,41,-,11.11.11,Kab.,Bireuen,Aceh (NAD),1
240,Simpang Tiga,23375,18,-,11.06.18,Kab.,Aceh Besar,Aceh (NAD),1
241,Simpang Tiga,24181,52,-,11.07.18,Kab.,Pidie,Aceh (NAD),1
242,Simpang Ulim,24465,23,1,11.03.09,Kab.,Aceh Timur,Aceh (NAD),1
243,Singkil,24785,16,1,11.10.04,Kab.,Aceh Singkil,Aceh (NAD),1
244,Singkil Utara,24791,7,1,11.10.10,Kab.,Aceh Singkil,Aceh (NAD),1
245,Singkohor,24788,6,-,11.10.13,Kab.,Aceh Singkil,Aceh (NAD),1
246,Suka Makmue,23674,19,-,11.15.06,Kab.,Nagan Raya,Aceh (NAD),1
247,Sukajaya,23521 - 23529,7,-,11.72.02,Kota,Sabang,Aceh (NAD),1
248,Sukakarya,23517 - 23518,5,1,11.72.01,Kota,Sabang,Aceh (NAD),1
249,Sukamakmue,23516 - 23529,6,-,11.72.03,Kota,Sabang,Aceh (NAD),1
250,Sukamakmur (Suka Makmur),23361,35,-,11.06.06,Kab.,Aceh Besar,Aceh (NAD),1
251,Sultan Daulat,24783,19,-,11.75.04,Kota,Subulussalam,Aceh (NAD),1
252,Sungai Mas,23685,18,-,11.05.03,Kab.,Aceh Barat,Aceh (NAD),1
253,Sungai Raya,24466,13,-,11.03.19,Kab.,Aceh Timur,Aceh (NAD),1
254,Suro Makmur,24787,11,-,11.10.12,Kab.,Aceh Singkil,Aceh (NAD),1
255,Susoh,23765,29,-,11.12.04,Kab.,Aceh Barat Daya,Aceh (NAD),1
256,Syamtalira Aron,24381,34,-,11.08.10,Kab.,Aceh Utara,Aceh (NAD),1
257,Syamtalira Bayu,24370,38,-,11.08.11,Kab.,Aceh Utara,Aceh (NAD),1
258,Syiah Kuala,23111 - 23116,10,-,11.71.04,Kota,Banda Aceh,Aceh (NAD),1
259,Syiah Utama,24586,14,-,11.17.03,Kab.,Bener Meriah,Aceh (NAD),1
260,T. Jambo Aye (Tanah Jambo Aye),24395,47,-,11.08.14,Kab.,Aceh Utara,Aceh (NAD),1
261,Tadu Raya,23664,22,-,11.15.08,Kab.,Nagan Raya,Aceh (NAD),1
262,Tamiang Hulu,24479,9,-,11.16.07,Kab.,Aceh Tamiang,Aceh (NAD),1
263,Tanah Luas,24387,57,-,11.08.12,Kab.,Aceh Utara,Aceh (NAD),1
264,Tanah Pasir,24390,18,-,11.08.13,Kab.,Aceh Utara,Aceh (NAD),1
265,Tangan-Tangan,23768,15,-,11.12.02,Kab.,Aceh Barat Daya,Aceh (NAD),1
266,Tangse,24166,28,-,11.07.19,Kab.,Pidie,Aceh (NAD),1
267,Tanoh Alas (Tanah Alas),24674,14,-,11.02.15,Kab.,Aceh Tenggara,Aceh (NAD),1
268,Tapaktuan (Tapak Tuan),23711 - 23718,16,-,11.01.08,Kab.,Aceh Selatan,Aceh (NAD),1
269,Teluk Dalam,23890,10,14,11.09.05,Kab.,Simeulue,Aceh (NAD),1
270,Tenggulun,24477,6,-,11.16.11,Kab.,Aceh Tamiang,Aceh (NAD),1
271,Terangun (Terangon),24656,23,-,11.13.04,Kab.,Gayo Lues,Aceh (NAD),1
272,Teripe Jaya (Tripe Jaya),24657,10,-,11.13.10,Kab.,Gayo Lues,Aceh (NAD),1
273,Teunom,23653,22,-,11.14.01,Kab.,Aceh Jaya,Aceh (NAD),1
274,Teupah Barat,23897,18,4,11.09.03,Kab.,Simeulue,Aceh (NAD),1
275,Teupah Selatan,23898,19,3,11.09.07,Kab.,Simeulue,Aceh (NAD),1
276,Teupah Tengah,23899,12,-,11.09.09,Kab.,Simeulue,Aceh (NAD),1
277,Timang Gajah,24555,30,-,11.17.07,Kab.,Bener Meriah,Aceh (NAD),1
278,Tiro/Truseb,24174,19,-,11.07.21,Kab.,Pidie,Aceh (NAD),1
279,Titeue,24168,13,-,11.07.31,Kab.,Pidie,Aceh (NAD),1
280,Trienggadeng,24185,27,-,11.18.08,Kab.,Pidie Jaya,Aceh (NAD),1
281,Tripa Makmur,23663,11,-,11.15.09,Kab.,Nagan Raya,Aceh (NAD),1
282,Trumon,23774,12,1,11.01.09,Kab.,Aceh Selatan,Aceh (NAD),1
283,Trumon Tengah,23775,10,-,11.01.18,Kab.,Aceh Selatan,Aceh (NAD),1
284,Trumon Timur,23776,8,-,11.01.16,Kab.,Aceh Selatan,Aceh (NAD),1
285,Ulee Kareng,23117 - 23119,9,-,11.71.09,Kota,Banda Aceh,Aceh (NAD),1
286,Ulim,24187,30,-,11.18.02,Kab.,Pidie Jaya,Aceh (NAD),1
287,Wih Pesam,24580,26,-,11.17.06,Kab.,Bener Meriah,Aceh (NAD),1
288,Woyla,23654,43,-,11.05.04,Kab.,Aceh Barat,Aceh (NAD),1
289,Woyla Barat,23682,24,-,11.05.10,Kab.,Aceh Barat,Aceh (NAD),1
290,Woyla Timur,23683,26,-,11.05.11,Kab.,Aceh Barat,Aceh (NAD),1
1,Angsana,42277,9,-,36.01.07,Kab.,Pandeglang,Banten,1
2,Anyar,42166,12,-,36.04.30,Kab.,Serang,Banten,1
3,Balaraja,15610,9,-,36.03.01,Kab.,Tangerang,Banten,1
4,Bandung,42176,8,-,36.04.34,Kab.,Serang,Banten,1
5,Banjar,42252,11,-,36.01.20,Kab.,Pandeglang,Banten,1
6,Banjarsari,42355,20,-,36.02.09,Kab.,Lebak,Banten,1
7,Baros,42173,14,-,36.04.22,Kab.,Serang,Banten,1
8,Batuceper,15121 - 15122,7,-,36.71.03,Kota,Tangerang,Banten,1
9,Bayah,42393,11,5,36.02.03,Kab.,Lebak,Banten,1
10,Benda,15123 - 15126,5,-,36.71.04,Kota,Tangerang,Banten,1
11,Binuang,42196,7,-,36.04.18,Kab.,Serang,Banten,1
12,Bojonegara,42454,11,-,36.04.07,Kab.,Serang,Banten,1
13,Bojong,42274,8,-,36.01.10,Kab.,Pandeglang,Banten,1
14,Bojongmanik,42363,9,-,36.02.07,Kab.,Lebak,Banten,1
15,Cadasari,42251,11,-,36.01.22,Kab.,Pandeglang,Banten,1
16,Carenang (Cerenang),42195,8,-,36.04.17,Kab.,Serang,Banten,1
17,Carita,42264,10,-,36.01.28,Kab.,Pandeglang,Banten,1
18,Cibadak,42357,15,-,36.02.18,Kab.,Lebak,Banten,1
19,Cibaliung,42285,9,-,36.01.03,Kab.,Pandeglang,Banten,1
20,Cibeber,42422 - 42427,6,-,36.72.01,Kota,Cilegon,Banten,1
21,Cibeber,42394,22,-,36.02.19,Kab.,Lebak,Banten,1
22,Cibitung,42287,10,-,36.01.27,Kab.,Pandeglang,Banten,1
23,Cibodas,15134 - 15139,6,-,36.71.09,Kota,Tangerang,Banten,1
24,Cigemlong (Cigemblong),42395,8,-,36.02.28,Kab.,Lebak,Banten,1
25,Cigeulis,42282,9,-,36.01.05,Kab.,Pandeglang,Banten,1
26,Cihara,42392,9,-,36.02.26,Kab.,Lebak,Banten,1
27,Cijaku,42397,11,-,36.02.16,Kab.,Lebak,Banten,1
28,Cikande,42186,13,-,36.04.15,Kab.,Serang,Banten,1
29,Cikedal (Cikeudal),42271,10,-,36.01.26,Kab.,Pandeglang,Banten,1
30,Cikeusal,42175,17,-,36.04.23,Kab.,Serang,Banten,1
31,Cikeusik,42286,14,2,36.01.04,Kab.,Pandeglang,Banten,1
32,Cikulur,42356,13,-,36.02.17,Kab.,Lebak,Banten,1
33,Cikupa,15710,14,-,36.03.18,Kab.,Tangerang,Banten,1
34,Ciledug,15151 - 15153,8,-,36.71.06,Kota,Tangerang,Banten,1
35,Cilegon,42415 - 42419,5,-,36.72.02,Kota,Cilegon,Banten,1
36,Cileles,42353,12,-,36.02.10,Kab.,Lebak,Banten,1
37,Cilograng,42398,10,-,36.02.20,Kab.,Lebak,Banten,1
38,Cimanggu,42284,12,-,36.01.02,Kab.,Pandeglang,Banten,1
39,Cimanuk,42270,11,-,36.01.18,Kab.,Pandeglang,Banten,1
40,Cimarga,42361,17,-,36.02.11,Kab.,Lebak,Banten,1
41,Cinangka,42167,14,-,36.04.31,Kab.,Serang,Banten,1
42,Ciomas,42164,11,-,36.04.27,Kab.,Serang,Banten,1
43,Cipanas,42372,14,-,36.02.04,Kab.,Lebak,Banten,1
44,Cipeucang,42272,10,-,36.01.15,Kab.,Pandeglang,Banten,1
45,Cipocok Jaya,42121 - 42128,8,-,36.73.05,Kota,Serang,Banten,1
46,Cipondoh,15141 - 15148,10,-,36.71.05,Kota,Tangerang,Banten,1
47,Ciputat,15411 - 15414,7,-,36.74.04,Kota,Tangerang Selatan,Banten,1
48,Ciputat Timur,15412 - 15419,6,-,36.74.05,Kota,Tangerang Selatan,Banten,1
49,Cirinten,42365,10,-,36.02.27,Kab.,Lebak,Banten,1
50,Ciruas,42182,15,-,36.04.09,Kab.,Serang,Banten,1
51,Cisata,42273,9,-,36.01.23,Kab.,Pandeglang,Banten,1
52,Cisauk,15340 - 15345,6,-,36.03.23,Kab.,Tangerang,Banten,1
53,Cisoka,15730,10,-,36.03.05,Kab.,Tangerang,Banten,1
54,Citangkil,42441 - 42444,7,-,36.72.08,Kota,Cilegon,Banten,1
55,Ciwandan,42441 - 42447,6,-,36.72.04,Kota,Cilegon,Banten,1
56,Curug,42171,10,-,36.73.04,Kota,Serang,Banten,1
57,Curug,15810,7,-,36.03.17,Kab.,Tangerang,Banten,1
58,Curug bitung (Curugbitung),42381,10,-,36.02.23,Kab.,Lebak,Banten,1
59,Gerogol,42436 - 42438,4,-,36.72.06,Kota,Cilegon,Banten,1
60,Gunung Kaler,15620,9,-,36.03.32,Kab.,Tangerang,Banten,1
61,Gunungkencana (Gunung Kencana),42354,12,-,36.02.08,Kab.,Lebak,Banten,1
62,Gunungsari (Gunung Sari),42160,7,-,36.04.33,Kab.,Serang,Banten,1
63,Jambe,15720,10,-,36.03.04,Kab.,Tangerang,Banten,1
64,Jatiuwung,15133 - 15137,6,-,36.71.02,Kota,Tangerang,Banten,1
65,Jawilan,42177,9,-,36.04.26,Kab.,Serang,Banten,1
66,Jayanti,15611,8,-,36.03.02,Kab.,Tangerang,Banten,1
67,Jiput,42263,13,-,36.01.16,Kab.,Pandeglang,Banten,1
68,Jombang,42411 - 42416,5,-,36.72.05,Kota,Cilegon,Banten,1
69,Kaduhejo,42253,10,-,36.01.19,Kab.,Pandeglang,Banten,1
70,Kalanganyar,42311 - 42312,7,-,36.02.24,Kab.,Lebak,Banten,1
71,Karang Tanjung,42213,4,-,36.01.25,Kab.,Pandeglang,Banten,1
72,Karang Tengah,15157 - 15159,7,-,36.71.12,Kota,Tangerang,Banten,1
73,Karawaci,15112 - 15116,16,-,36.71.07,Kota,Tangerang,Banten,1
74,Kasemen,42191,10,-,36.73.02,Kota,Serang,Banten,1
75,Kelapa Dua,15811,6,-,36.03.28,Kab.,Tangerang,Banten,1
76,Kemiri,15530,7,-,36.03.09,Kab.,Tangerang,Banten,1
77,Kibin,42185,9,-,36.04.16,Kab.,Serang,Banten,1
78,Kopo,42178,10,-,36.04.25,Kab.,Serang,Banten,1
79,Koroncong,42250,12,-,36.01.33,Kab.,Pandeglang,Banten,1
80,Kosambi,15211 - 15215,10,-,36.03.14,Kab.,Tangerang,Banten,1
81,Kragilan,42184,12,-,36.04.11,Kab.,Serang,Banten,1
82,Kramatwatu,42161,15,-,36.04.05,Kab.,Serang,Banten,1
83,Kresek,15621,9,-,36.03.06,Kab.,Tangerang,Banten,1
84,Kronjo,15550,10,-,36.03.07,Kab.,Tangerang,Banten,1
85,Labuan,42260,9,1,36.01.12,Kab.,Pandeglang,Banten,1
86,Larangan,15154 - 15156,8,-,36.71.13,Kota,Tangerang,Banten,1
87,Lebak Wangi,42181,10,-,36.04.35,Kab.,Serang,Banten,1
88,Lebakgedong,42351,6,-,36.02.25,Kab.,Lebak,Banten,1
89,Legok,15820,11,-,36.03.20,Kab.,Tangerang,Banten,1
90,Leuwidamar,42362,12,-,36.02.06,Kab.,Lebak,Banten,1
91,Maja,42382,14,-,36.02.13,Kab.,Lebak,Banten,1
92,Majasari,42211 - 42217,5,-,36.01.34,Kab.,Pandeglang,Banten,1
93,Malingping,42391,14,-,36.02.01,Kab.,Lebak,Banten,1
94,Mancak,42165,14,-,36.04.32,Kab.,Serang,Banten,1
95,Mandalawangi,42261,15,-,36.01.17,Kab.,Pandeglang,Banten,1
96,Mauk,15531,12,-,36.03.08,Kab.,Tangerang,Banten,1
97,Mekar Baru,15551,8,-,36.03.33,Kab.,Tangerang,Banten,1
98,Mekarjaya,42279,8,-,36.01.30,Kab.,Pandeglang,Banten,1
99,Menes,42262,12,-,36.01.13,Kab.,Pandeglang,Banten,1
100,Muncang,42364,12,-,36.02.05,Kab.,Lebak,Banten,1
101,Munjul,42275,9,-,36.01.08,Kab.,Pandeglang,Banten,1
102,Neglasari,15121 - 15129,7,-,36.71.10,Kota,Tangerang,Banten,1
103,Pabuaran,42163,8,-,36.04.28,Kab.,Serang,Banten,1
104,Padarincang,42168,14,-,36.04.29,Kab.,Serang,Banten,1
105,Pagedangan,15157 - 15330,11,-,36.03.22,Kab.,Tangerang,Banten,1
106,Pagelaran,42265,13,-,36.01.09,Kab.,Pandeglang,Banten,1
107,Pakuhaji,15570,14,-,36.03.15,Kab.,Tangerang,Banten,1
108,Pamarayan,42179,10,-,36.04.24,Kab.,Serang,Banten,1
109,Pamulang,15415 - 15418,8,-,36.74.06,Kota,Tangerang Selatan,Banten,1
110,Pandeglang,42211 - 42219,4,-,36.01.21,Kab.,Pandeglang,Banten,1
111,Panggarangan,42390,11,-,36.02.02,Kab.,Lebak,Banten,1
112,Panimbang,42281,6,1,36.01.06,Kab.,Pandeglang,Banten,1
113,Panongan,15711,8,-,36.03.19,Kab.,Tangerang,Banten,1
114,Pasar Kemis,15560,9,-,36.03.12,Kab.,Tangerang,Banten,1
115,Patia,42266,10,-,36.01.24,Kab.,Pandeglang,Banten,1
116,Periuk,15131 - 15133,5,-,36.71.08,Kota,Tangerang,Banten,1
117,Petir,42172,15,-,36.04.19,Kab.,Serang,Banten,1
118,Picung,42275,9,-,36.01.11,Kab.,Pandeglang,Banten,1
119,Pinang (Penang),15142 - 15145,11,-,36.71.11,Kota,Tangerang,Banten,1
120,Pondok Aren,15220 - 15229,11,-,36.74.03,Kota,Tangerang Selatan,Banten,1
121,Pontang,42192,11,-,36.04.12,Kab.,Serang,Banten,1
122,Pulo Ampel,42455,9,-,36.04.08,Kab.,Serang,Banten,1
123,Pulomerak,42431 - 42439,4,5,36.72.03,Kota,Cilegon,Banten,1
124,Pulosari,42254,9,-,36.01.32,Kab.,Pandeglang,Banten,1
125,Purwakarta,42431 - 42437,6,-,36.72.07,Kota,Cilegon,Banten,1
126,Rajeg,15540,13,-,36.03.11,Kab.,Tangerang,Banten,1
127,Rangkasbitung,42311 - 42319,16,-,36.02.14,Kab.,Lebak,Banten,1
128,Sajira,42371,15,-,36.02.12,Kab.,Lebak,Banten,1
129,Saketi,42278,14,-,36.01.14,Kab.,Pandeglang,Banten,1
130,Sepatan,15520,8,-,36.03.16,Kab.,Tangerang,Banten,1
131,Sepatan Timur,15521,8,-,36.03.30,Kab.,Tangerang,Banten,1
132,Serang,42111 - 42119,12,-,36.73.01,Kota,Serang,Banten,1
133,Serpong,15310 - 15311,9,-,36.74.01,Kota,Tangerang Selatan,Banten,1
134,Serpong Utara,15320 - 15326,7,-,36.74.02,Kota,Tangerang Selatan,Banten,1
135,Setu,15312 - 15315,6,-,36.74.07,Kota,Tangerang Selatan,Banten,1
136,Sindang Jaya,15561,7,-,36.03.29,Kab.,Tangerang,Banten,1
137,Sindangresmi,42276,9,-,36.01.31,Kab.,Pandeglang,Banten,1
138,Sobang,42315 - 42318,10,-,36.02.22,Kab.,Lebak,Banten,1
139,Sobang,42280,8,-,36.01.35,Kab.,Pandeglang,Banten,1
140,Solear,15731,7,-,36.03.31,Kab.,Tangerang,Banten,1
141,Sukadiri,15532,8,-,36.03.10,Kab.,Tangerang,Banten,1
142,Sukamulya,15612,8,-,36.03.27,Kab.,Tangerang,Banten,1
143,Sukaresmi,42267,10,-,36.01.29,Kab.,Pandeglang,Banten,1
144,Sumur,42283,7,27,36.01.01,Kab.,Pandeglang,Banten,1
145,Taktakan,42162,13,-,36.73.06,Kota,Serang,Banten,1
146,Tanara,42194,9,-,36.04.14,Kab.,Serang,Banten,1
147,Tangerang,15111 - 15119,8,-,36.71.01,Kota,Tangerang,Banten,1
148,Teluknaga,15510,13,1,36.03.13,Kab.,Tangerang,Banten,1
149,Tigaraksa,15721,14,-,36.03.03,Kab.,Tangerang,Banten,1
150,Tirtayasa,42193,14,1,36.04.13,Kab.,Serang,Banten,1
151,Tunjung Teja,42174,9,-,36.04.20,Kab.,Serang,Banten,1
152,Walantaka,42183,14,-,36.73.03,Kota,Serang,Banten,1
153,Wanasalam,42396,13,-,36.02.21,Kab.,Lebak,Banten,1
154,Waringinkurung (Waringin Kurung),42453,11,-,36.04.06,Kab.,Serang,Banten,1
155,Warunggunung,42352,12,-,36.02.15,Kab.,Lebak,Banten,1
1,Air Besi,38575,15,-,17.03.15,Kab.,Bengkulu Utara,Bengkulu,1
2,Air Dikit,38765,7,-,17.06.14,Kab.,Muko Muko,Bengkulu,1
3,Air Majunto,38767,8,-,17.06.13,Kab.,Muko Muko,Bengkulu,1
4,Air Napal,38373,12,1,17.03.16,Kab.,Bengkulu Utara,Bengkulu,1
5,Air Nipis,38571,10,-,17.01.08,Kab.,Bengkulu Selatan,Bengkulu,1
6,Air Padang,38653,10,-,17.03.20,Kab.,Bengkulu Utara,Bengkulu,1
7,Air Periukan,38881,16,-,17.05.06,Kab.,Seluma,Bengkulu,1
8,Air Rami,38764,12,-,17.06.07,Kab.,Muko Muko,Bengkulu,1
9,Amen,39264,10,-,17.07.10,Kab.,Lebong,Bengkulu,1
10,Arma Jaya,38611,12,-,17.03.21,Kab.,Bengkulu Utara,Bengkulu,1
11,Bang Haji,38372,12,-,17.09.10,Kab.,Bengkulu Tengah,Bengkulu,1
12,Batik Nau,38656,15,1,17.03.11,Kab.,Bengkulu Utara,Bengkulu,1
13,Bermani Ilir,39374,19,-,17.08.01,Kab.,Kepahiang,Bengkulu,1
14,Bermani Ulu,39152,12,-,17.02.10,Kab.,Rejang Lebong,Bengkulu,1
15,Bermani Ulu Raya,39151,10,-,17.02.24,Kab.,Rejang Lebong,Bengkulu,1
16,Binduriang,39182,5,-,17.02.20,Kab.,Rejang Lebong,Bengkulu,1
17,Bingin Kuning,39262,9,-,17.07.07,Kab.,Lebong,Bengkulu,1
18,Bunga Mas,38511,10,-,17.01.10,Kab.,Bengkulu Selatan,Bengkulu,1
19,Curup,39111 - 39125,9,-,17.02.09,Kab.,Rejang Lebong,Bengkulu,1
20,Curup Selatan,39112 - 39125,11,-,17.02.18,Kab.,Rejang Lebong,Bengkulu,1
21,Curup Tengah,39113 - 39125,10,-,17.02.19,Kab.,Rejang Lebong,Bengkulu,1
22,Curup Timur,39115 - 39125,9,-,17.02.17,Kab.,Rejang Lebong,Bengkulu,1
23,Curup Utara,39119 - 39125,14,-,17.02.16,Kab.,Rejang Lebong,Bengkulu,1
24,Enggano,38387,6,5,17.03.01,Kab.,Bengkulu Utara,Bengkulu,1
25,Gading Cempaka,38221 - 38229,5,-,17.71.02,Kota,Bengkulu,Bengkulu,1
26,Giri Mulia (Giri Mulya),38655,6,-,17.03.08,Kab.,Bengkulu Utara,Bengkulu,1
27,Hulu Palik,38374,15,-,17.03.19,Kab.,Bengkulu Utara,Bengkulu,1
28,Ilir Talo,38887,15,-,17.05.14,Kab.,Seluma,Bengkulu,1
29,Ipuh (Muko Muko Selatan),38763,16,-,17.06.05,Kab.,Muko Muko,Bengkulu,1
30,Kampung Melayu,38215 - 38216,6,-,17.71.05,Kota,Bengkulu,Bengkulu,1
31,Karang Tinggi,38382,13,-,17.09.01,Kab.,Bengkulu Tengah,Bengkulu,1
32,Kaur Selatan,38963,19,-,17.04.05,Kab.,Kaur,Bengkulu,1
33,Kaur Tengah,38961,9,-,17.04.04,Kab.,Kaur,Bengkulu,1
34,Kaur Utara,38956,11,-,17.04.03,Kab.,Kaur,Bengkulu,1
35,Kebawetan,39376,15,-,17.08.06,Kab.,Kepahiang,Bengkulu,1
36,Kedurang,38553,19,-,17.01.01,Kab.,Bengkulu Selatan,Bengkulu,1
37,Kedurang Ilir,38554,12,-,17.01.07,Kab.,Bengkulu Selatan,Bengkulu,1
38,Kelam Tengah,38954,13,-,17.04.09,Kab.,Kaur,Bengkulu,1
39,Kepahiang,39372,23,-,17.08.04,Kab.,Kepahiang,Bengkulu,1
40,Kerkap,38379,18,-,17.03.06,Kab.,Bengkulu Utara,Bengkulu,1
41,Ketahun,38361,11,-,17.03.12,Kab.,Bengkulu Utara,Bengkulu,1
42,Kinal,38962,14,-,17.04.01,Kab.,Kaur,Bengkulu,1
43,Kota Arga Makmur,38611 - 38619,16,-,17.03.07,Kab.,Bengkulu Utara,Bengkulu,1
44,Kota Manna,38511 - 38513,11,-,17.01.05,Kab.,Bengkulu Selatan,Bengkulu,1
45,Kota Mukomuko (Mukomuko Utara),38711 - 38719,9,-,17.06.02,Kab.,Muko Muko,Bengkulu,1
46,Kota Padang,39183,10,-,17.02.06,Kab.,Rejang Lebong,Bengkulu,1
47,Lais,38654,13,-,17.03.10,Kab.,Bengkulu Utara,Bengkulu,1
48,Lebong Atas,39265,6,-,17.07.02,Kab.,Lebong,Bengkulu,1
49,Lebong Sakti,39267,9,-,17.07.08,Kab.,Lebong,Bengkulu,1
50,Lebong Selatan,39258,10,-,17.07.04,Kab.,Lebong,Bengkulu,1
51,Lebong Tengah,39263,11,-,17.07.03,Kab.,Lebong,Bengkulu,1
52,Lebong Utara,39259,12,-,17.07.01,Kab.,Lebong,Bengkulu,1
53,Luas,38960,12,-,17.04.10,Kab.,Kaur,Bengkulu,1
54,Lubuk Pinang,38756,7,-,17.06.01,Kab.,Muko Muko,Bengkulu,1
55,Lubuk Sandi,38882,14,-,17.05.07,Kab.,Seluma,Bengkulu,1
56,Lungkang Kule,38957,9,-,17.04.13,Kab.,Kaur,Bengkulu,1
57,Maje,38965,19,-,17.04.06,Kab.,Kaur,Bengkulu,1
58,Malin Deman,38762,7,-,17.06.06,Kab.,Muko Muko,Bengkulu,1
59,Manna,38511,18,-,17.01.04,Kab.,Bengkulu Selatan,Bengkulu,1
60,Marga Sakti Sebelat (Marga Sakti),38325,10,-,17.03.25,Kab.,Bengkulu Utara,Bengkulu,1
61,Merigi,39371,8,-,17.08.05,Kab.,Kepahiang,Bengkulu,1
62,Merigi Kelindang,38386,13,-,17.09.07,Kab.,Bengkulu Tengah,Bengkulu,1
63,Merigi Sakti,38383,15,-,17.09.08,Kab.,Bengkulu Tengah,Bengkulu,1
64,Muara Bangka Hulu,38121 - 38126,7,-,17.71.04,Kota,Bengkulu,Bengkulu,1
65,Muara Kemumu,39375,8,-,17.08.08,Kab.,Kepahiang,Bengkulu,1
66,Muara Sahung,38966,7,-,17.04.11,Kab.,Kaur,Bengkulu,1
67,Napal Putih,38363,10,-,17.03.13,Kab.,Bengkulu Utara,Bengkulu,1
68,Nasal,38964,17,-,17.04.07,Kab.,Kaur,Bengkulu,1
69,Padang Guci Hilir,38958,9,-,17.04.14,Kab.,Kaur,Bengkulu,1
70,Padang Guci Hulu,38959,11,-,17.04.15,Kab.,Kaur,Bengkulu,1
71,Padang Jaya,38657,12,-,17.03.09,Kab.,Bengkulu Utara,Bengkulu,1
72,Padang Ulak Tanding,39180,15,-,17.02.07,Kab.,Rejang Lebong,Bengkulu,1
73,Pagar Jati,38381,14,-,17.09.05,Kab.,Bengkulu Tengah,Bengkulu,1
74,Pasar Manna,38513 - 38518,9,-,17.01.11,Kab.,Bengkulu Selatan,Bengkulu,1
75,Pematang Tiga,38370,13,-,17.09.04,Kab.,Bengkulu Tengah,Bengkulu,1
76,Penarik,38768,14,-,17.06.10,Kab.,Muko Muko,Bengkulu,1
77,Pinang Belapis,39269,8,-,17.07.12,Kab.,Lebong,Bengkulu,1
78,Pinang Raya,38362,10,-,17.03.24,Kab.,Bengkulu Utara,Bengkulu,1
79,Pino,38570,16,-,17.01.03,Kab.,Bengkulu Selatan,Bengkulu,1
80,Pino Raya (Pinoraya),38572,21,-,17.01.06,Kab.,Bengkulu Selatan,Bengkulu,1
81,Pondok Kelapa,38371,17,-,17.09.03,Kab.,Bengkulu Tengah,Bengkulu,1
82,Pondok Kubang,38375 - 38378,12,-,17.09.09,Kab.,Bengkulu Tengah,Bengkulu,1
83,Pondok Suguh,38766,11,-,17.06.04,Kab.,Muko Muko,Bengkulu,1
84,Putri Hijau,38326,9,-,17.03.14,Kab.,Bengkulu Utara,Bengkulu,1
85,Ratu Agung,38223 - 38228,8,-,17.71.06,Kota,Bengkulu,Bengkulu,1
86,Ratu Samban,38221 - 38227,9,-,17.71.07,Kota,Bengkulu,Bengkulu,1
87,Rimbo Pengadang,39261,6,-,17.07.05,Kab.,Lebong,Bengkulu,1
88,Seberang Musi,39377,13,-,17.08.07,Kab.,Kepahiang,Bengkulu,1
89,Seginim,38552,22,-,17.01.02,Kab.,Bengkulu Selatan,Bengkulu,1
90,Selagan Raya,38769,12,-,17.06.09,Kab.,Muko Muko,Bengkulu,1
91,Selebar,38211 - 38216,6,-,17.71.01,Kota,Bengkulu,Bengkulu,1
92,Seluma,38876,7,-,17.05.02,Kab.,Seluma,Bengkulu,1
93,Seluma Barat,38883,9,-,17.05.08,Kab.,Seluma,Bengkulu,1
94,Seluma Selatan,38878,12,-,17.05.11,Kab.,Seluma,Bengkulu,1
95,Seluma Timur,38885,8,-,17.05.09,Kab.,Seluma,Bengkulu,1
96,Seluma Utara,38884,10,-,17.05.10,Kab.,Seluma,Bengkulu,1
97,Selupu Rejang,39153,16,-,17.02.11,Kab.,Rejang Lebong,Bengkulu,1
98,Semidang Alas,38873,24,-,17.05.04,Kab.,Seluma,Bengkulu,1
99,Semidang Alas Maras,38875,26,-,17.05.05,Kab.,Seluma,Bengkulu,1
100,Semidang Gumay / Gumai,38967,13,-,17.04.08,Kab.,Kaur,Bengkulu,1
101,Semidang Lagan,38382 - 38388,11,-,17.09.11,Kab.,Bengkulu Tengah,Bengkulu,1
102,Sindang Beliti Ilir,39184,10,-,17.02.23,Kab.,Rejang Lebong,Bengkulu,1
103,Sindang Beliti Ulu,39181,9,-,17.02.21,Kab.,Rejang Lebong,Bengkulu,1
104,Sindang Dataran (Sindang Daratan),39154,6,-,17.02.22,Kab.,Rejang Lebong,Bengkulu,1
105,Sindang Kelingi,39155,10,-,17.02.08,Kab.,Rejang Lebong,Bengkulu,1
106,Singaran Pati,38221 - 38229,6,-,17.71.09,Kota,Bengkulu,Bengkulu,1
107,Sukaraja,38877,21,-,17.05.01,Kab.,Seluma,Bengkulu,1
108,Sungai Rumbai,38761,9,-,17.06.15,Kab.,Muko Muko,Bengkulu,1
109,Sungai Serut,38119,7,-,17.71.08,Kota,Bengkulu,Bengkulu,1
110,Taba Penanjung,38388,13,-,17.09.06,Kab.,Bengkulu Tengah,Bengkulu,1
111,Talang Empat,38385,10,-,17.09.02,Kab.,Bengkulu Tengah,Bengkulu,1
112,Talo,38874,16,-,17.05.03,Kab.,Seluma,Bengkulu,1
113,Talo Kecil,38888,11,-,17.05.12,Kab.,Seluma,Bengkulu,1
114,Tanjung Agung Palik,38576,10,-,17.03.22,Kab.,Bengkulu Utara,Bengkulu,1
115,Tanjung Kemuning,38955,20,-,17.04.02,Kab.,Kaur,Bengkulu,1
116,Tebat Karai,39373,14,-,17.08.03,Kab.,Kepahiang,Bengkulu,1
117,Teluk Segara,38113 - 38119,13,1,17.71.03,Kota,Bengkulu,Bengkulu,1
118,Teramang Jaya,38760,13,-,17.06.08,Kab.,Muko Muko,Bengkulu,1
119,Teras Terunjam,38758,8,-,17.06.03,Kab.,Muko Muko,Bengkulu,1
120,Tetap (Muara Tetap),38968,12,-,17.04.12,Kab.,Kaur,Bengkulu,1
121,Topos,39260,8,-,17.07.06,Kab.,Lebong,Bengkulu,1
122,Tubei (Pelabai),39266,8,-,17.07.09,Kab.,Lebong,Bengkulu,1
123,Ujan Mas,39370,17,-,17.08.02,Kab.,Kepahiang,Bengkulu,1
124,Ulok Kupai,38364,10,-,17.03.23,Kab.,Bengkulu Utara,Bengkulu,1
125,Ulu Manna,38573,10,-,17.01.09,Kab.,Bengkulu Selatan,Bengkulu,1
126,Ulu Talo,38886,13,-,17.05.13,Kab.,Seluma,Bengkulu,1
127,Uram Jaya,39268,7,-,17.07.11,Kab.,Lebong,Bengkulu,1
128,V Koto,38757,10,-,17.06.12,Kab.,Muko Muko,Bengkulu,1
129,XIV Koto,38755,8,-,17.06.11,Kab.,Muko Muko,Bengkulu,1
1,Abang,80852,14,-,51.07.05,Kab.,Karangasem,Bali,1
2,Abiansemal,80352,18,-,51.03.03,Kab.,Badung,Bali,1
3,Bangli,80611 - 80614,9,-,51.06.02,Kab.,Bangli,Bali,1
4,Banjar,81152,17,-,51.08.04,Kab.,Buleleng,Bali,1
5,Banjarangkan,80752,13,-,51.05.02,Kab.,Klungkung,Bali,1
6,Baturiti,82191,12,-,51.02.09,Kab.,Tabanan,Bali,1
7,Bebandem,80861,8,-,51.07.06,Kab.,Karangasem,Bali,1
8,Blahbatuh (Belah Batuh),80581,9,-,51.04.02,Kab.,Gianyar,Bali,1
9,Buleleng,81111 - 81119,29,-,51.08.06,Kab.,Buleleng,Bali,1
10,Busungbiu (Busung biu),81154,15,-,51.08.03,Kab.,Buleleng,Bali,1
11,Dawan,80761,12,-,51.05.04,Kab.,Klungkung,Bali,1
12,Denpasar Barat,80112 - 80119,11,-,51.71.03,Kota,Denpasar,Bali,1
13,Denpasar Selatan,80221 - 80229,10,-,51.71.01,Kota,Denpasar,Bali,1
14,Denpasar Timur,80232 - 80239,11,-,51.71.02,Kota,Denpasar,Bali,1
15,Denpasar Utara,80111 - 80239,11,-,51.71.04,Kota,Denpasar,Bali,1
16,Gerokgak,81155,14,-,51.08.01,Kab.,Buleleng,Bali,1
17,Gianyar,80511 - 80515,17,-,51.04.03,Kab.,Gianyar,Bali,1
18,Jembrana,82211 - 82218,10,-,51.01.05,Kab.,Jembrana,Bali,1
19,Karangasem (Karang Asem),80811 - 80813,11,5,51.07.04,Kab.,Karangasem,Bali,1
20,Kediri,82121 - 82123,15,-,51.02.06,Kab.,Tabanan,Bali,1
21,Kerambitan,82161,15,-,51.02.04,Kab.,Tabanan,Bali,1
22,Kintamani,80652,48,-,51.06.04,Kab.,Bangli,Bali,1
23,Klungkung,80711 - 80716,18,-,51.05.03,Kab.,Klungkung,Bali,1
24,Kubu,80853,9,-,51.07.08,Kab.,Karangasem,Bali,1
25,Kubutambahan,81172,13,-,51.08.08,Kab.,Buleleng,Bali,1
26,Kuta,80361,5,-,51.03.01,Kab.,Badung,Bali,1
27,Kuta Selatan,80362,6,-,51.03.05,Kab.,Badung,Bali,1
28,Kuta Utara,80363,6,-,51.03.06,Kab.,Badung,Bali,1
29,Manggis,80871,12,-,51.07.03,Kab.,Karangasem,Bali,1
30,Marga,82181,16,-,51.02.07,Kab.,Tabanan,Bali,1
31,Melaya,82252,10,2,51.01.04,Kab.,Jembrana,Bali,1
32,Mendoyo,82261,11,-,51.01.02,Kab.,Jembrana,Bali,1
33,Mengwi,80351,20,-,51.03.02,Kab.,Badung,Bali,1
34,Negara,82212 - 82218,12,-,51.01.01,Kab.,Jembrana,Bali,1
35,Nusa Penida (Nusapenida),80771,16,10,51.05.01,Kab.,Klungkung,Bali,1
36,Payangan,80572,9,-,51.04.07,Kab.,Gianyar,Bali,1
37,Pekutatan,82262,8,-,51.01.03,Kab.,Jembrana,Bali,1
38,Penebel,82152,18,-,51.02.08,Kab.,Tabanan,Bali,1
39,Petang,80353,7,-,51.03.04,Kab.,Badung,Bali,1
40,Pupuan,82163,14,-,51.02.10,Kab.,Tabanan,Bali,1
41,Rendang,80863,6,-,51.07.01,Kab.,Karangasem,Bali,1
42,Sawan,81171,14,-,51.08.07,Kab.,Buleleng,Bali,1
43,Selat,80862,8,-,51.07.07,Kab.,Karangasem,Bali,1
44,Selemadeg,82164,10,-,51.02.01,Kab.,Tabanan,Bali,1
45,Selemadeg Barat (Salemadeg Barat),82162,11,-,51.02.03,Kab.,Tabanan,Bali,1
46,"Selemadeg Timur (Salamadeg Timur, Salemadeg Timur)",82160,10,-,51.02.02,Kab.,Tabanan,Bali,1
47,Seririt,81153,21,-,51.08.02,Kab.,Buleleng,Bali,1
48,Sidemen,80864,10,-,51.07.02,Kab.,Karangasem,Bali,1
49,Sukasada,81161,15,-,51.08.05,Kab.,Buleleng,Bali,1
50,Sukawati,80582,12,-,51.04.01,Kab.,Gianyar,Bali,1
51,Susut,80661,9,-,51.06.01,Kab.,Bangli,Bali,1
52,Tabanan,82111 - 82115,12,-,51.02.05,Kab.,Tabanan,Bali,1
53,Tampaksiring (Tampak Siring),80552,8,-,51.04.04,Kab.,Gianyar,Bali,1
54,Tegallalang,80561,7,-,51.04.06,Kab.,Gianyar,Bali,1
55,Tejakula,81173,10,-,51.08.09,Kab.,Buleleng,Bali,1
56,Tembuku,80671,6,-,51.06.03,Kab.,Bangli,Bali,1
57,Ubud,80571,8,-,51.04.05,Kab.,Gianyar,Bali,1
1,Cakung,13910 - 13960,7,-,31.75.06,Kota,Jakarta Timur,DKI Jakarta,1
2,Cempaka Putih,10510 - 10570,3,-,31.71.05,Kota,Jakarta Pusat,DKI Jakarta,1
3,Cengkareng,11710 - 11750,6,-,31.73.01,Kota,Jakarta Barat,DKI Jakarta,1
4,Cilandak,12410 - 12450,5,-,31.74.06,Kota,Jakarta Selatan,DKI Jakarta,1
5,Cilincing,14110 - 14150,7,-,31.72.04,Kota,Jakarta Utara,DKI Jakarta,1
6,Cipayung,13840 - 13890,8,-,31.75.10,Kota,Jakarta Timur,DKI Jakarta,1
7,Ciracas,13720 - 13830,5,-,31.75.09,Kota,Jakarta Timur,DKI Jakarta,1
8,Duren Sawit,13430 - 13470,7,-,31.75.07,Kota,Jakarta Timur,DKI Jakarta,1
9,Gambir,10110 - 10160,6,-,31.71.01,Kota,Jakarta Pusat,DKI Jakarta,1
10,Grogol Petamburan,11440 - 11470,7,-,31.73.02,Kota,Jakarta Barat,DKI Jakarta,1
11,Jagakarsa,12530 - 12640,6,-,31.74.09,Kota,Jakarta Selatan,DKI Jakarta,1
12,Jatinegara,13310 - 13420,8,-,31.75.03,Kota,Jakarta Timur,DKI Jakarta,1
13,Johar Baru,10530 - 10560,4,-,31.71.08,Kota,Jakarta Pusat,DKI Jakarta,1
14,Kalideres,11810 - 11850,5,-,31.73.06,Kota,Jakarta Barat,DKI Jakarta,1
15,Kebayoran Baru,12110 - 12190,10,-,31.74.07,Kota,Jakarta Selatan,DKI Jakarta,1
16,Kebayoran Lama,12210 - 12310,6,-,31.74.05,Kota,Jakarta Selatan,DKI Jakarta,1
17,Kebon Jeruk,11510 - 11560,7,-,31.73.05,Kota,Jakarta Barat,DKI Jakarta,1
18,Kelapa Gading,14240 - 14250,3,-,31.72.06,Kota,Jakarta Utara,DKI Jakarta,1
19,Kemayoran,10610 - 10650,8,-,31.71.03,Kota,Jakarta Pusat,DKI Jakarta,1
20,Kembangan,11610 - 11650,6,-,31.73.08,Kota,Jakarta Barat,DKI Jakarta,1
21,Kepulauan Seribu Selatan,14510 - 14520,3,27,31.01.02,Kab.,Kepulauan Seribu,DKI Jakarta,1
22,Kepulauan Seribu Utara,14530 - 14540,3,58,31.01.01,Kab.,Kepulauan Seribu,DKI Jakarta,1
23,Koja,14210 - 14270,6,-,31.72.03,Kota,Jakarta Utara,DKI Jakarta,1
24,Kramatjati (Kramat Jati),13510 - 13640,7,-,31.75.04,Kota,Jakarta Timur,DKI Jakarta,1
25,Makasar,13560 - 13650,5,-,31.75.08,Kota,Jakarta Timur,DKI Jakarta,1
26,Mampang Prapatan,12710 - 12790,5,-,31.74.03,Kota,Jakarta Selatan,DKI Jakarta,1
27,Matraman,13110 - 13150,6,-,31.75.01,Kota,Jakarta Timur,DKI Jakarta,1
28,Menteng,10310 - 10350,5,-,31.71.06,Kota,Jakarta Pusat,DKI Jakarta,1
29,Pademangan,14410 - 14430,3,-,31.72.05,Kota,Jakarta Utara,DKI Jakarta,1
30,Pal Merah (Palmerah),11410 - 11480,6,-,31.73.07,Kota,Jakarta Barat,DKI Jakarta,1
31,Pancoran,12740 - 12780,6,-,31.74.08,Kota,Jakarta Selatan,DKI Jakarta,1
32,Pasar Minggu,12510 - 12560,7,-,31.74.04,Kota,Jakarta Selatan,DKI Jakarta,1
33,Pasar Rebo,13710 - 13790,5,-,31.75.05,Kota,Jakarta Timur,DKI Jakarta,1
34,Penjaringan,14440 - 14470,5,-,31.72.01,Kota,Jakarta Utara,DKI Jakarta,1
35,Pesanggrahan,12250 - 12330,5,-,31.74.10,Kota,Jakarta Selatan,DKI Jakarta,1
36,Pulogadung (Pulo Gadung),13210 - 13260,7,-,31.75.02,Kota,Jakarta Timur,DKI Jakarta,1
37,Sawah Besar,10710 - 10750,5,-,31.71.02,Kota,Jakarta Pusat,DKI Jakarta,1
38,Senen,10410 - 10460,6,-,31.71.04,Kota,Jakarta Pusat,DKI Jakarta,1
39,Setiabudi (Setia Budi),12910 - 12980,8,-,31.74.02,Kota,Jakarta Selatan,DKI Jakarta,1
40,Taman Sari,11110 - 11180,8,-,31.73.03,Kota,Jakarta Barat,DKI Jakarta,1
41,Tambora,11210 - 11330,11,-,31.73.04,Kota,Jakarta Barat,DKI Jakarta,1
42,Tanah Abang,10210 - 10270,7,-,31.71.07,Kota,Jakarta Pusat,DKI Jakarta,1
43,Tanjung Priok,14360 - 14370,7,-,31.72.02,Kota,Jakarta Utara,DKI Jakarta,1
44,Tebet,12810 - 12870,7,-,31.74.01,Kota,Jakarta Selatan,DKI Jakarta,1
1,Bambanglipuro (Bambang Lipuro),55764,3,-,34.02.05,Kab.,Bantul,DI Yogyakarta,1
2,Banguntapan,55191 - 55198,8,-,34.02.12,Kab.,Bantul,DI Yogyakarta,1
3,Bantul,55711 - 55715,5,-,34.02.08,Kab.,Bantul,DI Yogyakarta,1
4,Berbah,55573,4,-,34.04.08,Kab.,Sleman,DI Yogyakarta,1
5,Cangkringan,55583,5,-,34.04.17,Kab.,Sleman,DI Yogyakarta,1
6,Danurejan,55211 - 55213,3,-,34.71.04,Kota,Yogyakarta,DI Yogyakarta,1
7,Depok,55281 - 55283,3,-,34.04.07,Kab.,Sleman,DI Yogyakarta,1
8,Dlingo,55783,6,-,34.02.11,Kab.,Bantul,DI Yogyakarta,1
9,Galur,55661,7,-,34.01.04,Kab.,Kulon Progo,DI Yogyakarta,1
10,Gamping,55291 - 55592,5,-,34.04.01,Kab.,Sleman,DI Yogyakarta,1
11,Gedangsari (Gedang Sari),55863,7,-,34.03.14,Kab.,Gunungkidul,DI Yogyakarta,1
12,Gedongtengen (Gedong Tengen),55271 - 55272,2,-,34.71.05,Kota,Yogyakarta,DI Yogyakarta,1
13,Girimulyo,55674,4,-,34.01.09,Kab.,Kulon Progo,DI Yogyakarta,1
14,Girisubo,55883,8,11,34.03.16,Kab.,Gunungkidul,DI Yogyakarta,1
15,Godean,55264,7,-,34.04.02,Kab.,Sleman,DI Yogyakarta,1
16,Gondokusuman,55221 - 55225,5,-,34.71.03,Kota,Yogyakarta,DI Yogyakarta,1
17,Gondomanan,55121 - 55122,2,-,34.71.10,Kota,Yogyakarta,DI Yogyakarta,1
18,Imogiri,55782,8,-,34.02.10,Kab.,Bantul,DI Yogyakarta,1
19,Jetis,55231 - 55233,3,-,34.71.02,Kota,Yogyakarta,DI Yogyakarta,1
20,Jetis,55781,4,-,34.02.09,Kab.,Bantul,DI Yogyakarta,1
21,Kalasan,55571,4,-,34.04.10,Kab.,Sleman,DI Yogyakarta,1
22,Kalibawang,55672,4,-,34.01.12,Kab.,Kulon Progo,DI Yogyakarta,1
23,Karangmojo,55891,9,-,34.03.09,Kab.,Gunungkidul,DI Yogyakarta,1
24,Kasihan,55181 - 55184,4,-,34.02.16,Kab.,Bantul,DI Yogyakarta,1
25,Kokap,55653,5,-,34.01.08,Kab.,Kulon Progo,DI Yogyakarta,1
26,Kotagede,55171 - 55173,3,-,34.71.14,Kota,Yogyakarta,DI Yogyakarta,1
27,Kraton,55131 - 55133,3,-,34.71.09,Kota,Yogyakarta,DI Yogyakarta,1
28,Kretek,55772,5,-,34.02.03,Kab.,Bantul,DI Yogyakarta,1
29,Lendah,55663,6,-,34.01.05,Kab.,Kulon Progo,DI Yogyakarta,1
30,Mantrijeron,55141 - 55143,3,-,34.71.08,Kota,Yogyakarta,DI Yogyakarta,1
31,Mergangsan,55151 - 55153,3,-,34.71.12,Kota,Yogyakarta,DI Yogyakarta,1
32,Minggir,55562,5,-,34.04.04,Kab.,Sleman,DI Yogyakarta,1
33,Mlati,55284 - 55288,5,-,34.04.06,Kab.,Sleman,DI Yogyakarta,1
34,Moyudan,55563,4,-,34.04.03,Kab.,Sleman,DI Yogyakarta,1
35,Nanggulan,55671,6,-,34.01.10,Kab.,Kulon Progo,DI Yogyakarta,1
36,Ngaglik,55581,6,-,34.04.12,Kab.,Sleman,DI Yogyakarta,1
37,Ngampilan,55261 - 55262,2,-,34.71.06,Kota,Yogyakarta,DI Yogyakarta,1
38,Ngawen,55853,6,-,34.03.13,Kab.,Gunungkidul,DI Yogyakarta,1
39,Ngemplak,55584,5,-,34.04.11,Kab.,Sleman,DI Yogyakarta,1
40,Nglipar,55852,7,-,34.03.02,Kab.,Gunungkidul,DI Yogyakarta,1
41,Pajangan,55751,3,-,34.02.07,Kab.,Bantul,DI Yogyakarta,1
42,Pakem,55582,5,-,34.04.16,Kab.,Sleman,DI Yogyakarta,1
43,Pakualaman,55111 - 55112,2,-,34.71.11,Kota,Yogyakarta,DI Yogyakarta,1
44,Paliyan,55871,7,-,34.03.05,Kab.,Gunungkidul,DI Yogyakarta,1
45,Pandak,55761,4,-,34.02.06,Kab.,Bantul,DI Yogyakarta,1
46,Panggang,55872,6,1,34.03.06,Kab.,Gunungkidul,DI Yogyakarta,1
47,Panjatan,55655,11,-,34.01.03,Kab.,Kulon Progo,DI Yogyakarta,1
48,Patuk,55862,11,-,34.03.04,Kab.,Gunungkidul,DI Yogyakarta,1
49,Pengasih,55652,7,-,34.01.07,Kab.,Kulon Progo,DI Yogyakarta,1
50,Piyungan,55792,3,-,34.02.14,Kab.,Bantul,DI Yogyakarta,1
51,Playen,55861,13,-,34.03.03,Kab.,Gunungkidul,DI Yogyakarta,1
52,Pleret,55791,5,-,34.02.13,Kab.,Bantul,DI Yogyakarta,1
53,Ponjong,55892,11,-,34.03.10,Kab.,Gunungkidul,DI Yogyakarta,1
54,Prambanan,55572,6,-,34.04.09,Kab.,Sleman,DI Yogyakarta,1
55,Pundong,55771,3,-,34.02.04,Kab.,Bantul,DI Yogyakarta,1
56,Purwosari,55873,5,1,34.03.18,Kab.,Gunungkidul,DI Yogyakarta,1
57,Rongkop,55884,8,-,34.03.11,Kab.,Gunungkidul,DI Yogyakarta,1
58,Samigaluh,55673,7,-,34.01.11,Kab.,Kulon Progo,DI Yogyakarta,1
59,Sanden,55763,4,-,34.02.02,Kab.,Bantul,DI Yogyakarta,1
60,Saptosari (Sapto Sari),55870,7,-,34.03.15,Kab.,Gunungkidul,DI Yogyakarta,1
61,Sedayu,55752,4,-,34.02.17,Kab.,Bantul,DI Yogyakarta,1
62,Semanu,55893,5,-,34.03.08,Kab.,Gunungkidul,DI Yogyakarta,1
63,Semin,55854,10,-,34.03.12,Kab.,Gunungkidul,DI Yogyakarta,1
64,Sentolo,55664,8,-,34.01.06,Kab.,Kulon Progo,DI Yogyakarta,1
65,Sewon,55185 - 55188,4,-,34.02.15,Kab.,Bantul,DI Yogyakarta,1
66,Seyegan,55561,5,-,34.04.05,Kab.,Sleman,DI Yogyakarta,1
67,Sleman,55511 - 55515,5,-,34.04.13,Kab.,Sleman,DI Yogyakarta,1
68,Srandakan,55762,2,-,34.02.01,Kab.,Bantul,DI Yogyakarta,1
69,Tanjungsari,55881,5,5,34.03.17,Kab.,Gunungkidul,DI Yogyakarta,1
70,Tegalrejo,55241 - 55244,4,-,34.71.01,Kota,Yogyakarta,DI Yogyakarta,1
71,Temon,55654,15,-,34.01.01,Kab.,Kulon Progo,DI Yogyakarta,1
72,Tempel,55552,8,-,34.04.14,Kab.,Sleman,DI Yogyakarta,1
73,Tepus,55882,5,9,34.03.07,Kab.,Gunungkidul,DI Yogyakarta,1
74,Turi,55551,4,-,34.04.15,Kab.,Sleman,DI Yogyakarta,1
75,Umbulharjo,55161 - 55167,7,-,34.71.13,Kota,Yogyakarta,DI Yogyakarta,1
76,Wates,55651,8,-,34.01.02,Kab.,Kulon Progo,DI Yogyakarta,1
77,Wirobrajan,55251 - 55253,3,-,34.71.07,Kota,Yogyakarta,DI Yogyakarta,1
78,Wonosari,55811 - 55851,14,-,34.03.01,Kab.,Gunungkidul,DI Yogyakarta,1
1,Anggrek,96525,15,16,75.05.03,Kab.,Gorontalo Utara,Gorontalo,1
2,Asparaga,96221,10,-,75.01.21,Kab.,Gorontalo,Gorontalo,1
3,Atinggola,96516,14,2,75.05.01,Kab.,Gorontalo Utara,Gorontalo,1
4,Batudaa,96243,8,-,75.01.03,Kab.,Gorontalo,Gorontalo,1
5,Batudaa Pantai,96244,9,-,75.01.05,Kab.,Gorontalo,Gorontalo,1
6,Biau,96523,10,-,75.05.10,Kab.,Gorontalo Utara,Gorontalo,1
7,Bilato,96234,10,-,75.01.23,Kab.,Gorontalo,Gorontalo,1
8,Biluhu,96245,8,-,75.01.20,Kab.,Gorontalo,Gorontalo,1
9,Boliyohuto (Boliohuto),96235,13,-,75.01.09,Kab.,Gorontalo,Gorontalo,1
10,Bone,96571,14,-,75.03.09,Kab.,Bone Bolango,Gorontalo,1
11,Bone Raya,96572,10,-,75.03.10,Kab.,Bone Bolango,Gorontalo,1
12,Bonepantai,96573,13,-,75.03.04,Kab.,Bone Bolango,Gorontalo,1
13,Bongomeme,96246,15,-,75.01.11,Kab.,Gorontalo,Gorontalo,1
14,Botumoito (Botumoita),96264,9,2,75.02.06,Kab.,Boalemo,Gorontalo,1
15,Botupingge (Botu Pingge),96551,9,-,75.03.07,Kab.,Bone Bolango,Gorontalo,1
16,Bulango Selatan,96541,10,-,75.03.15,Kab.,Bone Bolango,Gorontalo,1
17,Bulango Timur,96542,5,-,75.03.16,Kab.,Bone Bolango,Gorontalo,1
18,Bulango Ulu,96543,6,-,75.03.14,Kab.,Bone Bolango,Gorontalo,1
19,Bulango Utara,96544,9,-,75.03.05,Kab.,Bone Bolango,Gorontalo,1
20,Bulawa,96574,9,-,75.03.17,Kab.,Bone Bolango,Gorontalo,1
21,Buntulia,96363,7,-,75.04.09,Kab.,Pahuwato,Gorontalo,1
22,Dengilo,96361,5,-,75.04.08,Kab.,Pahuwato,Gorontalo,1
23,Duhiadaa,96364,8,-,75.04.10,Kab.,Pahuwato,Gorontalo,1
24,Dulupi,96267,8,1,75.02.03,Kab.,Boalemo,Gorontalo,1
25,Dumbo Raya,96112 - 96119,5,-,75.71.08,Kota,Gorontalo,Gorontalo,1
26,Dungaliyo,96241,10,-,75.01.24,Kab.,Gorontalo,Gorontalo,1
27,Dungingi,96135 - 96139,5,-,75.71.04,Kota,Gorontalo,Gorontalo,1
28,Gentuma Raya,96513,11,-,75.05.06,Kab.,Gorontalo Utara,Gorontalo,1
29,Hulonthalangi,96111 - 96117,5,-,75.71.09,Kota,Gorontalo,Gorontalo,1
30,Kabila,96552,12,-,75.03.02,Kab.,Bone Bolango,Gorontalo,1
31,Kabila Bone,96553,9,-,75.03.08,Kab.,Bone Bolango,Gorontalo,1
32,Kota Barat,96131 - 96136,7,-,75.71.01,Kota,Gorontalo,Gorontalo,1
33,Kota Selatan,96111 - 96115,5,-,75.71.02,Kota,Gorontalo,Gorontalo,1
34,Kota Tengah,96127 - 96129,6,-,75.71.06,Kota,Gorontalo,Gorontalo,1
35,Kota Timur,96112 - 96119,6,-,75.71.05,Kota,Gorontalo,Gorontalo,1
36,Kota Utara,96121 - 96123,6,-,75.71.03,Kota,Gorontalo,Gorontalo,1
37,Kwandang,96518,18,19,75.05.02,Kab.,Gorontalo Utara,Gorontalo,1
38,Lemito,96468,8,20,75.04.02,Kab.,Pahuwato,Gorontalo,1
39,Limboto,96211 - 96219,14,-,75.01.01,Kab.,Gorontalo,Gorontalo,1
40,Limboto Barat,96215 - 96217,10,-,75.01.17,Kab.,Gorontalo,Gorontalo,1
41,Mananggu,96265,9,5,75.02.05,Kab.,Boalemo,Gorontalo,1
42,Marisa,96365,8,2,75.04.04,Kab.,Pahuwato,Gorontalo,1
43,Monano,96526,10,-,75.05.09,Kab.,Gorontalo Utara,Gorontalo,1
44,Mootilango,96150 - 96159,10,-,75.01.14,Kab.,Gorontalo,Gorontalo,1
45,Paguat,96362,11,2,75.04.05,Kab.,Pahuwato,Gorontalo,1
46,Paguyaman,96260,22,-,75.02.01,Kab.,Boalemo,Gorontalo,1
47,Paguyaman Pantai,96261,8,1,75.02.07,Kab.,Boalemo,Gorontalo,1
48,Patilanggio,96366,6,-,75.04.06,Kab.,Pahuwato,Gorontalo,1
49,Pinogu,96561,5,-,75.03.18,Kab.,Bone Bolango,Gorontalo,1
50,Ponelo Kepulauan,96517,4,-,75.05.08,Kab.,Gorontalo Utara,Gorontalo,1
51,Popayato,96466,10,15,75.04.01,Kab.,Pahuwato,Gorontalo,1
52,Popayato Barat,96467,7,-,75.04.13,Kab.,Pahuwato,Gorontalo,1
53,Popayato Timur,96367,7,-,75.04.12,Kab.,Pahuwato,Gorontalo,1
54,Pulubala,96161 - 96172,11,-,75.01.16,Kab.,Gorontalo,Gorontalo,1
55,Randangan,96469,13,-,75.04.03,Kab.,Pahuwato,Gorontalo,1
56,Sipatana,96121 - 96126,5,-,75.71.07,Kota,Gorontalo,Gorontalo,1
57,Sumalata,96514,11,8,75.05.04,Kab.,Gorontalo Utara,Gorontalo,1
58,Sumalata Timur,96515,10,-,75.05.11,Kab.,Gorontalo Utara,Gorontalo,1
59,Suwawa,96562,10,-,75.03.03,Kab.,Bone Bolango,Gorontalo,1
60,Suwawa Selatan,96563,8,-,75.03.12,Kab.,Bone Bolango,Gorontalo,1
61,Suwawa Tengah,96564,6,-,75.03.13,Kab.,Bone Bolango,Gorontalo,1
62,Suwawa Timur,96565,9,-,75.03.11,Kab.,Bone Bolango,Gorontalo,1
63,Tabongo,96242,9,-,75.01.19,Kab.,Gorontalo,Gorontalo,1
64,Talaga Jaya (Telaga Jaya),96184,5,-,75.01.22,Kab.,Gorontalo,Gorontalo,1
65,Taluditi (Taluduti),96464,7,-,75.04.07,Kab.,Pahuwato,Gorontalo,1
66,Tapa,96545,7,-,75.03.01,Kab.,Bone Bolango,Gorontalo,1
67,Telaga,96181,9,-,75.01.02,Kab.,Gorontalo,Gorontalo,1
68,Telaga Biru,96183,15,-,75.01.10,Kab.,Gorontalo,Gorontalo,1
69,Tibawa,96231,16,-,75.01.04,Kab.,Gorontalo,Gorontalo,1
70,Tilamuta,96263,12,8,75.02.04,Kab.,Boalemo,Gorontalo,1
71,Tilango,96182,8,-,75.01.18,Kab.,Gorontalo,Gorontalo,1
72,Tilongkabila,96554,14,-,75.03.06,Kab.,Bone Bolango,Gorontalo,1
73,Tolangohula,96222,15,-,75.01.13,Kab.,Gorontalo,Gorontalo,1
74,Tolinggula,96524,10,1,75.05.05,Kab.,Gorontalo Utara,Gorontalo,1
75,Tomilito (Tomolito),96512,10,-,75.05.07,Kab.,Gorontalo Utara,Gorontalo,1
76,Wanggarasi,96465 - 96469,7,-,75.04.11,Kab.,Pahuwato,Gorontalo,1
77,Wonosari,96262,14,-,75.02.02,Kab.,Boalemo,Gorontalo,1
1,Air Hangat,37168,16,-,15.01.05,Kab.,Kerinci,Jambi,1
2,Air Hangat Barat,37166,12,-,15.01.21,Kab.,Kerinci,Jambi,1
3,Air Hangat Timur,37167,25,-,15.01.11,Kab.,Kerinci,Jambi,1
4,Air Hitam,37490,9,-,15.03.07,Kab.,Sarolangun,Jambi,1
5,Alam Barajo,36125 - 36129,7,-,15.71.09,Kota,Jambi,Jambi,1
6,Bahar Selatan,36366,10,-,15.05.10,Kab.,Muaro Jambi,Jambi,1
7,Bahar Utara,36367,11,-,15.05.09,Kab.,Muaro Jambi,Jambi,1
8,Bajubang,36615,10,-,15.04.07,Kab.,Batanghari,Jambi,1
9,Bangko,37311 - 37314,8,-,15.02.02,Kab.,Merangin,Jambi,1
10,Bangko Barat,37315,6,-,15.02.10,Kab.,Merangin,Jambi,1
11,Batang Asai,37485,23,-,15.03.01,Kab.,Sarolangun,Jambi,1
12,Batang Asam,36550,11,-,15.06.07,Kab.,Tanjung Jabung Barat,Jambi,1
13,Batang Masumai,37316,10,-,15.02.12,Kab.,Merangin,Jambi,1
14,Batang Merangin,37175,9,-,15.01.07,Kab.,Kerinci,Jambi,1
15,Bathin II Pelayang,37254,5,-,15.08.15,Kab.,Bungo,Jambi,1
16,Bathin III,37211,8,-,15.08.11,Kab.,Bungo,Jambi,1
17,Bathin III Ulu,37260,9,-,15.08.14,Kab.,Bungo,Jambi,1
18,Bathin VIII (Batin VIII),37480,15,-,15.03.08,Kab.,Sarolangun,Jambi,1
19,Batin II Babeko (Bathin),37210,6,-,15.08.10,Kab.,Bungo,Jambi,1
20,Batin XXIV,36656,17,-,15.04.04,Kab.,Batanghari,Jambi,1
21,Berbak,36751,6,-,15.07.11,Kab.,Tanjung Jabung Timur,Jambi,1
22,Betara,36555,12,-,15.06.04,Kab.,Tanjung Jabung Barat,Jambi,1
23,Bram Itam,36514,10,-,15.06.11,Kab.,Tanjung Jabung Barat,Jambi,1
24,Bukitkerman,37176,15,-,15.01.20,Kab.,Kerinci,Jambi,1
25,Bungo Dani,37212,5,-,15.08.12,Kab.,Bungo,Jambi,1
26,Cermin Nan Gedang / Gadang,37381,10,-,15.03.10,Kab.,Sarolangun,Jambi,1
27,Danau Kerinci,37172,13,-,15.01.02,Kab.,Kerinci,Jambi,1
28,Danau Kerinci Barat,37173,14,-,15.01.23,Kab.,Kerinci,Jambi,1
29,Danau Sipin,36121 - 36129,5,-,15.71.10,Kota,Jambi,Jambi,1
30,Danau Teluk,36261 - 36265,5,-,15.71.06,Kota,Jambi,Jambi,1
31,Dendang,36763,7,-,15.07.06,Kab.,Tanjung Jabung Timur,Jambi,1
32,Depati Tujuh,37161,20,-,15.01.17,Kab.,Kerinci,Jambi,1
33,Geragai,36764,9,-,15.07.10,Kab.,Tanjung Jabung Timur,Jambi,1
34,Gunung Kerinci,37162,16,-,15.01.06,Kab.,Kerinci,Jambi,1
35,Gunung Raya,37174,12,-,15.01.01,Kab.,Kerinci,Jambi,1
36,Gunung Tujuh,37163,13,-,15.01.15,Kab.,Kerinci,Jambi,1
37,Hamparan Rawang,37151,13,-,15.72.03,Kota,Sungai Penuh,Jambi,1
38,Jambi Luar Kota,36361 - 36382,20,-,15.05.01,Kab.,Muaro Jambi,Jambi,1
39,Jambi Selatan,36131 - 36139,5,-,15.71.02,Kota,Jambi,Jambi,1
40,Jambi Timur,36141 - 36149,9,-,15.71.03,Kota,Jambi,Jambi,1
41,Jangkat,37372,11,-,15.02.01,Kab.,Merangin,Jambi,1
42,Jangkat Timur (Sungai Tenang),37374,14,-,15.02.18,Kab.,Merangin,Jambi,1
43,Jelutung,36133 - 36137,7,-,15.71.08,Kota,Jambi,Jambi,1
44,Jujuhan,37256,10,-,15.08.04,Kab.,Bungo,Jambi,1
45,Jujuhan Ilir,37257,7,-,15.08.16,Kab.,Bungo,Jambi,1
46,Kayu Aro,37164,21,-,15.01.09,Kab.,Kerinci,Jambi,1
47,Kayu Aro Barat,37165,17,-,15.01.19,Kab.,Kerinci,Jambi,1
48,Keliling Danau,37173,18,-,15.01.08,Kab.,Kerinci,Jambi,1
49,Kota Baru,36126 - 36128,7,-,15.71.07,Kota,Jambi,Jambi,1
50,Koto Baru,37152,6,-,15.72.07,Kota,Sungai Penuh,Jambi,1
51,Kuala Betara,36556,10,-,15.06.12,Kab.,Tanjung Jabung Barat,Jambi,1
52,Kuala Jambi,36760,6,-,15.07.08,Kab.,Tanjung Jabung Timur,Jambi,1
53,Kumpeh,36371,17,-,15.05.03,Kab.,Muaro Jambi,Jambi,1
54,Kumpeh Ulu,36373,18,-,15.05.06,Kab.,Muaro Jambi,Jambi,1
55,Kumun Debai,37111,9,-,15.72.05,Kota,Sungai Penuh,Jambi,1
56,Lembah Masurai,37373,15,-,15.02.09,Kab.,Merangin,Jambi,1
57,Limbur Lubuk Mengkuang,37213,14,-,15.08.07,Kab.,Bungo,Jambi,1
58,Limun,37382,16,-,15.03.02,Kab.,Sarolangun,Jambi,1
59,Mandiangin,37492,18,-,15.03.06,Kab.,Sarolangun,Jambi,1
60,Mandiangin Timur,37492,10,-,15.03.11,Kab.,Sarolangun,Jambi,1
61,Margo Tabir,37359,6,-,15.02.21,Kab.,Merangin,Jambi,1
62,Maro Sebo,36382,12,-,15.05.04,Kab.,Muaro Jambi,Jambi,1
63,Maro Sebo Ilir,36655,8,-,15.04.08,Kab.,Batanghari,Jambi,1
64,Maro Sebo Ulu,36652,17,-,15.04.06,Kab.,Batanghari,Jambi,1
65,Mendahara,36765,9,-,15.07.03,Kab.,Tanjung Jabung Timur,Jambi,1
66,Mendahara Ulu,36766,7,-,15.07.09,Kab.,Tanjung Jabung Timur,Jambi,1
67,Merlung,36554,10,-,15.06.05,Kab.,Tanjung Jabung Barat,Jambi,1
68,Mersam,36654,18,-,15.04.01,Kab.,Batanghari,Jambi,1
69,Mestong,36364,15,-,15.05.05,Kab.,Muaro Jambi,Jambi,1
70,Muara Bulian,36611 - 36614,21,-,15.04.03,Kab.,Batanghari,Jambi,1
71,Muara Papalik,36558,10,-,15.06.09,Kab.,Tanjung Jabung Barat,Jambi,1
72,Muara Sabak Barat,36761,7,-,15.07.07,Kab.,Tanjung Jabung Timur,Jambi,1
73,Muara Sabak Timur,36762,12,-,15.07.01,Kab.,Tanjung Jabung Timur,Jambi,1
74,Muara Siau,37370,17,-,15.02.03,Kab.,Merangin,Jambi,1
75,Muara Tabir,37570,8,-,15.09.12,Kab.,Tebo,Jambi,1
76,Muara Tembesi,36653,14,-,15.04.02,Kab.,Batanghari,Jambi,1
77,Muko-muko Bathin VII,37216,9,-,15.08.08,Kab.,Bungo,Jambi,1
78,Nalo Tantan (Nalo Tatan),37317,7,-,15.02.11,Kab.,Merangin,Jambi,1
79,Nipah Panjang,36771,10,7,15.07.02,Kab.,Tanjung Jabung Timur,Jambi,1
80,Paal Merah,36139 - 36148,6,-,15.71.11,Kota,Jambi,Jambi,1
81,Pamenang,37352,14,-,15.02.06,Kab.,Merangin,Jambi,1
82,Pamenang Barat,37318,8,-,15.02.13,Kab.,Merangin,Jambi,1
83,Pamenang Selatan,37319,4,-,15.02.20,Kab.,Merangin,Jambi,1
84,Pangkalan Jambu,37361,8,-,15.02.17,Kab.,Merangin,Jambi,1
85,Pasar Jambi,36111 - 36134,4,-,15.71.04,Kota,Jambi,Jambi,1
86,Pasar Muaro Bungo (Pasar Muara Bungo),37214,5,-,15.08.03,Kab.,Bungo,Jambi,1
87,Pauh,37491,14,-,15.03.04,Kab.,Sarolangun,Jambi,1
88,Pelawan,37482,14,-,15.03.05,Kab.,Sarolangun,Jambi,1
89,Pelayangan,36251 - 36256,6,-,15.71.05,Kota,Jambi,Jambi,1
90,Pelepat,37262,15,-,15.08.06,Kab.,Bungo,Jambi,1
91,Pelepat Ilir,37252,17,-,15.08.09,Kab.,Bungo,Jambi,1
92,Pemayung,36657,19,-,15.04.05,Kab.,Batanghari,Jambi,1
93,Pengabuan,36553,13,-,15.06.03,Kab.,Tanjung Jabung Barat,Jambi,1
94,Pesisir Bukit,37111 - 37152,9,-,15.72.02,Kota,Sungai Penuh,Jambi,1
95,Pondok Tinggi,37111 - 37114,8,-,15.72.06,Kota,Sungai Penuh,Jambi,1
96,Rantau Pandan,37261,6,-,15.08.02,Kab.,Bungo,Jambi,1
97,Rantau Rasau,36772,11,-,15.07.04,Kab.,Tanjung Jabung Timur,Jambi,1
98,Renah Mendaluh,36559,10,-,15.06.08,Kab.,Tanjung Jabung Barat,Jambi,1
99,Renah Pamenang (Renah Pemenang),37351,4,-,15.02.19,Kab.,Merangin,Jambi,1
100,Renah Pembarap,37362,12,-,15.02.16,Kab.,Merangin,Jambi,1
101,Rimbo Bujang,37551,16,-,15.09.04,Kab.,Tebo,Jambi,1
102,Rimbo Ilir,37552,10,-,15.09.08,Kab.,Tebo,Jambi,1
103,Rimbo Tengah,37215,4,-,15.08.13,Kab.,Bungo,Jambi,1
104,Rimbo Ulu,37553,12,-,15.09.07,Kab.,Tebo,Jambi,1
105,Sadu,36773,9,-,15.07.05,Kab.,Tanjung Jabung Timur,Jambi,1
106,Sarolangun,37481,16,-,15.03.03,Kab.,Sarolangun,Jambi,1
107,Seberang Kota,36511,8,-,15.06.10,Kab.,Tanjung Jabung Barat,Jambi,1
108,Sekernan,36381,16,-,15.05.02,Kab.,Muaro Jambi,Jambi,1
109,Senyerang,36513,10,-,15.06.13,Kab.,Tanjung Jabung Barat,Jambi,1
110,Serai Serumpun,37554,8,-,15.09.10,Kab.,Tebo,Jambi,1
111,Singkut,37483,13,-,15.03.09,Kab.,Sarolangun,Jambi,1
112,Sitinjau Laut,37171,14,-,15.01.04,Kab.,Kerinci,Jambi,1
113,Siulak,37160,26,-,15.01.16,Kab.,Kerinci,Jambi,1
114,Siulak Mukai,37169,14,-,15.01.18,Kab.,Kerinci,Jambi,1
115,Sumay,37573,12,-,15.09.05,Kab.,Tebo,Jambi,1
116,Sungai Bahar,36365,11,-,15.05.07,Kab.,Muaro Jambi,Jambi,1
117,Sungai Bungkal,37111 - 37112,6,-,15.72.08,Kota,Sungai Penuh,Jambi,1
118,Sungai Gelam,36363,15,-,15.05.08,Kab.,Muaro Jambi,Jambi,1
119,Sungai Manau,37363,10,-,15.02.04,Kab.,Merangin,Jambi,1
120,Sungai Penuh,37111 - 37114,5,-,15.72.01,Kota,Sungai Penuh,Jambi,1
121,Tabir,37350,11,-,15.02.05,Kab.,Merangin,Jambi,1
122,Tabir Barat,37353,14,-,15.02.23,Kab.,Merangin,Jambi,1
123,Tabir Ilir,37358,7,-,15.02.14,Kab.,Merangin,Jambi,1
124,Tabir Lintas,37357,5,-,15.02.22,Kab.,Merangin,Jambi,1
125,Tabir Selatan,37354,8,-,15.02.08,Kab.,Merangin,Jambi,1
126,Tabir Timur,37355,4,-,15.02.15,Kab.,Merangin,Jambi,1
127,Tabir Ulu,37356,6,-,15.02.07,Kab.,Merangin,Jambi,1
128,Taman Rajo,36383,10,-,15.05.11,Kab.,Muaro Jambi,Jambi,1
129,Tanah Cogok,37171 - 37172,12,-,15.01.22,Kab.,Kerinci,Jambi,1
130,Tanah Kampung,37121,13,-,15.72.04,Kota,Sungai Penuh,Jambi,1
131,Tanah Sepenggal,37263,10,-,15.08.05,Kab.,Bungo,Jambi,1
132,Tanah Sepenggal Lintas,37264,12,-,15.08.17,Kab.,Bungo,Jambi,1
133,Tanah Tumbuh,37255,11,-,15.08.01,Kab.,Bungo,Jambi,1
134,Tebing Tinggi,36551,10,-,15.06.06,Kab.,Tanjung Jabung Barat,Jambi,1
135,Tebo Ilir,37572,12,-,15.09.02,Kab.,Tebo,Jambi,1
136,Tebo Tengah,37571,13,-,15.09.01,Kab.,Tebo,Jambi,1
137,Tebo Ulu,37555,17,-,15.09.03,Kab.,Tebo,Jambi,1
138,Telanaipura,36122 - 36129,7,-,15.71.01,Kota,Jambi,Jambi,1
139,Tengah Ilir,37574,6,-,15.09.09,Kab.,Tebo,Jambi,1
140,Tiang Pumpung,37371,6,-,15.02.24,Kab.,Merangin,Jambi,1
141,Tungkal Ilir,36557,10,-,15.06.02,Kab.,Tanjung Jabung Barat,Jambi,1
142,Tungkal Ulu,36552,10,-,15.06.01,Kab.,Tanjung Jabung Barat,Jambi,1
143,VII Koto,37561,10,-,15.09.06,Kab.,Tebo,Jambi,1
144,VII Koto Ilir,37562,6,-,15.09.11,Kab.,Tebo,Jambi,1
1,Air Besar,79365,16,-,61.08.05,Kab.,Landak,Kalimantan Barat,1
2,Air Upas,78863,9,-,61.04.21,Kab.,Ketapang,Kalimantan Barat,1
3,Ambalau,78684,33,-,61.05.15,Kab.,Sintang,Kalimantan Barat,1
4,Anjongan,78353,5,-,61.02.16,Kab.,Mempawah,Kalimantan Barat,1
5,Badau,78767,9,-,61.06.14,Kab.,Kapuas Hulu,Kalimantan Barat,1
6,Balai,78563,12,-,61.03.12,Kab.,Sanggau,Kalimantan Barat,1
7,Banyuke Hulu,79364,7,-,61.08.12,Kab.,Landak,Kalimantan Barat,1
8,Batang Lupar,78766,10,-,61.06.12,Kab.,Kapuas Hulu,Kalimantan Barat,1
9,Batu Ampar,78385,15,10,61.12.05,Kab.,Kubu Raya,Kalimantan Barat,1
10,Beduai (Beduwai),78555,5,-,61.03.06,Kab.,Sanggau,Kalimantan Barat,1
11,Belimbing,79671,17,-,61.10.01,Kab.,Melawi,Kalimantan Barat,1
12,Belimbing Hulu,79670,8,-,61.10.10,Kab.,Melawi,Kalimantan Barat,1
13,Belitang,79588,7,-,61.09.07,Kab.,Sekadau,Kalimantan Barat,1
14,Belitang Hilir,79586,11,-,61.09.05,Kab.,Sekadau,Kalimantan Barat,1
15,Belitang Hulu,79587,13,-,61.09.06,Kab.,Sekadau,Kalimantan Barat,1
16,Bengkayang,79212 - 79213,6,-,61.07.04,Kab.,Bengkayang,Kalimantan Barat,1
17,Benua Kayong,78821 - 78822,11,-,61.04.18,Kab.,Ketapang,Kalimantan Barat,1
18,Bika,78753,8,-,61.06.02,Kab.,Kapuas Hulu,Kalimantan Barat,1
19,Binjai Hulu,78663,11,-,61.05.21,Kab.,Sintang,Kalimantan Barat,1
20,Bonti,78552,9,-,61.03.05,Kab.,Sanggau,Kalimantan Barat,1
21,Boyan Tanjung,78758,16,-,61.06.19,Kab.,Kapuas Hulu,Kalimantan Barat,1
22,Bunut Hilir,78761 - 78762,11,-,61.06.05,Kab.,Kapuas Hulu,Kalimantan Barat,1
23,Bunut Hulu,78762,15,-,61.06.06,Kab.,Kapuas Hulu,Kalimantan Barat,1
24,Capkala,79271,6,-,61.07.11,Kab.,Bengkayang,Kalimantan Barat,1
25,Dedai,78691,31,-,61.05.07,Kab.,Sintang,Kalimantan Barat,1
26,Delta Pawan,78811 - 78813,9,-,61.04.16,Kab.,Ketapang,Kalimantan Barat,1
27,Ella Hilir,79681,19,-,61.10.03,Kab.,Melawi,Kalimantan Barat,1
28,Embaloh Hilir,78754,9,-,61.06.03,Kab.,Kapuas Hulu,Kalimantan Barat,1
29,Embaloh Hulu,78755,10,-,61.06.04,Kab.,Kapuas Hulu,Kalimantan Barat,1
30,Empanang,78768,6,-,61.06.13,Kab.,Kapuas Hulu,Kalimantan Barat,1
31,Entikong,78557,5,-,61.03.21,Kab.,Sanggau,Kalimantan Barat,1
32,Galing,79453,10,-,61.01.11,Kab.,Sambas,Kalimantan Barat,1
33,Hulu Gurung,78764,15,-,61.06.08,Kab.,Kapuas Hulu,Kalimantan Barat,1
34,Hulu Sungai,78871,12,-,61.04.19,Kab.,Ketapang,Kalimantan Barat,1
35,Jagoi Babang,79286,6,-,61.07.07,Kab.,Bengkayang,Kalimantan Barat,1
36,Jangkang,78591,11,-,61.03.04,Kab.,Sanggau,Kalimantan Barat,1
37,Jawai,79454,13,-,61.01.03,Kab.,Sambas,Kalimantan Barat,1
38,Jawai Selatan,79154,9,2,61.01.16,Kab.,Sambas,Kalimantan Barat,1
39,Jelai Hulu,78876,22,-,61.04.14,Kab.,Ketapang,Kalimantan Barat,1
40,Jelimpo,79357,13,-,61.08.11,Kab.,Landak,Kalimantan Barat,1
41,Jongkat (Siantan),78352,5,-,61.02.08,Kab.,Mempawah,Kalimantan Barat,1
42,Jongkong (Jengkong),78763,14,-,61.06.07,Kab.,Kapuas Hulu,Kalimantan Barat,1
43,Kalis,78756,17,-,61.06.18,Kab.,Kapuas Hulu,Kalimantan Barat,1
44,Kapuas (Sanggau Kapuas),78511 - 78516,26,-,61.03.01,Kab.,Sanggau,Kalimantan Barat,1
45,Kayan Hilir,78693,43,-,61.05.08,Kab.,Sintang,Kalimantan Barat,1
46,Kayan Hulu,78694,31,-,61.05.09,Kab.,Sintang,Kalimantan Barat,1
47,Kelam Permai,78656,17,-,61.05.19,Kab.,Sintang,Kalimantan Barat,1
48,Kembayan,78553,11,-,61.03.08,Kab.,Sanggau,Kalimantan Barat,1
49,Kendawangan,78862,19,30,61.04.04,Kab.,Ketapang,Kalimantan Barat,1
50,Kepulauan Karimata,78855,3,-,61.11.06,Kab.,Kayong Utara,Kalimantan Barat,1
51,Ketungau Hilir,78652,24,-,61.05.04,Kab.,Sintang,Kalimantan Barat,1
52,Ketungau Hulu,78654,29,-,61.05.06,Kab.,Sintang,Kalimantan Barat,1
53,Ketungau Tengah,78653,29,-,61.05.05,Kab.,Sintang,Kalimantan Barat,1
54,Kuala Behe,79367,11,-,61.08.09,Kab.,Landak,Kalimantan Barat,1
55,Kuala Mandor B,78355,6,-,61.12.02,Kab.,Kubu Raya,Kalimantan Barat,1
56,Kubu,78384,20,7,61.12.06,Kab.,Kubu Raya,Kalimantan Barat,1
57,Ledo,79283,12,-,61.07.03,Kab.,Bengkayang,Kalimantan Barat,1
58,Lembah Bawang,79281,8,-,61.07.16,Kab.,Bengkayang,Kalimantan Barat,1
59,Lumar,79282,5,-,61.07.13,Kab.,Bengkayang,Kalimantan Barat,1
60,Mandor,79355,17,-,61.08.04,Kab.,Landak,Kalimantan Barat,1
61,Manis Mata,78864,22,-,61.04.03,Kab.,Ketapang,Kalimantan Barat,1
62,Marau,78865,10,-,61.04.02,Kab.,Ketapang,Kalimantan Barat,1
63,Matan Hilir Selatan,78822,11,2,61.04.12,Kab.,Ketapang,Kalimantan Barat,1
64,Matan Hilir Utara,78813,5,4,61.04.01,Kab.,Ketapang,Kalimantan Barat,1
65,Meliau,78571,19,2,61.03.20,Kab.,Sanggau,Kalimantan Barat,1
66,Mempawah Hilir,78911 - 78919,8,-,61.02.01,Kab.,Mempawah,Kalimantan Barat,1
67,Mempawah Hulu,79363,17,-,61.08.02,Kab.,Landak,Kalimantan Barat,1
68,Mempawah Timur,78915 - 78919,8,-,61.02.18,Kab.,Mempawah,Kalimantan Barat,1
69,Menjalin,79362,8,-,61.08.03,Kab.,Landak,Kalimantan Barat,1
70,Mentebah,78757,8,-,61.06.20,Kab.,Kapuas Hulu,Kalimantan Barat,1
71,Menukung,79682,19,-,61.10.04,Kab.,Melawi,Kalimantan Barat,1
72,Menyuke,79360,16,-,61.08.06,Kab.,Landak,Kalimantan Barat,1
73,Meranti,79366,6,-,61.08.08,Kab.,Landak,Kalimantan Barat,1
74,Monterado,79181,11,-,61.07.08,Kab.,Bengkayang,Kalimantan Barat,1
75,Muara Pawan,78810,8,-,61.04.17,Kab.,Ketapang,Kalimantan Barat,1
76,Mukok,78581,9,-,61.03.02,Kab.,Sanggau,Kalimantan Barat,1
77,Nanga Mahap,79585,13,-,61.09.04,Kab.,Sekadau,Kalimantan Barat,1
78,Nanga Pinoh,79672,17,-,61.10.02,Kab.,Melawi,Kalimantan Barat,1
79,Nanga Taman,79584,15,-,61.09.03,Kab.,Sekadau,Kalimantan Barat,1
80,Nanga Tayap,78873,20,-,61.04.11,Kab.,Ketapang,Kalimantan Barat,1
81,Ngabang,79354,19,-,61.08.01,Kab.,Landak,Kalimantan Barat,1
82,Noyan,78554,5,-,61.03.03,Kab.,Sanggau,Kalimantan Barat,1
83,Paloh,79466,8,2,61.01.08,Kab.,Sambas,Kalimantan Barat,1
84,Parindu,78561,14,-,61.03.09,Kab.,Sanggau,Kalimantan Barat,1
85,Pemahan,78874,7,-,61.04.24,Kab.,Ketapang,Kalimantan Barat,1
86,Pemangkat,79455,8,-,61.01.05,Kab.,Sambas,Kalimantan Barat,1
87,Pengkadan (Batu Datu),78759,11,-,61.06.21,Kab.,Kapuas Hulu,Kalimantan Barat,1
88,Pinoh Selatan,79677,12,-,61.10.09,Kab.,Melawi,Kalimantan Barat,1
89,Pinoh Utara,79678,19,-,61.10.08,Kab.,Melawi,Kalimantan Barat,1
90,Pontianak Barat,78113 - 78117,4,-,61.71.03,Kota,Pontianak,Kalimantan Barat,1
91,Pontianak Kota,78111 - 78117,5,-,61.71.05,Kota,Pontianak,Kalimantan Barat,1
92,Pontianak Selatan,78123 - 78124,5,-,61.71.01,Kota,Pontianak,Kalimantan Barat,1
93,Pontianak Tenggara,78124,4,-,61.71.06,Kota,Pontianak,Kalimantan Barat,1
94,Pontianak Timur,78132 - 78236,7,-,61.71.02,Kota,Pontianak,Kalimantan Barat,1
95,Pontianak Utara,78241 - 78244,4,1,61.71.04,Kota,Pontianak,Kalimantan Barat,1
96,Pulau Maya (Pulau Maya Karimata),78858,5,71,61.11.04,Kab.,Kayong Utara,Kalimantan Barat,1
97,Puring Kencana,78769,6,-,61.06.23,Kab.,Kapuas Hulu,Kalimantan Barat,1
98,Putussibau Selatan,78714,16,-,61.06.17,Kab.,Kapuas Hulu,Kalimantan Barat,1
99,Putussibau Utara,78716,19,-,61.06.01,Kab.,Kapuas Hulu,Kalimantan Barat,1
100,Rasau Jaya,78381 - 78382,6,-,61.12.07,Kab.,Kubu Raya,Kalimantan Barat,1
101,Sadaniang,78361,6,-,61.02.17,Kab.,Mempawah,Kalimantan Barat,1
102,Sajad,79462,4,-,61.01.14,Kab.,Sambas,Kalimantan Barat,1
103,Sajingan Besar,79467,5,-,61.01.09,Kab.,Sambas,Kalimantan Barat,1
104,Salatiga,79456,5,-,61.01.18,Kab.,Sambas,Kalimantan Barat,1
105,Samalantan,79280,7,-,61.07.02,Kab.,Bengkayang,Kalimantan Barat,1
106,Sambas,79460,18,1,61.01.01,Kab.,Sambas,Kalimantan Barat,1
107,Sandai,78870,13,-,61.04.05,Kab.,Ketapang,Kalimantan Barat,1
108,Sanggau Ledo,79284,5,-,61.07.06,Kab.,Bengkayang,Kalimantan Barat,1
109,Sayan,79673,18,-,61.10.05,Kab.,Melawi,Kalimantan Barat,1
110,Sebangki,79358,5,-,61.08.10,Kab.,Landak,Kalimantan Barat,1
111,Sebawi,79464,7,-,61.01.15,Kab.,Sambas,Kalimantan Barat,1
112,Seberuang,78772,15,-,61.06.11,Kab.,Kapuas Hulu,Kalimantan Barat,1
113,Segedong,78351,6,-,61.02.15,Kab.,Mempawah,Kalimantan Barat,1
114,Sejangkung,79463,12,-,61.01.06,Kab.,Sambas,Kalimantan Barat,1
115,Sekadau Hilir,79511 - 79582,20,-,61.09.01,Kab.,Sekadau,Kalimantan Barat,1
116,Sekadau Hulu,79583,15,-,61.09.02,Kab.,Sekadau,Kalimantan Barat,1
117,Sekayam,78556,10,-,61.03.07,Kab.,Sanggau,Kalimantan Barat,1
118,Selakau,79452,11,-,61.01.07,Kab.,Sambas,Kalimantan Barat,1
119,Selakau Timur,79451,4,-,61.01.19,Kab.,Sambas,Kalimantan Barat,1
120,Selimbau,78765,17,-,61.06.09,Kab.,Kapuas Hulu,Kalimantan Barat,1
121,Seluas,79285,6,-,61.07.05,Kab.,Bengkayang,Kalimantan Barat,1
122,Semitau,78771,12,-,61.06.10,Kab.,Kapuas Hulu,Kalimantan Barat,1
123,Semparuk,79457,5,-,61.01.13,Kab.,Sambas,Kalimantan Barat,1
124,Sengah Temila,79356,14,-,61.08.07,Kab.,Landak,Kalimantan Barat,1
125,Sepauk,78662,39,-,61.05.03,Kab.,Sintang,Kalimantan Barat,1
126,Seponti,78857,6,-,61.11.05,Kab.,Kayong Utara,Kalimantan Barat,1
127,Serawai,78683,38,-,61.05.14,Kab.,Sintang,Kalimantan Barat,1
128,Siding,79287,8,-,61.07.12,Kab.,Bengkayang,Kalimantan Barat,1
129,Silat Hilir,78773,13,-,61.06.15,Kab.,Kapuas Hulu,Kalimantan Barat,1
130,Silat Hulu,78774,14,-,61.06.16,Kab.,Kapuas Hulu,Kalimantan Barat,1
131,Simpang Dua,78854,6,-,61.04.20,Kab.,Ketapang,Kalimantan Barat,1
132,Simpang Hilir,78853,12,1,61.11.02,Kab.,Kayong Utara,Kalimantan Barat,1
133,Simpang Hulu,78850,15,-,61.04.08,Kab.,Ketapang,Kalimantan Barat,1
134,Singkawang Barat,79121 - 79124,4,-,61.72.02,Kota,Singkawang,Kalimantan Barat,1
135,Singkawang Selatan,79163,4,1,61.72.05,Kota,Singkawang,Kalimantan Barat,1
136,Singkawang Tengah,79111 - 79116,6,-,61.72.01,Kota,Singkawang,Kalimantan Barat,1
137,Singkawang Timur,79251,5,-,61.72.03,Kota,Singkawang,Kalimantan Barat,1
138,Singkawang Utara,79151,7,-,61.72.04,Kota,Singkawang,Kalimantan Barat,1
139,Singkup,78866,8,-,61.04.22,Kab.,Ketapang,Kalimantan Barat,1
140,Sintang,78611 - 78619,29,-,61.05.01,Kab.,Sintang,Kalimantan Barat,1
141,Sokan,79675,18,-,61.10.07,Kab.,Melawi,Kalimantan Barat,1
142,Sompak,79361,7,-,61.08.13,Kab.,Landak,Kalimantan Barat,1
143,Subah,79417,13,-,61.01.10,Kab.,Sambas,Kalimantan Barat,1
144,Suhaid,78775,11,-,61.06.22,Kab.,Kapuas Hulu,Kalimantan Barat,1
145,Sukadana,78852,10,9,61.11.01,Kab.,Kayong Utara,Kalimantan Barat,1
146,Sungai Ambawang,78393,15,1,61.12.03,Kab.,Kubu Raya,Kalimantan Barat,1
147,Sungai Betung,79211,4,-,61.07.14,Kab.,Bengkayang,Kalimantan Barat,1
148,Sungai Kakap,78380,15,8,61.12.09,Kab.,Kubu Raya,Kalimantan Barat,1
149,Sungai Kunyit,78371,12,-,61.02.12,Kab.,Mempawah,Kalimantan Barat,1
150,Sungai Laur,78872,19,-,61.04.07,Kab.,Ketapang,Kalimantan Barat,1
151,Sungai Melayu Rayak,78875,11,-,61.04.25,Kab.,Ketapang,Kalimantan Barat,1
152,Sungai Pinyuh (Sei Pinyuh),78354,9,-,61.02.07,Kab.,Mempawah,Kalimantan Barat,1
153,Sungai Raya,79272,5,-,61.07.01,Kab.,Bengkayang,Kalimantan Barat,1
154,Sungai Raya,78234 - 78391,22,9,61.12.01,Kab.,Kubu Raya,Kalimantan Barat,1
155,Sungai Raya Kepulauan,79273,5,12,61.07.15,Kab.,Bengkayang,Kalimantan Barat,1
156,Sungai Tebelian,78655,26,-,61.05.20,Kab.,Sintang,Kalimantan Barat,1
157,Suti Semarang,79288,8,-,61.07.10,Kab.,Bengkayang,Kalimantan Barat,1
158,Tanah Pinoh,79674,12,-,61.10.06,Kab.,Melawi,Kalimantan Barat,1
159,Tanah Pinoh Barat,79676,10,-,61.10.11,Kab.,Melawi,Kalimantan Barat,1
160,Tangaran,79465,8,-,61.01.17,Kab.,Sambas,Kalimantan Barat,1
161,Tayan Hilir,78564,15,2,61.03.11,Kab.,Sanggau,Kalimantan Barat,1
162,Tayan Hulu,78562,11,-,61.03.10,Kab.,Sanggau,Kalimantan Barat,1
163,Tebas,79461,23,-,61.01.04,Kab.,Sambas,Kalimantan Barat,1
164,Tekarang,79468,7,-,61.01.12,Kab.,Sambas,Kalimantan Barat,1
165,Teluk Batang,78856,7,-,61.11.03,Kab.,Kayong Utara,Kalimantan Barat,1
166,Teluk Keramat,79469,25,-,61.01.02,Kab.,Sambas,Kalimantan Barat,1
167,Teluk Pakedai,78383,14,1,61.12.08,Kab.,Kubu Raya,Kalimantan Barat,1
168,Tempunak,78661,26,-,61.05.02,Kab.,Sintang,Kalimantan Barat,1
169,Terentang,78392,10,-,61.12.04,Kab.,Kubu Raya,Kalimantan Barat,1
170,Teriak,79214,18,-,61.07.09,Kab.,Bengkayang,Kalimantan Barat,1
171,Toba,78572,7,-,61.03.13,Kab.,Sanggau,Kalimantan Barat,1
172,Toho,78360,8,-,61.02.06,Kab.,Mempawah,Kalimantan Barat,1
173,Tujuh Belas,79250,4,-,61.07.17,Kab.,Bengkayang,Kalimantan Barat,1
174,Tumbang Titi,78877,25,-,61.04.13,Kab.,Ketapang,Kalimantan Barat,1
1,Adimulyo,54363,23,-,33.05.15,Kab.,Kebumen,Jawa Tengah,1
2,Adipala,53271,16,-,33.01.03,Kab.,Cilacap,Jawa Tengah,1
3,Adiwerna,52121 - 52194,21,-,33.28.11,Kab.,Tegal,Jawa Tengah,1
4,Ajibarang,53163,15,-,33.02.14,Kab.,Banyumas,Jawa Tengah,1
5,Alian (Aliyan),54352,16,-,33.05.11,Kab.,Kebumen,Jawa Tengah,1
6,Ambal,54392,32,-,33.05.07,Kab.,Kebumen,Jawa Tengah,1
7,Ambarawa,50611 - 50614,10,-,33.22.10,Kab.,Semarang,Jawa Tengah,1
8,Ampel,57316 - 57352,10,-,33.09.02,Kab.,Boyolali,Jawa Tengah,1
9,Ampelgading,52364,16,-,33.27.11,Kab.,Pemalang,Jawa Tengah,1
10,Andong,57384,16,-,33.09.16,Kab.,Boyolali,Jawa Tengah,1
11,Argomulyo,50732 - 50736,6,-,33.73.03,Kota,Salatiga,Jawa Tengah,1
12,Ayah,54473,18,-,33.05.01,Kab.,Kebumen,Jawa Tengah,1
13,Bae,59321 - 59327,10,-,33.19.07,Kab.,Kudus,Jawa Tengah,1
14,Bagelen,54174,17,-,33.06.04,Kab.,Purworejo,Jawa Tengah,1
15,Baki,57556,14,-,33.11.10,Kab.,Sukoharjo,Jawa Tengah,1
16,Balapulang,52464,20,-,33.28.04,Kab.,Tegal,Jawa Tengah,1
17,Bancak,50125 - 50182,9,-,33.22.16,Kab.,Semarang,Jawa Tengah,1
18,Bandar,51254,17,-,33.25.02,Kab.,Batang,Jawa Tengah,1
19,Bandongan,56151,14,-,33.08.14,Kab.,Magelang,Jawa Tengah,1
20,Bandungan,50614 - 50663,10,-,33.22.20,Kab.,Semarang,Jawa Tengah,1
21,Bangsri,59453,12,-,33.20.08,Kab.,Jepara,Jawa Tengah,1
22,Banjarejo,58253,20,-,33.16.11,Kab.,Blora,Jawa Tengah,1
23,Banjarharjo,52265,25,-,33.29.17,Kab.,Brebes,Jawa Tengah,1
24,Banjarmangu,53452,17,-,33.04.09,Kab.,Banjarnegara,Jawa Tengah,1
25,Banjarnegara,53411 - 53418,13,-,33.04.06,Kab.,Banjarnegara,Jawa Tengah,1
26,Banjarsari,57131 - 57139,15,-,33.72.05,Kota,Surakarta,Jawa Tengah,1
27,Bansari,56265,13,-,33.23.16,Kab.,Temanggung,Jawa Tengah,1
28,Bantarbolang,52352,17,-,33.27.06,Kab.,Pemalang,Jawa Tengah,1
29,Bantarkawung,52274,18,-,33.29.02,Kab.,Brebes,Jawa Tengah,1
30,Bantarsari,53281,8,-,33.01.20,Kab.,Cilacap,Jawa Tengah,1
31,Banyubiru,50664,10,-,33.22.07,Kab.,Semarang,Jawa Tengah,1
32,Banyudono,57373,15,-,33.09.09,Kab.,Boyolali,Jawa Tengah,1
33,Banyumanik,50261 - 50269,11,-,33.74.11,Kota,Semarang,Jawa Tengah,1
34,Banyumas,53192,12,-,33.02.11,Kab.,Banyumas,Jawa Tengah,1
35,Banyuputih,51271 - 51281,11,-,33.25.15,Kab.,Batang,Jawa Tengah,1
36,Banyuurip,54171,27,-,33.06.07,Kab.,Purworejo,Jawa Tengah,1
37,Batang,51211 - 51216,21,-,33.25.11,Kab.,Batang,Jawa Tengah,1
38,Batangan,59186,18,-,33.18.07,Kab.,Pati,Jawa Tengah,1
39,Batealit,59461,11,-,33.20.05,Kab.,Jepara,Jawa Tengah,1
40,Batur,53456,8,-,33.04.16,Kab.,Banjarnegara,Jawa Tengah,1
41,Baturetno,57673,13,-,33.12.07,Kab.,Wonogiri,Jawa Tengah,1
42,Baturraden (Baturaden),53126 - 53151,12,-,33.02.22,Kab.,Banyumas,Jawa Tengah,1
43,Batuwarno,57674,8,-,33.12.04,Kab.,Wonogiri,Jawa Tengah,1
44,Bawang,53471,18,-,33.04.05,Kab.,Banjarnegara,Jawa Tengah,1
45,Bawang,51274,20,-,33.25.05,Kab.,Batang,Jawa Tengah,1
46,Bawen,50661,9,-,33.22.11,Kab.,Semarang,Jawa Tengah,1
47,Bayan,54222 - 54224,26,-,33.06.08,Kab.,Purworejo,Jawa Tengah,1
48,Bayat,57462,18,-,33.10.04,Kab.,Klaten,Jawa Tengah,1
49,Bejen,56258,14,-,33.23.18,Kab.,Temanggung,Jawa Tengah,1
50,Belik,52356,13,-,33.27.03,Kab.,Pemalang,Jawa Tengah,1
51,Bendosari,57521 - 57528,14,-,33.11.06,Kab.,Sukoharjo,Jawa Tengah,1
52,Bener,54183,28,-,33.06.16,Kab.,Purworejo,Jawa Tengah,1
53,Bergas,50187 - 50552,13,-,33.22.13,Kab.,Semarang,Jawa Tengah,1
54,Binangun,53280,17,-,33.01.04,Kab.,Cilacap,Jawa Tengah,1
55,Blado,51255,18,-,33.25.03,Kab.,Batang,Jawa Tengah,1
56,Blora (Blora kota),58211 - 58219,28,-,33.16.09,Kab.,Blora,Jawa Tengah,1
57,Bobotsari,53353,16,-,33.03.09,Kab.,Purbalingga,Jawa Tengah,1
58,Bodeh,52365,19,-,33.27.05,Kab.,Pemalang,Jawa Tengah,1
59,Bogorejo,58262,14,-,33.16.15,Kab.,Blora,Jawa Tengah,1
60,Boja,51381,18,-,33.24.07,Kab.,Kendal,Jawa Tengah,1
61,Bojong,51156,22,-,33.26.11,Kab.,Pekalongan,Jawa Tengah,1
62,Bojong,52465,17,-,33.28.03,Kab.,Tegal,Jawa Tengah,1
63,Bojongsari,53362,13,-,33.03.14,Kab.,Purbalingga,Jawa Tengah,1
64,Bonang,59511 - 59552,21,-,33.21.12,Kab.,Demak,Jawa Tengah,1
65,Bonorowo,54395,11,-,33.05.23,Kab.,Kebumen,Jawa Tengah,1
66,Borobudur,56413 - 56553,20,-,33.08.02,Kab.,Magelang,Jawa Tengah,1
67,Boyolali,57311 - 57316,9,-,33.09.05,Kab.,Boyolali,Jawa Tengah,1
68,Brangsong,51371,12,-,33.24.09,Kab.,Kendal,Jawa Tengah,1
69,Brati,58153,9,-,33.15.14,Kab.,Grobogan,Jawa Tengah,1
70,Brebes,52211 - 52219,23,-,33.29.09,Kab.,Brebes,Jawa Tengah,1
71,Bringin,50218 - 50772,16,-,33.22.12,Kab.,Semarang,Jawa Tengah,1
72,Bruno,54261,18,-,33.06.13,Kab.,Purworejo,Jawa Tengah,1
73,Buaran,51171,10,-,33.26.14,Kab.,Pekalongan,Jawa Tengah,1
74,Buayan,54474,20,-,33.05.02,Kab.,Kebumen,Jawa Tengah,1
75,Bukateja,53382,14,-,33.03.02,Kab.,Purbalingga,Jawa Tengah,1
76,Bulakamba,52253,19,-,33.29.14,Kab.,Brebes,Jawa Tengah,1
77,Bulu,59255,16,-,33.17.02,Kab.,Rembang,Jawa Tengah,1
78,Bulu,57563,12,-,33.11.02,Kab.,Sukoharjo,Jawa Tengah,1
79,Bulu,56253,19,-,33.23.01,Kab.,Temanggung,Jawa Tengah,1
80,Bulukerto,57697,10,-,33.12.18,Kab.,Wonogiri,Jawa Tengah,1
81,Buluspesantren,54391,21,-,33.05.06,Kab.,Kebumen,Jawa Tengah,1
82,Bumiayu,52273,15,-,33.29.03,Kab.,Brebes,Jawa Tengah,1
83,Bumijawa,52466,18,-,33.28.02,Kab.,Tegal,Jawa Tengah,1
84,Butuh,54116 - 54264,41,-,33.06.10,Kab.,Purworejo,Jawa Tengah,1
85,Candimulyo,56191,19,-,33.08.15,Kab.,Magelang,Jawa Tengah,1
86,Candiroto,56257,14,-,33.23.12,Kab.,Temanggung,Jawa Tengah,1
87,Candisari,50252 - 50614,7,-,33.74.08,Kota,Semarang,Jawa Tengah,1
88,Cawas,57463,20,-,33.10.05,Kab.,Klaten,Jawa Tengah,1
89,Ceper,57465,18,-,33.10.11,Kab.,Klaten,Jawa Tengah,1
90,Cepiring,51352,15,-,33.24.13,Kab.,Kendal,Jawa Tengah,1
91,Cepogo,57362,15,-,33.09.03,Kab.,Boyolali,Jawa Tengah,1
92,Cepu,58311 - 58315,17,-,33.16.05,Kab.,Blora,Jawa Tengah,1
93,Cilacap Selatan,53211 - 53215,5,1,33.01.21,Kab.,Cilacap,Jawa Tengah,1
94,Cilacap Tengah,53221 - 53225,5,-,33.01.22,Kab.,Cilacap,Jawa Tengah,1
95,Cilacap Utara,53231 - 53235,5,-,33.01.23,Kab.,Cilacap,Jawa Tengah,1
96,Cilongok,53162,20,-,33.02.17,Kab.,Banyumas,Jawa Tengah,1
97,Cimanggu,53256,15,-,33.01.13,Kab.,Cilacap,Jawa Tengah,1
98,Cipari,53262,11,-,33.01.18,Kab.,Cilacap,Jawa Tengah,1
99,Cluwak,59157,13,-,33.18.18,Kab.,Pati,Jawa Tengah,1
100,Colomadu,57171 - 57179,11,-,33.13.12,Kab.,Karanganyar,Jawa Tengah,1
101,Comal,52363,18,-,33.27.12,Kab.,Pemalang,Jawa Tengah,1
102,Dawe,59353,18,-,33.19.09,Kab.,Kudus,Jawa Tengah,1
103,Dayeuhluhur,53266,14,-,33.01.16,Kab.,Cilacap,Jawa Tengah,1
104,Delanggu,57471,16,-,33.10.16,Kab.,Klaten,Jawa Tengah,1
105,Demak,59511 - 59517,19,-,33.21.11,Kab.,Demak,Jawa Tengah,1
106,Dempet,59573,16,-,33.21.07,Kab.,Demak,Jawa Tengah,1
107,Donorojo,59454,8,-,33.20.16,Kab.,Jepara,Jawa Tengah,1
108,Doro,51191,14,-,33.26.06,Kab.,Pekalongan,Jawa Tengah,1
109,Dukuhseti,59158,12,-,33.18.20,Kab.,Pati,Jawa Tengah,1
110,Dukuhturi,52192,18,-,33.28.13,Kab.,Tegal,Jawa Tengah,1
111,Dukuhwaru,52451,10,-,33.28.18,Kab.,Tegal,Jawa Tengah,1
112,Dukun,56482,15,-,33.08.06,Kab.,Magelang,Jawa Tengah,1
113,Eromoko,57663,15,-,33.12.08,Kab.,Wonogiri,Jawa Tengah,1
114,Gabus,58183,14,-,33.15.08,Kab.,Grobogan,Jawa Tengah,1
115,Gabus,59173,24,-,33.18.11,Kab.,Pati,Jawa Tengah,1
116,Gajah,59581,18,-,33.21.08,Kab.,Demak,Jawa Tengah,1
117,Gajahmungkur (Gajah Mungkur),50231 - 50237,8,-,33.74.09,Kota,Semarang,Jawa Tengah,1
118,Gandrungmangu,53254,14,-,33.01.10,Kab.,Cilacap,Jawa Tengah,1
119,Gantiwarno,57455,16,-,33.10.02,Kab.,Klaten,Jawa Tengah,1
120,Garung,56353,15,-,33.07.12,Kab.,Wonosobo,Jawa Tengah,1
121,Gatak,57557,14,-,33.11.11,Kab.,Sukoharjo,Jawa Tengah,1
122,Gayamsari,50162 - 50249,7,-,33.74.04,Kota,Semarang,Jawa Tengah,1
123,Gebang,54191 - 54262,25,-,33.06.14,Kab.,Purworejo,Jawa Tengah,1
124,Gebog,59333,11,-,33.19.08,Kab.,Kudus,Jawa Tengah,1
125,Gemawang,56283,10,-,33.23.20,Kab.,Temanggung,Jawa Tengah,1
126,Gembong,59162,11,-,33.18.13,Kab.,Pati,Jawa Tengah,1
127,Gemolong,57274,14,-,33.14.13,Kab.,Sragen,Jawa Tengah,1
128,Gemuh,51356,16,-,33.24.11,Kab.,Kendal,Jawa Tengah,1
129,Genuk,50111 - 50231,13,-,33.74.05,Kota,Semarang,Jawa Tengah,1
130,Gesi,57262,7,-,33.14.18,Kab.,Sragen,Jawa Tengah,1
131,Getasan,50774,13,-,33.22.01,Kab.,Semarang,Jawa Tengah,1
132,Geyer,58172,13,-,33.15.05,Kab.,Grobogan,Jawa Tengah,1
133,Girimarto,57683,14,-,33.12.22,Kab.,Wonogiri,Jawa Tengah,1
134,Giritontro,57678,7,-,33.12.02,Kab.,Wonogiri,Jawa Tengah,1
135,Giriwoyo,57675,16,-,33.12.03,Kab.,Wonogiri,Jawa Tengah,1
136,Gladagsari,57316 - 57352,10,-,33.09.20,Kab.,Boyolali,Jawa Tengah,1
137,Godong,58162,28,-,33.15.16,Kab.,Grobogan,Jawa Tengah,1
138,Gombong,54411 - 54416,14,-,33.05.19,Kab.,Kebumen,Jawa Tengah,1
139,Gondang,57254,9,-,33.14.06,Kab.,Sragen,Jawa Tengah,1
140,Gondangrejo,57181 - 57188,13,-,33.13.13,Kab.,Karanganyar,Jawa Tengah,1
141,Grabag,56196,28,-,33.08.18,Kab.,Magelang,Jawa Tengah,1
142,Grabag,54265,32,-,33.06.01,Kab.,Purworejo,Jawa Tengah,1
143,Gringsing,51281,15,-,33.25.07,Kab.,Batang,Jawa Tengah,1
144,Grobogan,58152,12,-,33.15.12,Kab.,Grobogan,Jawa Tengah,1
145,Grogol,57552,14,-,33.11.09,Kab.,Sukoharjo,Jawa Tengah,1
146,Gubug,58164,21,-,33.15.17,Kab.,Grobogan,Jawa Tengah,1
147,Gumelar,53165,10,-,33.02.15,Kab.,Banyumas,Jawa Tengah,1
148,Gunem,59263,16,-,33.17.03,Kab.,Rembang,Jawa Tengah,1
149,Guntur,59565,20,-,33.21.03,Kab.,Demak,Jawa Tengah,1
150,Gunungpati,50221 - 50229,16,-,33.74.12,Kota,Semarang,Jawa Tengah,1
151,Gunungwungkal,59156,15,-,33.18.17,Kab.,Pati,Jawa Tengah,1
152,Jaken,59184,21,-,33.18.06,Kab.,Pati,Jawa Tengah,1
153,Jakenan,59182,23,-,33.18.09,Kab.,Pati,Jawa Tengah,1
154,Jambu,50271 - 50663,10,-,33.22.08,Kab.,Semarang,Jawa Tengah,1
155,Japah,58257,18,-,33.16.16,Kab.,Blora,Jawa Tengah,1
156,Jaten,57731,8,-,33.13.11,Kab.,Karanganyar,Jawa Tengah,1
157,Jati,58384,12,-,33.16.01,Kab.,Blora,Jawa Tengah,1
158,Jati,59341 - 59349,14,-,33.19.03,Kab.,Kudus,Jawa Tengah,1
159,Jatibarang,52261,22,-,33.29.07,Kab.,Brebes,Jawa Tengah,1
160,Jatilawang,53174,11,-,33.02.03,Kab.,Banyumas,Jawa Tengah,1
161,Jatinegara,52473,17,-,33.28.07,Kab.,Tegal,Jawa Tengah,1
162,Jatinom,57481,18,-,33.10.20,Kab.,Klaten,Jawa Tengah,1
163,Jatipurno,57693,11,-,33.12.21,Kab.,Wonogiri,Jawa Tengah,1
164,Jatipuro,57784,10,-,33.13.01,Kab.,Karanganyar,Jawa Tengah,1
165,Jatiroto,57692,15,-,33.12.15,Kab.,Wonogiri,Jawa Tengah,1
166,Jatisrono,57691,17,-,33.12.20,Kab.,Wonogiri,Jawa Tengah,1
167,Jatiyoso,57785,9,-,33.13.02,Kab.,Karanganyar,Jawa Tengah,1
168,Jebres,57121 - 57162,11,-,33.72.04,Kota,Surakarta,Jawa Tengah,1
169,Jekulo,59382,12,-,33.19.06,Kab.,Kudus,Jawa Tengah,1
170,Jenar,57256,7,-,33.14.20,Kab.,Sragen,Jawa Tengah,1
171,Jenawi,57794,9,-,33.13.17,Kab.,Karanganyar,Jawa Tengah,1
172,Jepara,59411 - 59432,16,1,33.20.06,Kab.,Jepara,Jawa Tengah,1
173,Jepon,58261,25,-,33.16.08,Kab.,Blora,Jawa Tengah,1
174,Jeruklegi,53252,13,-,33.01.08,Kab.,Cilacap,Jawa Tengah,1
175,Jiken,58372,11,-,33.16.07,Kab.,Blora,Jawa Tengah,1
176,Jogonalan,57452,18,-,33.10.08,Kab.,Klaten,Jawa Tengah,1
177,Jumantono,57782,11,-,33.13.04,Kab.,Karanganyar,Jawa Tengah,1
178,Jumapolo,57716 - 57783,12,-,33.13.03,Kab.,Karanganyar,Jawa Tengah,1
179,Jumo,56256,13,-,33.23.10,Kab.,Temanggung,Jawa Tengah,1
180,Juwana,59185,29,-,33.18.08,Kab.,Pati,Jawa Tengah,1
181,Juwangi,57391,10,-,33.09.19,Kab.,Boyolali,Jawa Tengah,1
182,Juwiring,57472,19,-,33.10.14,Kab.,Klaten,Jawa Tengah,1
183,Kajen,51161,25,-,33.26.08,Kab.,Pekalongan,Jawa Tengah,1
184,Kajoran,56163 - 56414,29,-,33.08.12,Kab.,Magelang,Jawa Tengah,1
185,Kaliangkrik,56153 - 56411,20,-,33.08.13,Kab.,Magelang,Jawa Tengah,1
186,Kalibagor,53191,12,-,33.02.10,Kab.,Banyumas,Jawa Tengah,1
187,Kalibawang,56373,8,-,33.07.15,Kab.,Wonosobo,Jawa Tengah,1
188,Kalibening,53458,16,-,33.04.18,Kab.,Banjarnegara,Jawa Tengah,1
189,Kaligesing,54175,21,-,33.06.05,Kab.,Purworejo,Jawa Tengah,1
190,Kaligondang,53331 - 53391,18,-,33.03.04,Kab.,Purbalingga,Jawa Tengah,1
191,Kalijambe,57275,14,-,33.14.01,Kab.,Sragen,Jawa Tengah,1
192,Kalikajar,56372,19,-,33.07.07,Kab.,Wonosobo,Jawa Tengah,1
193,Kalikotes,57451,7,-,33.10.23,Kab.,Klaten,Jawa Tengah,1
194,Kalimanah,53321 - 53371,17,-,33.03.06,Kab.,Purbalingga,Jawa Tengah,1
195,Kalinyamatan,59462,12,-,33.20.13,Kab.,Jepara,Jawa Tengah,1
196,Kaliori,59252,23,2,33.17.09,Kab.,Rembang,Jawa Tengah,1
197,Kaliwiro,56364,21,-,33.07.04,Kab.,Wonosobo,Jawa Tengah,1
198,Kaliwungu,51372,9,-,33.24.08,Kab.,Kendal,Jawa Tengah,1
199,Kaliwungu,59332,15,-,33.19.01,Kab.,Kudus,Jawa Tengah,1
200,Kaliwungu,50221 - 50229,11,-,33.22.17,Kab.,Semarang,Jawa Tengah,1
201,Kaliwungu Selatan,51372 - 51382,8,-,33.24.20,Kab.,Kendal,Jawa Tengah,1
202,Kaloran,56282,14,-,33.23.05,Kab.,Temanggung,Jawa Tengah,1
203,Kampung Laut,53253,4,-,33.01.24,Kab.,Cilacap,Jawa Tengah,1
204,Kandangan,56281,16,-,33.23.06,Kab.,Temanggung,Jawa Tengah,1
205,Kandangserang,51163,14,-,33.26.01,Kab.,Pekalongan,Jawa Tengah,1
206,Kandeman,51261,13,-,33.25.13,Kab.,Batang,Jawa Tengah,1
207,Kangkung,51353,15,-,33.24.17,Kab.,Kendal,Jawa Tengah,1
208,Karanganom,57475,19,-,33.10.18,Kab.,Klaten,Jawa Tengah,1
209,Karanganyar,59582,17,-,33.21.09,Kab.,Demak,Jawa Tengah,1
210,Karanganyar,57711 - 57716,12,-,33.13.09,Kab.,Karanganyar,Jawa Tengah,1
211,Karanganyar,54364,11,-,33.05.20,Kab.,Kebumen,Jawa Tengah,1
212,Karanganyar,51182,15,-,33.26.07,Kab.,Pekalongan,Jawa Tengah,1
213,Karanganyar,53354,13,-,33.03.11,Kab.,Purbalingga,Jawa Tengah,1
214,Karangawen,59566,12,-,33.21.02,Kab.,Demak,Jawa Tengah,1
215,Karangdadap,51174,11,-,33.26.18,Kab.,Pekalongan,Jawa Tengah,1
216,Karangdowo,57464,19,-,33.10.13,Kab.,Klaten,Jawa Tengah,1
217,Karanggayam,54365,19,-,33.05.21,Kab.,Kebumen,Jawa Tengah,1
218,Karanggede,57311 - 57381,16,-,33.09.14,Kab.,Boyolali,Jawa Tengah,1
219,Karangjambu,53357,6,-,33.03.17,Kab.,Purbalingga,Jawa Tengah,1
220,Karangkobar,53453,13,-,33.04.13,Kab.,Banjarnegara,Jawa Tengah,1
221,Karanglewas,53161,13,-,33.02.18,Kab.,Banyumas,Jawa Tengah,1
222,Karangmalang,57221 - 57222,10,-,33.14.09,Kab.,Sragen,Jawa Tengah,1
223,Karangmoncol,53355,11,-,33.03.12,Kab.,Purbalingga,Jawa Tengah,1
224,Karangnongko,57483,14,-,33.10.10,Kab.,Klaten,Jawa Tengah,1
225,Karangpandan,57715 - 57791,11,-,33.13.08,Kab.,Karanganyar,Jawa Tengah,1
226,Karangpucung,53255,14,-,33.01.12,Kab.,Cilacap,Jawa Tengah,1
227,Karangrayung,58163,19,-,33.15.02,Kab.,Grobogan,Jawa Tengah,1
228,Karangreja,53358,7,-,33.03.10,Kab.,Purbalingga,Jawa Tengah,1
229,Karangsambung,54353,14,-,33.05.26,Kab.,Kebumen,Jawa Tengah,1
230,Karangtengah,57677,5,-,33.12.23,Kab.,Wonogiri,Jawa Tengah,1
231,Karangtengah (Karang Tengah),59561,17,-,33.21.05,Kab.,Demak,Jawa Tengah,1
232,Karimunjawa (Karimun Jawa),59455,4,26,33.20.10,Kab.,Jepara,Jawa Tengah,1
233,Kartasura,57161 - 57169,12,-,33.11.12,Kab.,Sukoharjo,Jawa Tengah,1
234,Kawunganten,53251,12,-,33.01.09,Kab.,Cilacap,Jawa Tengah,1
235,Kayen,59171,17,-,33.18.02,Kab.,Pati,Jawa Tengah,1
236,Kebakkramat,57762,10,-,33.13.14,Kab.,Karanganyar,Jawa Tengah,1
237,Kebasen,53172,12,-,33.02.05,Kab.,Banyumas,Jawa Tengah,1
238,Kebonagung,59583,14,-,33.21.14,Kab.,Demak,Jawa Tengah,1
239,Kebonarum,57486,7,-,33.10.07,Kab.,Klaten,Jawa Tengah,1
240,Kebumen,54311 - 54317,29,-,33.05.12,Kab.,Kebumen,Jawa Tengah,1
241,Kedawung,57292,10,-,33.14.04,Kab.,Sragen,Jawa Tengah,1
242,Kedu,56252,14,-,33.23.07,Kab.,Temanggung,Jawa Tengah,1
243,Kedung,59463,18,-,33.20.01,Kab.,Jepara,Jawa Tengah,1
244,Kedungbanteng (Kedung Banteng),53152,14,-,33.02.23,Kab.,Banyumas,Jawa Tengah,1
245,Kedungbanteng (Kedung Banteng),52472,10,-,33.28.08,Kab.,Tegal,Jawa Tengah,1
246,Kedungjati,58167,12,-,33.15.01,Kab.,Grobogan,Jawa Tengah,1
247,Kedungreja,53263,11,-,33.01.01,Kab.,Cilacap,Jawa Tengah,1
248,Kedungtuban,58381,17,-,33.16.04,Kab.,Blora,Jawa Tengah,1
249,Kedungwuni,51173,19,-,33.26.13,Kab.,Pekalongan,Jawa Tengah,1
250,Kejajar,56314 - 56354,16,-,33.07.13,Kab.,Wonosobo,Jawa Tengah,1
251,Kejobong,53314 - 53392,13,-,33.03.03,Kab.,Purbalingga,Jawa Tengah,1
252,Keling,59456,12,2,33.20.09,Kab.,Jepara,Jawa Tengah,1
253,Kemalang,57484,13,-,33.10.21,Kab.,Klaten,Jawa Tengah,1
254,Kemangkon,53381,19,-,33.03.01,Kab.,Purbalingga,Jawa Tengah,1
255,Kembang,59457,11,-,33.20.14,Kab.,Jepara,Jawa Tengah,1
256,Kembaran,53182,16,-,33.02.20,Kab.,Banyumas,Jawa Tengah,1
257,Kemiri,54262,40,-,33.06.12,Kab.,Purworejo,Jawa Tengah,1
258,Kemranjen,53194,15,-,33.02.06,Kab.,Banyumas,Jawa Tengah,1
259,Kemusu,57383,10,-,33.09.17,Kab.,Boyolali,Jawa Tengah,1
260,Kendal,51311 - 51319,20,-,33.24.15,Kab.,Kendal,Jawa Tengah,1
261,Kepil,56374,21,-,33.07.02,Kab.,Wonosobo,Jawa Tengah,1
262,Kerjo,57711 - 57753,10,-,33.13.16,Kab.,Karanganyar,Jawa Tengah,1
263,Kersana,52264,13,-,33.29.11,Kab.,Brebes,Jawa Tengah,1
264,Kertanegara,53351,11,-,33.03.18,Kab.,Purbalingga,Jawa Tengah,1
265,Kertek,56371,21,-,33.07.08,Kab.,Wonosobo,Jawa Tengah,1
266,Kesesi,51162,23,-,33.26.09,Kab.,Pekalongan,Jawa Tengah,1
267,Kesugihan,53274,16,-,33.01.02,Kab.,Cilacap,Jawa Tengah,1
268,Ketanggungan,52263,21,-,33.29.16,Kab.,Brebes,Jawa Tengah,1
269,Kismantoro,57696,10,-,33.12.16,Kab.,Wonogiri,Jawa Tengah,1
270,Klambu,58154,9,-,33.15.15,Kab.,Grobogan,Jawa Tengah,1
271,Klaten Selatan,57421 - 57426,12,-,33.10.26,Kab.,Klaten,Jawa Tengah,1
272,Klaten Tengah,57411 - 57419,9,-,33.10.25,Kab.,Klaten,Jawa Tengah,1
273,Klaten Utara,57432 - 57438,8,-,33.10.24,Kab.,Klaten,Jawa Tengah,1
274,Kledung,56264,13,-,33.23.17,Kab.,Temanggung,Jawa Tengah,1
275,Klego,57385,13,-,33.09.15,Kab.,Boyolali,Jawa Tengah,1
276,Klirong,54381,24,-,33.05.05,Kab.,Kebumen,Jawa Tengah,1
277,Kota Kudus (Kudus Kota),59311 - 59319,25,-,33.19.02,Kab.,Kudus,Jawa Tengah,1
278,Kradenan,58383,10,-,33.16.03,Kab.,Blora,Jawa Tengah,1
279,Kradenan,58182,14,-,33.15.07,Kab.,Grobogan,Jawa Tengah,1
280,Kragan,59273,27,-,33.17.12,Kab.,Rembang,Jawa Tengah,1
281,Kramat,52181,20,-,33.28.15,Kab.,Tegal,Jawa Tengah,1
282,Kranggan,56271,13,-,33.23.13,Kab.,Temanggung,Jawa Tengah,1
283,Kroya,53282,17,-,33.01.06,Kab.,Cilacap,Jawa Tengah,1
284,Kunduran,58255,26,-,33.16.13,Kab.,Blora,Jawa Tengah,1
285,Kutasari,53361,14,-,33.03.07,Kab.,Purbalingga,Jawa Tengah,1
286,Kutoarjo,54211 - 54251,27,-,33.06.09,Kab.,Purworejo,Jawa Tengah,1
287,Kutowinangun,54393,19,-,33.05.10,Kab.,Kebumen,Jawa Tengah,1
288,Kuwarasan,54366,22,-,33.05.16,Kab.,Kebumen,Jawa Tengah,1
289,Larangan,52262,11,-,33.29.15,Kab.,Brebes,Jawa Tengah,1
290,Lasem,59271,20,-,33.17.14,Kab.,Rembang,Jawa Tengah,1
291,Laweyan,57141 - 57149,11,-,33.72.01,Kota,Surakarta,Jawa Tengah,1
292,Lebakbarang,51183,11,-,33.26.03,Kab.,Pekalongan,Jawa Tengah,1
293,Lebaksiu,52461,15,-,33.28.06,Kab.,Tegal,Jawa Tengah,1
294,Leksono,56362,14,-,33.07.05,Kab.,Wonosobo,Jawa Tengah,1
295,Limbangan,51383,16,-,33.24.06,Kab.,Kendal,Jawa Tengah,1
296,Limpung,51271,17,-,33.25.08,Kab.,Batang,Jawa Tengah,1
297,Loano,54181,21,-,33.06.15,Kab.,Purworejo,Jawa Tengah,1
298,Losari,52255,22,-,33.29.12,Kab.,Brebes,Jawa Tengah,1
299,Lumbir,53177,10,-,33.02.01,Kab.,Banyumas,Jawa Tengah,1
300,Madukara,53482,20,-,33.04.08,Kab.,Banjarnegara,Jawa Tengah,1
301,Magelang Selatan,56123 - 56126,6,-,33.71.01,Kota,Magelang,Jawa Tengah,1
302,Magelang Tengah,56111 - 56127,6,-,33.71.03,Kota,Magelang,Jawa Tengah,1
303,Magelang Utara,56113 - 56116,5,-,33.71.02,Kota,Magelang,Jawa Tengah,1
304,Majenang,53257,17,-,33.01.14,Kab.,Cilacap,Jawa Tengah,1
305,Mandiraja,53473,16,-,33.04.03,Kab.,Banjarnegara,Jawa Tengah,1
306,Manisrenggo,57485,16,-,33.10.09,Kab.,Klaten,Jawa Tengah,1
307,Manyaran,57662,7,-,33.12.10,Kab.,Wonogiri,Jawa Tengah,1
308,Maos,53272,10,-,33.01.07,Kab.,Cilacap,Jawa Tengah,1
309,Margadana,52141 - 52147,7,-,33.76.04,Kota,Tegal,Jawa Tengah,1
310,Margasari,52463,13,-,33.28.01,Kab.,Tegal,Jawa Tengah,1
311,Margorejo,59163,18,-,33.18.12,Kab.,Pati,Jawa Tengah,1
312,Margoyoso,59154,22,-,33.18.16,Kab.,Pati,Jawa Tengah,1
313,Masaran,57282,13,-,33.14.03,Kab.,Sragen,Jawa Tengah,1
314,Matesih,57781,9,-,33.13.05,Kab.,Karanganyar,Jawa Tengah,1
315,Mayong,59465,18,-,33.20.04,Kab.,Jepara,Jawa Tengah,1
316,Mejobo,59381,11,-,33.19.05,Kab.,Kudus,Jawa Tengah,1
317,Mertoyudan,56172,13,-,33.08.10,Kab.,Magelang,Jawa Tengah,1
318,Mijen,59584,15,-,33.21.10,Kab.,Demak,Jawa Tengah,1
319,Mijen,50211 - 50519,14,-,33.74.14,Kota,Semarang,Jawa Tengah,1
320,Miri,57276,10,-,33.14.14,Kab.,Sragen,Jawa Tengah,1
321,Mirit,54396,22,-,33.05.08,Kab.,Kebumen,Jawa Tengah,1
322,Mlonggo,59452,8,-,33.20.07,Kab.,Jepara,Jawa Tengah,1
323,Moga,52354,10,-,33.27.01,Kab.,Pemalang,Jawa Tengah,1
324,Mojogedang,57716 - 57752,13,-,33.13.15,Kab.,Karanganyar,Jawa Tengah,1
325,Mojolaban,57554,15,-,33.11.08,Kab.,Sukoharjo,Jawa Tengah,1
326,Mojosongo,57321 - 57323,13,-,33.09.06,Kab.,Boyolali,Jawa Tengah,1
327,Mojotengah,56351,19,-,33.07.11,Kab.,Wonosobo,Jawa Tengah,1
328,Mondokan,57271,9,-,33.14.16,Kab.,Sragen,Jawa Tengah,1
329,Mranggen,59567,19,-,33.21.01,Kab.,Demak,Jawa Tengah,1
330,Mrebet,53352,19,-,33.03.08,Kab.,Purbalingga,Jawa Tengah,1
331,Mungkid,56511 - 56512,16,-,33.08.09,Kab.,Magelang,Jawa Tengah,1
332,Muntilan,56411 - 56415,14,-,33.08.08,Kab.,Magelang,Jawa Tengah,1
333,Musuk,57331,10,-,33.09.04,Kab.,Boyolali,Jawa Tengah,1
334,Nalumsari,59466,15,-,33.20.12,Kab.,Jepara,Jawa Tengah,1
335,Ngablak,56194,16,-,33.08.17,Kab.,Magelang,Jawa Tengah,1
336,Ngadirejo,56255,20,-,33.23.09,Kab.,Temanggung,Jawa Tengah,1
337,Ngadirojo,57681,11,-,33.12.13,Kab.,Wonogiri,Jawa Tengah,1
338,Ngaliyan,50181 - 50244,10,-,33.74.15,Kota,Semarang,Jawa Tengah,1
339,Ngampel,51357,12,-,33.24.19,Kab.,Kendal,Jawa Tengah,1
340,Ngargoyoso,57731 - 57793,9,-,33.13.07,Kab.,Karanganyar,Jawa Tengah,1
341,Ngaringan,58193,12,-,33.15.09,Kab.,Grobogan,Jawa Tengah,1
342,Ngawen,58254,29,-,33.16.12,Kab.,Blora,Jawa Tengah,1
343,Ngawen,57466,13,-,33.10.22,Kab.,Klaten,Jawa Tengah,1
344,Ngemplak,57375,12,-,33.09.11,Kab.,Boyolali,Jawa Tengah,1
345,Ngluwar,56485,8,-,33.08.03,Kab.,Magelang,Jawa Tengah,1
346,Ngombol,54172,57,-,33.06.02,Kab.,Purworejo,Jawa Tengah,1
347,Ngrampal,57252,8,-,33.14.08,Kab.,Sragen,Jawa Tengah,1
348,Nguntoronadi,57671,11,-,33.12.06,Kab.,Wonogiri,Jawa Tengah,1
349,Nguter,57571,16,-,33.11.05,Kab.,Sukoharjo,Jawa Tengah,1
350,Nogosari,57378,13,-,33.09.12,Kab.,Boyolali,Jawa Tengah,1
351,Nusawungu,53283,17,-,33.01.05,Kab.,Cilacap,Jawa Tengah,1
352,Pabelan,50771,17,-,33.22.05,Kab.,Semarang,Jawa Tengah,1
353,Padamara,53372,14,-,33.03.15,Kab.,Purbalingga,Jawa Tengah,1
354,Padureso,54394,9,-,33.05.24,Kab.,Kebumen,Jawa Tengah,1
355,Pagedongan,53418,9,-,33.04.20,Kab.,Banjarnegara,Jawa Tengah,1
356,Pagentan,53455,16,-,33.04.14,Kab.,Banjarnegara,Jawa Tengah,1
357,Pagerbarang,52462,13,-,33.28.05,Kab.,Tegal,Jawa Tengah,1
358,Pageruyung (Pagerruyung),51361,14,-,33.24.02,Kab.,Kendal,Jawa Tengah,1
359,Paguyangan,52276,12,-,33.29.04,Kab.,Brebes,Jawa Tengah,1
360,Pakis,56193,20,-,33.08.16,Kab.,Magelang,Jawa Tengah,1
361,Pakis Aji,59450,8,-,33.20.15,Kab.,Jepara,Jawa Tengah,1
362,Pamotan,59261,23,-,33.17.07,Kab.,Rembang,Jawa Tengah,1
363,Pancur,59262,23,-,33.17.11,Kab.,Rembang,Jawa Tengah,1
364,Pandanarum,53459,8,-,33.04.19,Kab.,Banjarnegara,Jawa Tengah,1
365,Pangkah,52471,23,-,33.28.09,Kab.,Tegal,Jawa Tengah,1
366,Paninggaran,51164,15,-,33.26.02,Kab.,Pekalongan,Jawa Tengah,1
367,Parakan,56254,16,-,33.23.08,Kab.,Temanggung,Jawa Tengah,1
368,Paranggupito,57679,8,-,33.12.24,Kab.,Wonogiri,Jawa Tengah,1
369,Pasar Kliwon,57116 - 57199,10,-,33.72.03,Kota,Surakarta,Jawa Tengah,1
370,Patean,51364,14,-,33.24.04,Kab.,Kendal,Jawa Tengah,1
371,Patebon,51351,18,-,33.24.14,Kab.,Kendal,Jawa Tengah,1
372,Pati,59111 - 59119,29,-,33.18.10,Kab.,Pati,Jawa Tengah,1
373,Patikraja,53171,13,-,33.02.12,Kab.,Banyumas,Jawa Tengah,1
374,Patimuan,53264,7,-,33.01.19,Kab.,Cilacap,Jawa Tengah,1
375,Pecalungan,51262,10,-,33.25.14,Kab.,Batang,Jawa Tengah,1
376,Pecangaan,59460,12,-,33.20.02,Kab.,Jepara,Jawa Tengah,1
377,Pedan,57468,14,-,33.10.12,Kab.,Klaten,Jawa Tengah,1
378,Pedurungan,50113 - 50246,12,-,33.74.06,Kota,Semarang,Jawa Tengah,1
379,Pegandon,51358,12,-,33.24.10,Kab.,Kendal,Jawa Tengah,1
380,Pejagoan,54361,13,-,33.05.13,Kab.,Kebumen,Jawa Tengah,1
381,Pejawaran,53454,17,-,33.04.15,Kab.,Banjarnegara,Jawa Tengah,1
382,Pekalongan Barat,51111 - 51151,7,-,33.75.01,Kota,Pekalongan,Jawa Tengah,1
383,Pekalongan Selatan,51132 - 51171,6,-,33.75.04,Kota,Pekalongan,Jawa Tengah,1
384,Pekalongan Timur,51122 - 51129,7,-,33.75.02,Kota,Pekalongan,Jawa Tengah,1
385,Pekalongan Utara,51141 - 51149,7,-,33.75.03,Kota,Pekalongan,Jawa Tengah,1
386,Pekuncen,53164,16,-,33.02.16,Kab.,Banyumas,Jawa Tengah,1
387,Pemalang,52311 - 52319,20,-,33.27.08,Kab.,Pemalang,Jawa Tengah,1
388,Penawangan,58161,20,-,33.15.03,Kab.,Grobogan,Jawa Tengah,1
389,Pengadegan,53393,9,-,33.03.16,Kab.,Purbalingga,Jawa Tengah,1
390,Petanahan,54382,21,-,33.05.04,Kab.,Kebumen,Jawa Tengah,1
391,Petarukan,52362,20,-,33.27.10,Kab.,Pemalang,Jawa Tengah,1
392,Petungkriyono (Petungkriono),51193,9,-,33.26.04,Kab.,Pekalongan,Jawa Tengah,1
393,Pituruh,54263,49,-,33.06.11,Kab.,Purworejo,Jawa Tengah,1
394,Plantungan,51362,12,-,33.24.01,Kab.,Kendal,Jawa Tengah,1
395,Plupuh,57283,16,-,33.14.02,Kab.,Sragen,Jawa Tengah,1
396,Polanharjo,57474,18,-,33.10.17,Kab.,Klaten,Jawa Tengah,1
397,Polokarto,57513 - 57555,17,-,33.11.07,Kab.,Sukoharjo,Jawa Tengah,1
398,Poncowarno,54390,11,-,33.05.25,Kab.,Kebumen,Jawa Tengah,1
399,Pracimantoro,57664,18,-,33.12.01,Kab.,Wonogiri,Jawa Tengah,1
400,Prambanan,57454,16,-,33.10.01,Kab.,Klaten,Jawa Tengah,1
401,Prembun,54397,13,-,33.05.09,Kab.,Kebumen,Jawa Tengah,1
402,Pringapus,50212 - 50552,9,-,33.22.15,Kab.,Semarang,Jawa Tengah,1
403,Pringsurat,56272,14,-,33.23.04,Kab.,Temanggung,Jawa Tengah,1
404,Pucakwangi,59183,20,-,33.18.05,Kab.,Pati,Jawa Tengah,1
405,Puhpelem,57698,6,-,33.12.25,Kab.,Wonogiri,Jawa Tengah,1
406,Pulokulon,58181,13,-,33.15.06,Kab.,Grobogan,Jawa Tengah,1
407,Pulosari,52355,12,-,33.27.02,Kab.,Pemalang,Jawa Tengah,1
408,Punggelan,53462,17,-,33.04.12,Kab.,Banjarnegara,Jawa Tengah,1
409,Purbalingga,53311 - 53319,13,-,33.03.05,Kab.,Purbalingga,Jawa Tengah,1
410,Puring,54383,23,-,33.05.03,Kab.,Kebumen,Jawa Tengah,1
411,Purwanegara (Purwonegoro),53472,13,-,33.04.04,Kab.,Banjarnegara,Jawa Tengah,1
412,Purwantoro,57695,15,-,33.12.17,Kab.,Wonogiri,Jawa Tengah,1
413,Purwodadi,58111 - 58114,17,-,33.15.13,Kab.,Grobogan,Jawa Tengah,1
414,Purwodadi,54173,40,-,33.06.03,Kab.,Purworejo,Jawa Tengah,1
415,Purwojati,53175,10,-,33.02.13,Kab.,Banyumas,Jawa Tengah,1
416,Purwokerto Barat,53131 - 53137,7,-,33.02.25,Kab.,Banyumas,Jawa Tengah,1
417,Purwokerto Selatan,53141 - 53147,7,-,33.02.24,Kab.,Banyumas,Jawa Tengah,1
418,Purwokerto Timur,53111 - 53116,6,-,33.02.26,Kab.,Banyumas,Jawa Tengah,1
419,Purwokerto Utara,53121 - 53127,7,-,33.02.27,Kab.,Banyumas,Jawa Tengah,1
420,Purworeja Klampok (Purworejo Klampok),53474,8,-,33.04.02,Kab.,Banjarnegara,Jawa Tengah,1
421,Purworejo,54112 - 54151,25,-,33.06.06,Kab.,Purworejo,Jawa Tengah,1
422,Rakit,53463,11,-,33.04.11,Kab.,Banjarnegara,Jawa Tengah,1
423,Randublatung,58382,18,-,33.16.02,Kab.,Blora,Jawa Tengah,1
424,Randudongkal,52353,18,-,33.27.07,Kab.,Pemalang,Jawa Tengah,1
425,Rawalo,53173,9,-,33.02.04,Kab.,Banyumas,Jawa Tengah,1
426,Reban,51273,19,-,33.25.04,Kab.,Batang,Jawa Tengah,1
427,Rembang,53356,12,-,33.03.13,Kab.,Purbalingga,Jawa Tengah,1
428,Rembang,59211 - 59219,34,1,33.17.10,Kab.,Rembang,Jawa Tengah,1
429,Ringinarum,51359,12,-,33.24.18,Kab.,Kendal,Jawa Tengah,1
430,Rowokele,54472,11,-,33.05.17,Kab.,Kebumen,Jawa Tengah,1
431,Rowosari,51319 - 51354,16,-,33.24.16,Kab.,Kendal,Jawa Tengah,1
432,Sadang,54354,7,-,33.05.22,Kab.,Kebumen,Jawa Tengah,1
433,Salam,56484,12,-,33.08.04,Kab.,Magelang,Jawa Tengah,1
434,Salaman,56126 - 56162,20,-,33.08.01,Kab.,Magelang,Jawa Tengah,1
435,Sale,59265,15,-,33.17.04,Kab.,Rembang,Jawa Tengah,1
436,Salem,52275,21,-,33.29.01,Kab.,Brebes,Jawa Tengah,1
437,Sambi,57376,16,-,33.09.10,Kab.,Boyolali,Jawa Tengah,1
438,Sambirejo,57293,9,-,33.14.05,Kab.,Sragen,Jawa Tengah,1
439,Sambong,58371,10,-,33.16.06,Kab.,Blora,Jawa Tengah,1
440,Sambungmacan (Sambung Macan),57253,9,-,33.14.07,Kab.,Sragen,Jawa Tengah,1
441,Sampang,53273,10,-,33.01.17,Kab.,Cilacap,Jawa Tengah,1
442,Sapuran,56375,17,-,33.07.03,Kab.,Wonosobo,Jawa Tengah,1
443,Sarang,59274,23,-,33.17.05,Kab.,Rembang,Jawa Tengah,1
444,Sawangan,56411 - 56481,15,-,33.08.07,Kab.,Magelang,Jawa Tengah,1
445,Sawit,57374,12,-,33.09.08,Kab.,Boyolali,Jawa Tengah,1
446,Sayung,59563,20,-,33.21.04,Kab.,Demak,Jawa Tengah,1
447,Secang,56195,20,-,33.08.20,Kab.,Magelang,Jawa Tengah,1
448,Sedan,59264,21,-,33.17.06,Kab.,Rembang,Jawa Tengah,1
449,Selo,57363,10,-,33.09.01,Kab.,Boyolali,Jawa Tengah,1
450,Selogiri,57652,11,-,33.12.11,Kab.,Wonogiri,Jawa Tengah,1
451,Selomerto,56361,24,-,33.07.06,Kab.,Wonosobo,Jawa Tengah,1
452,Selopampang,56262,12,-,33.23.15,Kab.,Temanggung,Jawa Tengah,1
453,Semarang Barat,50141 - 50183,16,-,33.74.13,Kota,Semarang,Jawa Tengah,1
454,Semarang Selatan,50241 - 50249,10,-,33.74.07,Kota,Semarang,Jawa Tengah,1
455,Semarang Tengah,50131 - 50613,15,-,33.74.01,Kota,Semarang,Jawa Tengah,1
456,Semarang Timur,50122 - 50232,10,-,33.74.03,Kota,Semarang,Jawa Tengah,1
457,Semarang Utara,50171 - 50179,9,-,33.74.02,Kota,Semarang,Jawa Tengah,1
458,Sempor,54421,16,-,33.05.18,Kab.,Kebumen,Jawa Tengah,1
459,Serengan,57151 - 57157,7,-,33.72.02,Kota,Surakarta,Jawa Tengah,1
460,Sidareja,53261,10,-,33.01.11,Kab.,Cilacap,Jawa Tengah,1
461,Sidoharjo,57281,12,-,33.14.11,Kab.,Sragen,Jawa Tengah,1
462,Sidoharjo,57682,12,-,33.12.14,Kab.,Wonogiri,Jawa Tengah,1
463,Sidomukti,50721 - 50724,4,-,33.73.04,Kota,Salatiga,Jawa Tengah,1
464,Sidorejo,50711 - 50716,6,-,33.73.01,Kota,Salatiga,Jawa Tengah,1
465,Sigaluh,53481,15,-,33.04.07,Kab.,Banjarnegara,Jawa Tengah,1
466,Simo,57377,13,-,33.09.13,Kab.,Boyolali,Jawa Tengah,1
467,Singorojo,51382,13,-,33.24.05,Kab.,Kendal,Jawa Tengah,1
468,Sirampog,52272,13,-,33.29.05,Kab.,Brebes,Jawa Tengah,1
469,Siwalan,51137,13,-,33.26.17,Kab.,Pekalongan,Jawa Tengah,1
470,Slawi,52411 - 52419,10,-,33.28.10,Kab.,Tegal,Jawa Tengah,1
471,Slogohimo,57694,17,-,33.12.19,Kab.,Wonogiri,Jawa Tengah,1
472,Sluke,59272,14,-,33.17.13,Kab.,Rembang,Jawa Tengah,1
473,Sokaraja,53181,18,-,33.02.19,Kab.,Banyumas,Jawa Tengah,1
474,Somagede,53193,9,-,33.02.09,Kab.,Banyumas,Jawa Tengah,1
475,Songgom,52266,10,-,33.29.10,Kab.,Brebes,Jawa Tengah,1
476,Sragen,57211 - 57216,8,-,33.14.10,Kab.,Sragen,Jawa Tengah,1
477,Sragi,51155,17,-,33.26.10,Kab.,Pekalongan,Jawa Tengah,1
478,Srumbung,56483,17,-,33.08.05,Kab.,Magelang,Jawa Tengah,1
479,Sruweng,54362,21,-,33.05.14,Kab.,Kebumen,Jawa Tengah,1
480,Subah,51263,17,-,33.25.09,Kab.,Batang,Jawa Tengah,1
481,Sukodono,57263,9,-,33.14.17,Kab.,Sragen,Jawa Tengah,1
482,Sukoharjo,57511 - 57551,14,-,33.11.04,Kab.,Sukoharjo,Jawa Tengah,1
483,Sukoharjo,56363,17,-,33.07.14,Kab.,Wonosobo,Jawa Tengah,1
484,Sukolilo,59172,16,-,33.18.01,Kab.,Pati,Jawa Tengah,1
485,Sukorejo,51363,18,-,33.24.03,Kab.,Kendal,Jawa Tengah,1
486,Sulang,59254,21,-,33.17.08,Kab.,Rembang,Jawa Tengah,1
487,Sumbang,53183,19,-,33.02.21,Kab.,Banyumas,Jawa Tengah,1
488,Sumber,59253,18,-,33.17.01,Kab.,Rembang,Jawa Tengah,1
489,Sumberlawang,57272,11,-,33.14.15,Kab.,Sragen,Jawa Tengah,1
490,Sumowono,50123 - 50662,16,-,33.22.09,Kab.,Semarang,Jawa Tengah,1
491,Sumpiuh,53195,14,-,33.02.07,Kab.,Banyumas,Jawa Tengah,1
492,Suradadi (Surodadi),52182,11,-,33.28.16,Kab.,Tegal,Jawa Tengah,1
493,Suruh,50186 - 50776,17,-,33.22.04,Kab.,Semarang,Jawa Tengah,1
494,Susukan,53475,15,-,33.04.01,Kab.,Banjarnegara,Jawa Tengah,1
495,Susukan,50777,13,-,33.22.03,Kab.,Semarang,Jawa Tengah,1
496,Tahunan,59421 - 59451,15,-,33.20.11,Kab.,Jepara,Jawa Tengah,1
497,Talang,52193,19,-,33.28.12,Kab.,Tegal,Jawa Tengah,1
498,Talun,51192,10,-,33.26.05,Kab.,Pekalongan,Jawa Tengah,1
499,Taman,52361,21,-,33.27.09,Kab.,Pemalang,Jawa Tengah,1
500,Tamansari,57331,10,-,33.09.21,Kab.,Boyolali,Jawa Tengah,1
501,Tambak,53196,12,-,33.02.08,Kab.,Banyumas,Jawa Tengah,1
502,Tambakromo,59174,18,-,33.18.03,Kab.,Pati,Jawa Tengah,1
503,Tangen,57261,7,-,33.14.19,Kab.,Sragen,Jawa Tengah,1
504,Tanggungharjo,58166,9,-,33.15.19,Kab.,Grobogan,Jawa Tengah,1
505,Tanjung,52254,18,-,33.29.13,Kab.,Brebes,Jawa Tengah,1
506,Tanon,57277,16,-,33.14.12,Kab.,Sragen,Jawa Tengah,1
507,Tarub,52184,20,-,33.28.14,Kab.,Tegal,Jawa Tengah,1
508,Tasikmadu,57721 - 57722,10,-,33.13.10,Kab.,Karanganyar,Jawa Tengah,1
509,Tawangharjo,58191,10,-,33.15.11,Kab.,Grobogan,Jawa Tengah,1
510,Tawangmangu,57792,10,-,33.13.06,Kab.,Karanganyar,Jawa Tengah,1
511,Tawangsari,57561,12,-,33.11.03,Kab.,Sukoharjo,Jawa Tengah,1
512,Tayu,59155,21,-,33.18.19,Kab.,Pati,Jawa Tengah,1
513,Tegal Barat,52111 - 52125,7,-,33.76.01,Kota,Tegal,Jawa Tengah,1
514,Tegal Selatan,52131 - 52138,8,-,33.76.03,Kota,Tegal,Jawa Tengah,1
515,Tegal Timur,52121 - 52125,5,-,33.76.02,Kota,Tegal,Jawa Tengah,1
516,Tegalrejo,56192,21,-,33.08.19,Kab.,Magelang,Jawa Tengah,1
517,Tegowanu,58165,18,-,33.15.18,Kab.,Grobogan,Jawa Tengah,1
518,Temanggung,56211 - 56229,25,-,33.23.03,Kab.,Temanggung,Jawa Tengah,1
519,Tembalang,50271 - 50279,12,-,33.74.10,Kota,Semarang,Jawa Tengah,1
520,Tembarak,56261,13,-,33.23.02,Kab.,Temanggung,Jawa Tengah,1
521,Tempuran,56161,15,-,33.08.11,Kab.,Magelang,Jawa Tengah,1
522,Tengaran,50225 - 50775,15,-,33.22.02,Kab.,Semarang,Jawa Tengah,1
523,Teras,57372,13,-,33.09.07,Kab.,Boyolali,Jawa Tengah,1
524,Tersono,51272,20,-,33.25.06,Kab.,Batang,Jawa Tengah,1
525,Tingkir,50741 - 50746,7,-,33.73.02,Kota,Salatiga,Jawa Tengah,1
526,Tirto,51151 - 51182,16,-,33.26.15,Kab.,Pekalongan,Jawa Tengah,1
527,Tirtomoyo,57672,14,-,33.12.05,Kab.,Wonogiri,Jawa Tengah,1
528,Tlogomulyo,56263,12,-,33.23.14,Kab.,Temanggung,Jawa Tengah,1
529,Tlogowungu,59161,15,-,33.18.14,Kab.,Pati,Jawa Tengah,1
530,Todanan,58256,25,-,33.16.14,Kab.,Blora,Jawa Tengah,1
531,Tonjong,52271,14,-,33.29.06,Kab.,Brebes,Jawa Tengah,1
532,Toroh,58171,16,-,33.15.04,Kab.,Grobogan,Jawa Tengah,1
533,Trangkil,59153,16,-,33.18.21,Kab.,Pati,Jawa Tengah,1
534,Tretep,56259,11,-,33.23.11,Kab.,Temanggung,Jawa Tengah,1
535,Trucuk,57467 - 57473,18,-,33.10.06,Kab.,Klaten,Jawa Tengah,1
536,Tugu,50151 - 50185,7,-,33.74.16,Kota,Semarang,Jawa Tengah,1
537,Tulis,51254 - 51263,17,-,33.25.10,Kab.,Batang,Jawa Tengah,1
538,Tulung,57482,18,-,33.10.19,Kab.,Klaten,Jawa Tengah,1
539,Tunjungan,58252,15,-,33.16.10,Kab.,Blora,Jawa Tengah,1
540,Tuntang,50131 - 50773,16,-,33.22.06,Kab.,Semarang,Jawa Tengah,1
541,Ulujami,52371,18,-,33.27.13,Kab.,Pemalang,Jawa Tengah,1
542,Undaan,59372,16,-,33.19.04,Kab.,Kudus,Jawa Tengah,1
543,Ungaran Barat,50511 - 50551,11,-,33.22.18,Kab.,Semarang,Jawa Tengah,1
544,Ungaran Timur,50514 - 50519,10,-,33.22.19,Kab.,Semarang,Jawa Tengah,1
545,Wadaslintang,56365,17,-,33.07.01,Kab.,Wonosobo,Jawa Tengah,1
546,Wanadadi (Wonodadi),53461,11,-,33.04.10,Kab.,Banjarnegara,Jawa Tengah,1
547,Wanareja,53222 - 53265,16,-,33.01.15,Kab.,Cilacap,Jawa Tengah,1
548,Wanasari,52221 - 52252,20,-,33.29.08,Kab.,Brebes,Jawa Tengah,1
549,Wanayasa,53457,17,-,33.04.17,Kab.,Banjarnegara,Jawa Tengah,1
550,Wangon,53176,12,-,33.02.02,Kab.,Banyumas,Jawa Tengah,1
551,Warungasem,51252,18,-,33.25.12,Kab.,Batang,Jawa Tengah,1
552,Warungpring,52358,6,-,33.27.14,Kab.,Pemalang,Jawa Tengah,1
553,Warureja (Warurejo),52183,12,-,33.28.17,Kab.,Tegal,Jawa Tengah,1
554,Watukumpul,52357,15,-,33.27.04,Kab.,Pemalang,Jawa Tengah,1
555,Watumalang,56352,16,-,33.07.10,Kab.,Wonosobo,Jawa Tengah,1
556,Wedarijaksa,59152,18,-,33.18.15,Kab.,Pati,Jawa Tengah,1
557,Wedi,57461,19,-,33.10.03,Kab.,Klaten,Jawa Tengah,1
558,Wedung,59554,20,-,33.21.13,Kab.,Demak,Jawa Tengah,1
559,Welahan,59464,15,-,33.20.03,Kab.,Jepara,Jawa Tengah,1
560,Weleri,51355,16,-,33.24.12,Kab.,Kendal,Jawa Tengah,1
561,Weru,57562,13,-,33.11.01,Kab.,Sukoharjo,Jawa Tengah,1
562,Windusari,56152,20,-,33.08.21,Kab.,Magelang,Jawa Tengah,1
563,Winong,59181,30,-,33.18.04,Kab.,Pati,Jawa Tengah,1
564,Wiradesa,51127 - 51152,16,-,33.26.16,Kab.,Pekalongan,Jawa Tengah,1
565,Wirosari,58192,14,-,33.15.10,Kab.,Grobogan,Jawa Tengah,1
566,Wonoboyo,56266,13,-,33.23.19,Kab.,Temanggung,Jawa Tengah,1
567,Wonogiri,57611 - 57615,15,-,33.12.12,Kab.,Wonogiri,Jawa Tengah,1
568,Wonokerto,51153,11,-,33.26.19,Kab.,Pekalongan,Jawa Tengah,1
569,Wonopringgo,51181,14,-,33.26.12,Kab.,Pekalongan,Jawa Tengah,1
570,Wonosalam,59571,21,-,33.21.06,Kab.,Demak,Jawa Tengah,1
571,Wonosamodro,57382,10,-,33.09.22,Kab.,Boyolali,Jawa Tengah,1
572,Wonosari,57473,18,-,33.10.15,Kab.,Klaten,Jawa Tengah,1
573,Wonosegoro,57382,11,-,33.09.18,Kab.,Boyolali,Jawa Tengah,1
574,Wonosobo,56311 - 56319,20,-,33.07.09,Kab.,Wonosobo,Jawa Tengah,1
575,Wonotunggal,51253,15,-,33.25.01,Kab.,Batang,Jawa Tengah,1
576,Wuryantoro,57661,8,-,33.12.09,Kab.,Wonogiri,Jawa Tengah,1
1,Alalak,70582,18,2,63.04.05,Kab.,Barito Kuala,Kalimantan Selatan,1
2,Aluh Aluh,70655,19,3,63.03.01,Kab.,Banjar,Kalimantan Selatan,1
3,Amuntai Selatan,71452,30,-,63.08.04,Kab.,Hulu Sungai Utara,Kalimantan Selatan,1
4,Amuntai Tengah,71412 - 71419,29,-,63.08.05,Kab.,Hulu Sungai Utara,Kalimantan Selatan,1
5,Amuntai Utara,71471,26,-,63.08.06,Kab.,Hulu Sungai Utara,Kalimantan Selatan,1
6,Angkinang,71291,11,-,63.06.04,Kab.,Hulu Sungai Selatan,Kalimantan Selatan,1
7,Angsana,72275,9,-,63.10.09,Kab.,Tanah Bumbu,Kalimantan Selatan,1
8,Anjir Muara,70564,15,1,63.04.04,Kab.,Barito Kuala,Kalimantan Selatan,1
9,Anjir Pasar,70565,15,-,63.04.03,Kab.,Barito Kuala,Kalimantan Selatan,1
10,Aranio,70671,12,-,63.03.11,Kab.,Banjar,Kalimantan Selatan,1
11,Astambul,70670,22,-,63.03.07,Kab.,Banjar,Kalimantan Selatan,1
12,Awayan,71664,23,-,63.11.03,Kab.,Balangan,Kalimantan Selatan,1
13,Babirik,71454,23,-,63.08.02,Kab.,Hulu Sungai Utara,Kalimantan Selatan,1
14,Bajuin,70815,9,-,63.01.10,Kab.,Tanah Laut,Kalimantan Selatan,1
15,Bakarangan,71152,12,-,63.05.07,Kab.,Tapin,Kalimantan Selatan,1
16,Bakumpai,70512 - 70513,9,-,63.04.10,Kab.,Barito Kuala,Kalimantan Selatan,1
17,Banjang,71416,20,-,63.08.07,Kab.,Hulu Sungai Utara,Kalimantan Selatan,1
18,Banjarbaru Selatan (Banjar Baru Selatan),70713 - 70714,4,-,63.72.05,Kota,Banjarbaru,Kalimantan Selatan,1
19,Banjarbaru Utara (Banjar Baru Utara),70714,4,-,63.72.04,Kota,Banjarbaru,Kalimantan Selatan,1
20,Banjarmasin Barat,70112 - 70245,9,-,63.71.03,Kota,Banjarmasin,Kalimantan Selatan,1
21,Banjarmasin Selatan,70241 - 70249,12,1,63.71.01,Kota,Banjarmasin,Kalimantan Selatan,1
22,Banjarmasin Tengah,70111 - 70241,12,-,63.71.05,Kota,Banjarmasin,Kalimantan Selatan,1
23,Banjarmasin Timur,70234 - 70239,9,-,63.71.02,Kota,Banjarmasin,Kalimantan Selatan,1
24,Banjarmasin Utara,70121 - 70127,10,-,63.71.04,Kota,Banjarmasin,Kalimantan Selatan,1
25,Banua Lawas,71553 - 72167,15,-,63.09.01,Kab.,Tabalong,Kalimantan Selatan,1
26,Barabai,71311 - 71315,18,-,63.07.06,Kab.,Hulu Sungai Tengah,Kalimantan Selatan,1
27,Barambai,70562,11,-,63.04.14,Kab.,Barito Kuala,Kalimantan Selatan,1
28,Batang Alai Selatan,71381,19,-,63.07.07,Kab.,Hulu Sungai Tengah,Kalimantan Selatan,1
29,Batang Alai Timur,71382,11,-,63.07.10,Kab.,Hulu Sungai Tengah,Kalimantan Selatan,1
30,Batang Alai Utara,71391,14,-,63.07.08,Kab.,Hulu Sungai Tengah,Kalimantan Selatan,1
31,Bati Bati,70852,14,-,63.01.05,Kab.,Tanah Laut,Kalimantan Selatan,1
32,Batu Ampar,70882,14,-,63.01.09,Kab.,Tanah Laut,Kalimantan Selatan,1
33,Batu Benawa,71371,14,-,63.07.02,Kab.,Hulu Sungai Tengah,Kalimantan Selatan,1
34,Batu Licin (Batulicin),72211 - 72273,9,2,63.10.01,Kab.,Tanah Bumbu,Kalimantan Selatan,1
35,Batu Mandi,71663,18,-,63.11.04,Kab.,Balangan,Kalimantan Selatan,1
36,Belawang,70563,13,-,63.04.08,Kab.,Barito Kuala,Kalimantan Selatan,1
37,Beruntung Baru,70656,12,-,63.03.13,Kab.,Banjar,Kalimantan Selatan,1
38,Bintang Ara,71572,9,-,63.09.12,Kab.,Tabalong,Kalimantan Selatan,1
39,Binuang,71183,11,-,63.05.01,Kab.,Tapin,Kalimantan Selatan,1
40,Bumi Makmur,70853,11,-,63.01.11,Kab.,Tanah Laut,Kalimantan Selatan,1
41,Bungur,71153,12,-,63.05.09,Kab.,Tapin,Kalimantan Selatan,1
42,Candi Laras Selatan,71162,12,-,63.05.05,Kab.,Tapin,Kalimantan Selatan,1
43,Candi Laras Utara,71171,13,-,63.05.06,Kab.,Tapin,Kalimantan Selatan,1
44,Cempaka,70731 - 70734,4,-,63.72.03,Kota,Banjarbaru,Kalimantan Selatan,1
45,Cerbon,70571,8,-,63.04.09,Kab.,Barito Kuala,Kalimantan Selatan,1
46,Cintapuri Darussalam,70676,11,-,63.03.20,Kab.,Banjar,Kalimantan Selatan,1
47,Daha Barat,71252,7,-,63.06.11,Kab.,Hulu Sungai Selatan,Kalimantan Selatan,1
48,Daha Selatan,71251,16,-,63.06.07,Kab.,Hulu Sungai Selatan,Kalimantan Selatan,1
49,Daha Utara,71253,19,-,63.06.08,Kab.,Hulu Sungai Selatan,Kalimantan Selatan,1
50,Danau Panggang,71453,16,-,63.08.01,Kab.,Hulu Sungai Utara,Kalimantan Selatan,1
51,Gambut,70652,14,-,63.03.03,Kab.,Banjar,Kalimantan Selatan,1
52,Halong,71666,24,-,63.11.02,Kab.,Balangan,Kalimantan Selatan,1
53,Hampang,72163,9,-,63.02.14,Kab.,Kotabaru,Kalimantan Selatan,1
54,Hantakan,71372,12,-,63.07.09,Kab.,Hulu Sungai Tengah,Kalimantan Selatan,1
55,Haruai,71570,13,-,63.09.05,Kab.,Tabalong,Kalimantan Selatan,1
56,Haruyan,71363,17,-,63.07.01,Kab.,Hulu Sungai Tengah,Kalimantan Selatan,1
57,Hatungun,71184,8,-,63.05.12,Kab.,Tapin,Kalimantan Selatan,1
58,Haur Gading,71472,18,-,63.08.08,Kab.,Hulu Sungai Utara,Kalimantan Selatan,1
59,Jaro,71574,9,-,63.09.11,Kab.,Tabalong,Kalimantan Selatan,1
60,Jejangkit,70581,7,-,63.04.17,Kab.,Barito Kuala,Kalimantan Selatan,1
61,Jorong,70881,11,-,63.01.02,Kab.,Tanah Laut,Kalimantan Selatan,1
62,Juai,71665,21,-,63.11.01,Kab.,Balangan,Kalimantan Selatan,1
63,Kalumpang (Kelumpang),71262,9,-,63.06.09,Kab.,Hulu Sungai Selatan,Kalimantan Selatan,1
64,Kandangan,71211 - 71217,18,-,63.06.05,Kab.,Hulu Sungai Selatan,Kalimantan Selatan,1
65,Karang Bintang,72210,12,-,63.10.07,Kab.,Tanah Bumbu,Kalimantan Selatan,1
66,Karang Intan,70661,26,-,63.03.06,Kab.,Banjar,Kalimantan Selatan,1
67,Kelua (Klua),71552,12,-,63.09.02,Kab.,Tabalong,Kalimantan Selatan,1
68,Kelumpang Barat,72164 - 72167,6,17,63.02.18,Kab.,Kotabaru,Kalimantan Selatan,1
69,Kelumpang Hilir,72161,9,2,63.02.17,Kab.,Kotabaru,Kalimantan Selatan,1
70,Kelumpang Hulu,72162,10,5,63.02.08,Kab.,Kotabaru,Kalimantan Selatan,1
71,Kelumpang Selatan,72160,9,4,63.02.07,Kab.,Kotabaru,Kalimantan Selatan,1
72,Kelumpang Tengah,72164,13,5,63.02.09,Kab.,Kotabaru,Kalimantan Selatan,1
73,Kelumpang Utara,72165,7,-,63.02.10,Kab.,Kotabaru,Kalimantan Selatan,1
74,Kertak Hanyar,70654,13,-,63.03.02,Kab.,Banjar,Kalimantan Selatan,1
75,Kintap,70883,14,-,63.01.07,Kab.,Tanah Laut,Kalimantan Selatan,1
76,Kuranji,72272 - 72274,7,-,63.10.10,Kab.,Tanah Bumbu,Kalimantan Selatan,1
77,Kurau,70851,11,-,63.01.04,Kab.,Tanah Laut,Kalimantan Selatan,1
78,Kuripan,70552,9,-,63.04.11,Kab.,Barito Kuala,Kalimantan Selatan,1
79,Kusan Hilir,72273,22,-,63.10.02,Kab.,Tanah Bumbu,Kalimantan Selatan,1
80,Kusan Hulu,72270,11,-,63.10.05,Kab.,Tanah Bumbu,Kalimantan Selatan,1
81,Kusan Tengah,72273,13,-,63.10.11,Kab.,Tanah Bumbu,Kalimantan Selatan,1
82,Labuan Amas Selatan,71361,18,-,63.07.03,Kab.,Hulu Sungai Tengah,Kalimantan Selatan,1
83,Labuan Amas Utara,71362,16,-,63.07.04,Kab.,Hulu Sungai Tengah,Kalimantan Selatan,1
84,Lampihong,71661,27,-,63.11.05,Kab.,Balangan,Kalimantan Selatan,1
85,Landasan Ulin,70721 - 70724,4,-,63.72.02,Kota,Banjarbaru,Kalimantan Selatan,1
86,Liang Anggang,70722 - 70724,4,-,63.72.06,Kota,Banjarbaru,Kalimantan Selatan,1
87,Limpasu,71392,9,-,63.07.11,Kab.,Hulu Sungai Tengah,Kalimantan Selatan,1
88,Lokpaikat,71154,9,-,63.05.10,Kab.,Tapin,Kalimantan Selatan,1
89,Loksado,71282,11,-,63.06.10,Kab.,Hulu Sungai Selatan,Kalimantan Selatan,1
90,Mandastana,70580,14,-,63.04.06,Kab.,Barito Kuala,Kalimantan Selatan,1
91,Mantewe,72211,12,-,63.10.08,Kab.,Tanah Bumbu,Kalimantan Selatan,1
92,Marabahan,70511 - 70513,10,-,63.04.15,Kab.,Barito Kuala,Kalimantan Selatan,1
93,Martapura (Martapura Kota),70611 - 71213,26,-,63.03.05,Kab.,Banjar,Kalimantan Selatan,1
94,Martapura Barat,70618,13,-,63.03.14,Kab.,Banjar,Kalimantan Selatan,1
95,Martapura Timur,70617,20,-,63.03.15,Kab.,Banjar,Kalimantan Selatan,1
96,Mataraman,70672,15,-,63.03.12,Kab.,Banjar,Kalimantan Selatan,1
97,Mekarsari (Mekar Sari),70568,9,-,63.04.13,Kab.,Barito Kuala,Kalimantan Selatan,1
98,Muara Harus,71555,7,-,63.09.08,Kab.,Tabalong,Kalimantan Selatan,1
99,Muara Uya,71573,14,-,63.09.07,Kab.,Tabalong,Kalimantan Selatan,1
100,Murung Pudak,71571,10,-,63.09.06,Kab.,Tabalong,Kalimantan Selatan,1
101,Padang Batung,71281,17,-,63.06.02,Kab.,Hulu Sungai Selatan,Kalimantan Selatan,1
102,Paminggir,71451,7,-,63.08.09,Kab.,Hulu Sungai Utara,Kalimantan Selatan,1
103,Pamukan Barat,72169,5,-,63.02.19,Kab.,Kotabaru,Kalimantan Selatan,1
104,Pamukan Selatan,72168,11,1,63.02.11,Kab.,Kotabaru,Kalimantan Selatan,1
105,Pamukan Utara,72169,13,-,63.02.13,Kab.,Kotabaru,Kalimantan Selatan,1
106,Pandawan,71352,21,-,63.07.05,Kab.,Hulu Sungai Tengah,Kalimantan Selatan,1
107,Panyipatan,70871,10,1,63.01.06,Kab.,Tanah Laut,Kalimantan Selatan,1
108,Paramasan (Peramasan),70675,4,-,63.03.17,Kab.,Banjar,Kalimantan Selatan,1
109,Paringin,71611 - 71662,16,-,63.11.06,Kab.,Balangan,Kalimantan Selatan,1
110,Paringin Selatan,71617 - 71662,16,-,63.11.07,Kab.,Balangan,Kalimantan Selatan,1
111,Pelaihari,70812 - 70815,20,-,63.01.03,Kab.,Tanah Laut,Kalimantan Selatan,1
112,Pengaron (Pengarom),70674,12,-,63.03.09,Kab.,Banjar,Kalimantan Selatan,1
113,Piani,71191,8,-,63.05.08,Kab.,Tapin,Kalimantan Selatan,1
114,Pugaan,71554,7,-,63.09.09,Kab.,Tabalong,Kalimantan Selatan,1
115,Pulau Laut Barat (Pulaulaut Barat),72153,11,5,63.02.02,Kab.,Kotabaru,Kalimantan Selatan,1
116,Pulau Laut Kepulauan (Pulaulaut Kepulauan),72154,9,10,63.02.20,Kab.,Kotabaru,Kalimantan Selatan,1
117,Pulau Laut Selatan (Pulaulaut Selatan),72157,8,8,63.02.03,Kab.,Kotabaru,Kalimantan Selatan,1
118,Pulau Laut Tanjung Selayar,72151,10,-,63.02.21,Kab.,Kotabaru,Kalimantan Selatan,1
119,Pulau Laut Tengah (Pulaulaut Tengah),72156,7,-,63.02.16,Kab.,Kotabaru,Kalimantan Selatan,1
120,Pulau Laut Timur (Pulaulaut Timur),72152,14,4,63.02.04,Kab.,Kotabaru,Kalimantan Selatan,1
121,Pulau Laut Utara (Pulaulaut Utara),72111 - 72117,10,-,63.02.06,Kab.,Kotabaru,Kalimantan Selatan,1
122,Pulau Sebuku (Pulausebuku),72155,8,8,63.02.05,Kab.,Kotabaru,Kalimantan Selatan,1
123,Pulau Sembilan (Pulausembilan),72181,5,19,63.02.01,Kab.,Kotabaru,Kalimantan Selatan,1
124,Pulaulaut Sigam,72111 - 72115,11,-,63.02.22,Kab.,Kotabaru,Kalimantan Selatan,1
125,Rantau Badauh,70561,9,-,63.04.07,Kab.,Barito Kuala,Kalimantan Selatan,1
126,Salam Babaris,71185,6,-,63.05.11,Kab.,Tapin,Kalimantan Selatan,1
127,Sambung Makmur,70677,7,-,63.03.16,Kab.,Banjar,Kalimantan Selatan,1
128,Sampanahan,72166,10,8,63.02.12,Kab.,Kotabaru,Kalimantan Selatan,1
129,Satui,72276,20,-,63.10.04,Kab.,Tanah Bumbu,Kalimantan Selatan,1
130,Simpang Empat,70653 - 70673,15,-,63.03.08,Kab.,Banjar,Kalimantan Selatan,1
131,Simpang Empat,72211 - 72213,15,3,63.10.06,Kab.,Tanah Bumbu,Kalimantan Selatan,1
132,Simpur,71261,11,-,63.06.06,Kab.,Hulu Sungai Selatan,Kalimantan Selatan,1
133,Sungai Durian (Sungaidurian),72167,7,-,63.02.15,Kab.,Kotabaru,Kalimantan Selatan,1
134,Sungai Loban,72274,17,-,63.10.03,Kab.,Tanah Bumbu,Kalimantan Selatan,1
135,Sungai Pandan,71455,33,-,63.08.03,Kab.,Hulu Sungai Utara,Kalimantan Selatan,1
136,Sungai Pinang,70678,11,-,63.03.10,Kab.,Banjar,Kalimantan Selatan,1
137,Sungai Raya,71271,18,-,63.06.01,Kab.,Hulu Sungai Selatan,Kalimantan Selatan,1
138,Sungai Tabuk,70653,21,-,63.03.04,Kab.,Banjar,Kalimantan Selatan,1
139,Sungai Tabukan,71456,17,-,63.08.10,Kab.,Hulu Sungai Utara,Kalimantan Selatan,1
140,Tabukan,70553,11,-,63.04.12,Kab.,Barito Kuala,Kalimantan Selatan,1
141,Tabunganen,70567,14,3,63.04.01,Kab.,Barito Kuala,Kalimantan Selatan,1
142,Takisung,70861,12,-,63.01.01,Kab.,Tanah Laut,Kalimantan Selatan,1
143,Tamban,70566,16,-,63.04.02,Kab.,Barito Kuala,Kalimantan Selatan,1
144,Tambang Ulang,70854,9,-,63.01.08,Kab.,Tanah Laut,Kalimantan Selatan,1
145,Tanjung,71512 - 71515,15,-,63.09.04,Kab.,Tabalong,Kalimantan Selatan,1
146,Tanta,71561,14,-,63.09.03,Kab.,Tabalong,Kalimantan Selatan,1
147,Tapin Selatan,71181,11,-,63.05.02,Kab.,Tapin,Kalimantan Selatan,1
148,Tapin Tengah,71161,17,-,63.05.03,Kab.,Tapin,Kalimantan Selatan,1
149,Tapin Utara,71111 - 71114,16,-,63.05.04,Kab.,Tapin,Kalimantan Selatan,1
150,Tatah Makmur,70650,13,-,63.03.19,Kab.,Banjar,Kalimantan Selatan,1
151,Tebing Tinggi,71667,12,-,63.11.08,Kab.,Balangan,Kalimantan Selatan,1
152,Telaga Bauntung,70673,4,-,63.03.18,Kab.,Banjar,Kalimantan Selatan,1
153,Telaga Langsat,71292,11,-,63.06.03,Kab.,Hulu Sungai Selatan,Kalimantan Selatan,1
154,Teluk Kepayang,72270,10,-,63.10.12,Kab.,Tanah Bumbu,Kalimantan Selatan,1
155,Upau,71575,6,-,63.09.10,Kab.,Tabalong,Kalimantan Selatan,1
156,Wanaraya,70560,13,-,63.04.16,Kab.,Barito Kuala,Kalimantan Selatan,1
1,Antang Kalang,74352,15,-,62.02.10,Kab.,Kotawaringin Timur,Kalimantan Tengah,1
2,Arut Selatan,74111 - 74117,20,-,62.01.02,Kab.,Kotawaringin Barat,Kalimantan Tengah,1
3,Arut Utara,74152,11,-,62.01.04,Kab.,Kotawaringin Barat,Kalimantan Tengah,1
4,Awang,73681,11,-,62.13.04,Kab.,Barito Timur,Kalimantan Tengah,1
5,Baamang,74311 - 74316,6,1,62.02.05,Kab.,Kotawaringin Timur,Kalimantan Tengah,1
6,Balai Riam,74173,8,-,62.08.03,Kab.,Sukamara,Kalimantan Tengah,1
7,Banama Tingang,74863,15,-,62.11.04,Kab.,Pulang Pisau,Kalimantan Tengah,1
8,Banua Lima,73661,7,-,62.13.02,Kab.,Barito Timur,Kalimantan Tengah,1
9,Barito Tuhup Raya,73991,11,-,62.12.06,Kab.,Murung Raya,Kalimantan Tengah,1
10,Basarang,73564,14,-,62.03.08,Kab.,Kapuas,Kalimantan Tengah,1
11,Bataguh,73516,15,-,62.03.17,Kab.,Kapuas,Kalimantan Tengah,1
12,Batang Kawa,74664,9,-,62.09.08,Kab.,Lamandau,Kalimantan Tengah,1
13,Batu Ampar,74281,9,-,62.07.09,Kab.,Seruyan,Kalimantan Tengah,1
14,Belantikan Raya,74663,12,-,62.09.07,Kab.,Lamandau,Kalimantan Tengah,1
15,Bukit Batu,73221 - 73226,7,3,62.71.02,Kota,Palangkaraya,Kalimantan Tengah,1
16,Bukit Raya,74457,11,-,62.06.13,Kab.,Katingan,Kalimantan Tengah,1
17,Bukit Santuai (Bukit Santuei),74356,14,-,62.02.15,Kab.,Kotawaringin Timur,Kalimantan Tengah,1
18,Bulik,74162 - 74612,14,-,62.09.03,Kab.,Lamandau,Kalimantan Tengah,1
19,Bulik Timur,74163,12,-,62.09.04,Kab.,Lamandau,Kalimantan Tengah,1
20,Cempaga,74354,8,-,62.02.02,Kab.,Kotawaringin Timur,Kalimantan Tengah,1
21,Cempaga Hulu,74359,11,-,62.02.13,Kab.,Kotawaringin Timur,Kalimantan Tengah,1
22,Dadahup,73593,13,-,62.03.16,Kab.,Kapuas,Kalimantan Tengah,1
23,Damang Batu,74553,8,-,62.10.08,Kab.,Gunung Mas,Kalimantan Tengah,1
24,Danau Seluluk,74271,6,-,62.07.08,Kab.,Seruyan,Kalimantan Tengah,1
25,Danau Sembuluh,74261,8,-,62.07.03,Kab.,Seruyan,Kalimantan Tengah,1
26,Delang,74665,11,-,62.09.02,Kab.,Lamandau,Kalimantan Tengah,1
27,Dusun Hilir,73762,10,-,62.04.02,Kab.,Barito Selatan,Kalimantan Tengah,1
28,Dusun Selatan,73711 - 73751,27,2,62.04.06,Kab.,Barito Selatan,Kalimantan Tengah,1
29,Dusun Tengah,73652,8,-,62.13.05,Kab.,Barito Timur,Kalimantan Tengah,1
30,Dusun Timur,73612 - 73618,17,-,62.13.01,Kab.,Barito Timur,Kalimantan Tengah,1
31,Dusun Utara,73752,19,-,62.04.04,Kab.,Barito Selatan,Kalimantan Tengah,1
32,Gn. Bintang Awai (Gunung Bintang Awai),73753,21,-,62.04.05,Kab.,Barito Selatan,Kalimantan Tengah,1
33,Gunung Purei,73871,11,-,62.05.03,Kab.,Barito Utara,Kalimantan Tengah,1
34,Gunung Timang,73862,16,-,62.05.02,Kab.,Barito Utara,Kalimantan Tengah,1
35,Hanau,74270,7,-,62.07.04,Kab.,Seruyan,Kalimantan Tengah,1
36,Jabiren Raya,74816,8,1,62.11.07,Kab.,Pulang Pisau,Kalimantan Tengah,1
37,Jekan Raya,73111 - 73118,4,-,62.71.03,Kota,Palangkaraya,Kalimantan Tengah,1
38,Jelai,74171,5,1,62.08.02,Kab.,Sukamara,Kalimantan Tengah,1
39,Jenamas,73763,5,-,62.04.01,Kab.,Barito Selatan,Kalimantan Tengah,1
40,Kahayan Hilir,74811 - 74861,10,2,62.11.05,Kab.,Pulang Pisau,Kalimantan Tengah,1
41,Kahayan Hulu Utara,74554,12,-,62.10.04,Kab.,Gunung Mas,Kalimantan Tengah,1
42,Kahayan Kuala,74872,13,-,62.11.02,Kab.,Pulang Pisau,Kalimantan Tengah,1
43,Kahayan Tengah,74862,14,2,62.11.03,Kab.,Pulang Pisau,Kalimantan Tengah,1
44,Kamipang,74462,9,-,62.06.01,Kab.,Katingan,Kalimantan Tengah,1
45,Kapuas Barat,73552,12,1,62.03.05,Kab.,Kapuas,Kalimantan Tengah,1
46,Kapuas Hilir,73521 - 73525,8,-,62.03.02,Kab.,Kapuas,Kalimantan Tengah,1
47,Kapuas Hulu,74581,14,1,62.03.12,Kab.,Kapuas,Kalimantan Tengah,1
48,Kapuas Kuala,73583,13,1,62.03.04,Kab.,Kapuas,Kalimantan Tengah,1
49,Kapuas Murung,73594,23,-,62.03.07,Kab.,Kapuas,Kalimantan Tengah,1
50,Kapuas Tengah,73555,13,-,62.03.11,Kab.,Kapuas,Kalimantan Tengah,1
51,Kapuas Timur,73581,7,-,62.03.03,Kab.,Kapuas,Kalimantan Tengah,1
52,Karau Kuala,73761,11,6,62.04.03,Kab.,Barito Selatan,Kalimantan Tengah,1
53,Karusen Janang,73650,7,-,62.13.10,Kab.,Barito Timur,Kalimantan Tengah,1
54,Katingan Hilir,74413,8,-,62.06.02,Kab.,Katingan,Kalimantan Tengah,1
55,Katingan Hulu,74458,23,-,62.06.08,Kab.,Katingan,Kalimantan Tengah,1
56,Katingan Kuala,74463,16,8,62.06.10,Kab.,Katingan,Kalimantan Tengah,1
57,Katingan Tengah,74454,16,-,62.06.05,Kab.,Katingan,Kalimantan Tengah,1
58,Kota Besi,74353,11,2,62.02.01,Kab.,Kotawaringin Timur,Kalimantan Tengah,1
59,Kotawaringin Lama,74161,17,-,62.01.03,Kab.,Kotawaringin Barat,Kalimantan Tengah,1
60,Kumai,74181,18,-,62.01.01,Kab.,Kotawaringin Barat,Kalimantan Tengah,1
61,Kurun,74511,15,-,62.10.02,Kab.,Gunung Mas,Kalimantan Tengah,1
62,Lahei,73852,13,-,62.05.06,Kab.,Barito Utara,Kalimantan Tengah,1
63,Lahei Barat,73853,11,-,62.05.09,Kab.,Barito Utara,Kalimantan Tengah,1
64,Lamandau,74660,11,-,62.09.01,Kab.,Lamandau,Kalimantan Tengah,1
65,Laung Tuhup,73992,26,-,62.12.03,Kab.,Murung Raya,Kalimantan Tengah,1
66,Maliku,74873,15,-,62.11.06,Kab.,Pulang Pisau,Kalimantan Tengah,1
67,Mandau Talawang,73556,10,-,62.03.15,Kab.,Kapuas,Kalimantan Tengah,1
68,Mantangai,73553,38,1,62.03.09,Kab.,Kapuas,Kalimantan Tengah,1
69,Manuhing,74562,12,-,62.10.06,Kab.,Gunung Mas,Kalimantan Tengah,1
70,Manuhing Raya (Mahuning Raya),74563,6,-,62.10.11,Kab.,Gunung Mas,Kalimantan Tengah,1
71,Marikit,74456,18,-,62.06.07,Kab.,Katingan,Kalimantan Tengah,1
72,Mendawai,74464,7,2,62.06.09,Kab.,Katingan,Kalimantan Tengah,1
73,Mentawa Baru Ketapang,74321 - 74326,11,-,62.02.06,Kab.,Kotawaringin Timur,Kalimantan Tengah,1
74,Mentaya Hilir Selatan,74363,10,1,62.02.08,Kab.,Kotawaringin Timur,Kalimantan Tengah,1
75,Mentaya Hilir Utara,74361,7,1,62.02.07,Kab.,Kotawaringin Timur,Kalimantan Tengah,1
76,Mentaya Hulu,74357,16,2,62.02.03,Kab.,Kotawaringin Timur,Kalimantan Tengah,1
77,Menthobi Raya,74164,11,-,62.09.05,Kab.,Lamandau,Kalimantan Tengah,1
78,Mihing Raya,74571,6,-,62.10.07,Kab.,Gunung Mas,Kalimantan Tengah,1
79,Miri Manasa,74555,11,-,62.10.09,Kab.,Gunung Mas,Kalimantan Tengah,1
80,Montallat (Montalat),73861,10,-,62.05.01,Kab.,Barito Utara,Kalimantan Tengah,1
81,Murung,73911,15,-,62.12.01,Kab.,Murung Raya,Kalimantan Tengah,1
82,Pahandut,73111,6,1,62.71.01,Kota,Palangkaraya,Kalimantan Tengah,1
83,Paju Epat,73617,9,-,62.13.07,Kab.,Barito Timur,Kalimantan Tengah,1
84,Paku,73654,12,-,62.13.09,Kab.,Barito Timur,Kalimantan Tengah,1
85,Pandih Batu,74871,16,-,62.11.01,Kab.,Pulang Pisau,Kalimantan Tengah,1
86,Pangkalan Banteng,74183,17,-,62.01.06,Kab.,Kotawaringin Barat,Kalimantan Tengah,1
87,Pangkalan Lada,74184,11,-,62.01.05,Kab.,Kotawaringin Barat,Kalimantan Tengah,1
88,Pantai Lunci,74170,4,-,62.08.04,Kab.,Sukamara,Kalimantan Tengah,1
89,Parenggean,74355,15,-,62.02.04,Kab.,Kotawaringin Timur,Kalimantan Tengah,1
90,Pasak Talawang,73557,10,-,62.03.14,Kab.,Kapuas,Kalimantan Tengah,1
91,Patangkep Tutui,73671,10,-,62.13.03,Kab.,Barito Timur,Kalimantan Tengah,1
92,Pematang Karau,73653,13,-,62.13.06,Kab.,Barito Timur,Kalimantan Tengah,1
93,Permata Intan,73971,12,-,62.12.04,Kab.,Murung Raya,Kalimantan Tengah,1
94,Permata Kecubung,74174,7,-,62.08.05,Kab.,Sukamara,Kalimantan Tengah,1
95,Petak Malai,74455,7,-,62.06.12,Kab.,Katingan,Kalimantan Tengah,1
96,Pulau Hanaut,74362,14,-,62.02.09,Kab.,Kotawaringin Timur,Kalimantan Tengah,1
97,Pulau Malan,74453,14,-,62.06.04,Kab.,Katingan,Kalimantan Tengah,1
98,Pulau Petak,73592,12,-,62.03.06,Kab.,Kapuas,Kalimantan Tengah,1
99,Rakumpit,73227 - 73229,7,1,62.71.05,Kota,Palangkaraya,Kalimantan Tengah,1
100,Raren Batuah,73655,9,-,62.13.08,Kab.,Barito Timur,Kalimantan Tengah,1
101,Rungan,74560,14,-,62.10.05,Kab.,Gunung Mas,Kalimantan Tengah,1
102,Rungan Barat,74561 - 74562,11,-,62.10.12,Kab.,Gunung Mas,Kalimantan Tengah,1
103,Rungan Hulu,74561,9,-,62.10.10,Kab.,Gunung Mas,Kalimantan Tengah,1
104,Sabangau (Sebangau),73113 - 73114,6,-,62.71.04,Kota,Palangkaraya,Kalimantan Tengah,1
105,Sanaman Mantikei (Senamang Mantikei),74451,14,-,62.06.06,Kab.,Katingan,Kalimantan Tengah,1
106,Sebangau Kuala,74874,8,-,62.11.08,Kab.,Pulang Pisau,Kalimantan Tengah,1
107,Selat,73511 - 73516,10,10,62.03.01,Kab.,Kapuas,Kalimantan Tengah,1
108,Sematu Jaya,74165,8,-,62.09.06,Kab.,Lamandau,Kalimantan Tengah,1
109,Sepang (Sepang Simin),74570,7,-,62.10.01,Kab.,Gunung Mas,Kalimantan Tengah,1
110,Seranau,74314 - 74324,6,-,62.02.12,Kab.,Kotawaringin Timur,Kalimantan Tengah,1
111,Seribu Riam,73981,7,-,62.12.09,Kab.,Murung Raya,Kalimantan Tengah,1
112,Seruyan Hilir,74213 - 74215,10,-,62.07.01,Kab.,Seruyan,Kalimantan Tengah,1
113,Seruyan Hilir Timur,74215,6,-,62.07.06,Kab.,Seruyan,Kalimantan Tengah,1
114,Seruyan Hulu,74291,20,-,62.07.05,Kab.,Seruyan,Kalimantan Tengah,1
115,Seruyan Raya,74260,5,-,62.07.07,Kab.,Seruyan,Kalimantan Tengah,1
116,Seruyan Tengah,74280,20,-,62.07.02,Kab.,Seruyan,Kalimantan Tengah,1
117,Sukamara,74172,8,-,62.08.01,Kab.,Sukamara,Kalimantan Tengah,1
118,Suling Tambun,74290,9,-,62.07.10,Kab.,Seruyan,Kalimantan Tengah,1
119,Sumber Barito,73982,9,-,62.12.05,Kab.,Murung Raya,Kalimantan Tengah,1
120,Sungai Babuat,73970,6,-,62.12.08,Kab.,Murung Raya,Kalimantan Tengah,1
121,Tamban Catur,73582,10,-,62.03.13,Kab.,Kapuas,Kalimantan Tengah,1
122,Tanah Siang,73961,27,-,62.12.02,Kab.,Murung Raya,Kalimantan Tengah,1
123,Tanah Siang Selatan,73960,7,-,62.12.07,Kab.,Murung Raya,Kalimantan Tengah,1
124,Tasik Payawan,74461,8,-,62.06.11,Kab.,Katingan,Kalimantan Tengah,1
125,Telaga Antang,74352 - 74356,18,-,62.02.17,Kab.,Kotawaringin Timur,Kalimantan Tengah,1
126,Telawang,74350,6,-,62.02.14,Kab.,Kotawaringin Timur,Kalimantan Tengah,1
127,Teluk Sampit,74364,6,-,62.02.11,Kab.,Kotawaringin Timur,Kalimantan Tengah,1
128,Tewah,74552,16,-,62.10.03,Kab.,Gunung Mas,Kalimantan Tengah,1
129,Tewang Sangalang Garing,74452,10,-,62.06.03,Kab.,Katingan,Kalimantan Tengah,1
130,Teweh Baru,73814 - 73881,10,-,62.05.07,Kab.,Barito Utara,Kalimantan Tengah,1
131,Teweh Selatan,73814,10,-,62.05.08,Kab.,Barito Utara,Kalimantan Tengah,1
132,Teweh Tengah,73811 - 73814,10,-,62.05.05,Kab.,Barito Utara,Kalimantan Tengah,1
133,Teweh Timur,73881,12,-,62.05.04,Kab.,Barito Utara,Kalimantan Tengah,1
134,Timpah,73554,9,-,62.03.10,Kab.,Kapuas,Kalimantan Tengah,1
135,Tualan Hulu,74358,11,-,62.02.16,Kab.,Kotawaringin Timur,Kalimantan Tengah,1
136,Uut Murung,73983,5,-,62.12.10,Kab.,Murung Raya,Kalimantan Tengah,1
1,Anggana,75381 - 76131,8,34,64.02.04,Kab.,Kutai Kartanegara,Kalimantan Timur,1
2,Babulu,76285,12,-,64.09.03,Kab.,Penajam Paser Utara,Kalimantan Timur,1
3,Balikpapan Barat,76131 - 76134,6,3,64.71.02,Kota,Balikpapan,Kalimantan Timur,1
4,Balikpapan Kota,76111 - 76114,5,-,64.71.06,Kota,Balikpapan,Kalimantan Timur,1
5,Balikpapan Selatan,76114 - 76115,7,2,64.71.05,Kota,Balikpapan,Kalimantan Timur,1
6,Balikpapan Tengah,76121 - 76124,6,-,64.71.04,Kota,Balikpapan,Kalimantan Timur,1
7,Balikpapan Timur,76116 - 76118,4,-,64.71.01,Kota,Balikpapan,Kalimantan Timur,1
8,Balikpapan Utara,76125 - 76136,6,-,64.71.03,Kota,Balikpapan,Kalimantan Timur,1
9,Barong Tongkok,75776,21,-,64.07.07,Kab.,Kutai Barat,Kalimantan Timur,1
10,Batu Ampar,75654,7,-,64.08.17,Kab.,Kutai Timur,Kalimantan Timur,1
11,Batu Engau,76261,13,-,64.01.09,Kab.,Paser,Kalimantan Timur,1
12,Batu Putih,77372 - 77373,7,5,64.03.12,Kab.,Berau,Kalimantan Timur,1
13,Batu Sopang,76252,9,-,64.01.01,Kab.,Paser,Kalimantan Timur,1
14,Bengalon,75618,11,-,64.08.09,Kab.,Kutai Timur,Kalimantan Timur,1
15,Bentian Besar,75778,9,-,64.07.14,Kab.,Kutai Barat,Kalimantan Timur,1
16,Biatan,77372,8,-,64.03.13,Kab.,Berau,Kalimantan Timur,1
17,Biduk-Biduk,77373,6,5,64.03.08,Kab.,Berau,Kalimantan Timur,1
18,Bongan,75772,16,-,64.07.12,Kab.,Kutai Barat,Kalimantan Timur,1
19,Bontang Barat,75313 - 75383,3,-,64.74.03,Kota,Bontang,Kalimantan Timur,1
20,Bontang Selatan,75321 - 75325,6,6,64.74.02,Kota,Bontang,Kalimantan Timur,1
21,Bontang Utara,75311 - 75314,6,6,64.74.01,Kota,Bontang,Kalimantan Timur,1
22,Busang,75556,6,-,64.08.06,Kab.,Kutai Timur,Kalimantan Timur,1
23,Damai,75777,17,-,64.07.08,Kab.,Kutai Barat,Kalimantan Timur,1
24,Gunung Tabur,77352,11,14,64.03.06,Kab.,Berau,Kalimantan Timur,1
25,Jempang,75773,12,-,64.07.11,Kab.,Kutai Barat,Kalimantan Timur,1
26,Kaliorang,75617,7,-,64.08.10,Kab.,Kutai Timur,Kalimantan Timur,1
27,Karangan,75684,7,-,64.08.16,Kab.,Kutai Timur,Kalimantan Timur,1
28,Kaubun,75619,8,-,64.08.15,Kab.,Kutai Timur,Kalimantan Timur,1
29,Kelay,77362,14,-,64.03.01,Kab.,Berau,Kalimantan Timur,1
30,Kembang Janggut,75557,11,-,64.02.10,Kab.,Kutai Kartanegara,Kalimantan Timur,1
31,Kenohan,75564,9,-,64.02.09,Kab.,Kutai Kartanegara,Kalimantan Timur,1
32,Kombeng (Kongbeng),75555,7,-,64.08.08,Kab.,Kutai Timur,Kalimantan Timur,1
33,Kota Bangun,75561,11,-,64.02.08,Kab.,Kutai Kartanegara,Kalimantan Timur,1
34,Kota Bangun Darat,75561,10,-,64.02.19,Kab.,Kutai Kartanegara,Kalimantan Timur,1
35,Kuaro,76281,13,-,64.01.05,Kab.,Paser,Kalimantan Timur,1
36,Laham,75779,5,-,64.11.03,Kab.,Mahakam Ulu,Kalimantan Timur,1
37,Linggang Bigung,75576,11,-,64.07.15,Kab.,Kutai Barat,Kalimantan Timur,1
38,Loa Janan,75391,8,-,64.02.03,Kab.,Kutai Kartanegara,Kalimantan Timur,1
39,Loa Janan Ilir,75131,5,-,64.72.10,Kota,Samarinda,Kalimantan Timur,1
40,Loa Kulu,75571,15,1,64.02.02,Kab.,Kutai Kartanegara,Kalimantan Timur,1
41,Long Apari,75769,10,-,64.11.04,Kab.,Mahakam Ulu,Kalimantan Timur,1
42,Long Bagun,75767,11,-,64.11.01,Kab.,Mahakam Ulu,Kalimantan Timur,1
43,Long Hubung,75770,11,-,64.11.02,Kab.,Mahakam Ulu,Kalimantan Timur,1
44,Long Ikis,76282,26,1,64.01.06,Kab.,Paser,Kalimantan Timur,1
45,Long Iram,75766,11,1,64.07.05,Kab.,Kutai Barat,Kalimantan Timur,1
46,Long Kali,76283,23,-,64.01.08,Kab.,Paser,Kalimantan Timur,1
47,Long Mesangat,75654 - 75656,7,-,64.08.18,Kab.,Kutai Timur,Kalimantan Timur,1
48,Long Pahangai,75768,13,-,64.11.05,Kab.,Mahakam Ulu,Kalimantan Timur,1
49,Marang Kayu,75385,11,-,64.02.17,Kab.,Kutai Kartanegara,Kalimantan Timur,1
50,Maratua,77381,4,22,64.03.11,Kab.,Berau,Kalimantan Timur,1
51,Melak,75765,6,-,64.07.06,Kab.,Kutai Barat,Kalimantan Timur,1
52,Mook Manaar Bulatn,75765 - 75774,16,-,64.07.18,Kab.,Kutai Barat,Kalimantan Timur,1
53,Muara Ancalong,75556 - 75656,9,-,64.08.01,Kab.,Kutai Timur,Kalimantan Timur,1
54,Muara Badak,75382,13,6,64.02.05,Kab.,Kutai Kartanegara,Kalimantan Timur,1
55,Muara Bengkal,75656,7,-,64.08.03,Kab.,Kutai Timur,Kalimantan Timur,1
56,Muara Jawa,75261 - 75267,8,13,64.02.14,Kab.,Kutai Kartanegara,Kalimantan Timur,1
57,Muara Kaman,75553,20,-,64.02.11,Kab.,Kutai Kartanegara,Kalimantan Timur,1
58,Muara Komam,76253,13,-,64.01.07,Kab.,Paser,Kalimantan Timur,1
59,Muara Lawa,75775,8,-,64.07.09,Kab.,Kutai Barat,Kalimantan Timur,1
60,Muara Muntai,75562,13,1,64.02.01,Kab.,Kutai Kartanegara,Kalimantan Timur,1
61,Muara Pahu,75774,12,-,64.07.10,Kab.,Kutai Barat,Kalimantan Timur,1
62,Muara Samu,76250,9,-,64.01.10,Kab.,Paser,Kalimantan Timur,1
63,Muara Wahau,75655,10,-,64.08.02,Kab.,Kutai Timur,Kalimantan Timur,1
64,Muara Wis,75559,7,-,64.02.18,Kab.,Kutai Kartanegara,Kalimantan Timur,1
65,Nyuatan,75776 - 75777,10,-,64.07.16,Kab.,Kutai Barat,Kalimantan Timur,1
66,Palaran,75241 - 75253,5,-,64.72.01,Kota,Samarinda,Kalimantan Timur,1
67,Paser Belengkong (Pasir Belengkong),76271,15,-,64.01.03,Kab.,Paser,Kalimantan Timur,1
68,Penajam,76141 - 76146,23,14,64.09.01,Kab.,Penajam Paser Utara,Kalimantan Timur,1
69,Penyinggahan,75763,6,-,64.07.13,Kab.,Kutai Barat,Kalimantan Timur,1
70,Pulau Derawan,77380,5,11,64.03.07,Kab.,Berau,Kalimantan Timur,1
71,Rantau Pulung,75683,9,-,64.08.14,Kab.,Kutai Timur,Kalimantan Timur,1
72,Samarinda Ilir,75114 - 75117,5,-,64.72.04,Kota,Samarinda,Kalimantan Timur,1
73,Samarinda Kota,75111 - 75121,5,-,64.72.09,Kota,Samarinda,Kalimantan Timur,1
74,Samarinda Seberang,75131 - 75133,6,-,64.72.02,Kota,Samarinda,Kalimantan Timur,1
75,Samarinda Ulu,75122 - 75128,8,-,64.72.03,Kota,Samarinda,Kalimantan Timur,1
76,Samarinda Utara,75117 - 75119,8,-,64.72.05,Kota,Samarinda,Kalimantan Timur,1
77,Sambaliung,77371,14,-,64.03.03,Kab.,Berau,Kalimantan Timur,1
78,Samboja (Semboja),75271 - 75279,13,-,64.02.13,Kab.,Kutai Kartanegara,Kalimantan Timur,1
79,Samboja Barat,75271 - 75274,10,-,64.02.20,Kab.,Kutai Kartanegara,Kalimantan Timur,1
80,Sambutan,75114 - 75115,5,-,64.72.07,Kota,Samarinda,Kalimantan Timur,1
81,Sandaran,75685,9,4,64.08.11,Kab.,Kutai Timur,Kalimantan Timur,1
82,Sanga Sanga,75251 - 75256,5,-,64.02.15,Kab.,Kutai Kartanegara,Kalimantan Timur,1
83,Sangatta Selatan,75680,4,-,64.08.12,Kab.,Kutai Timur,Kalimantan Timur,1
84,Sangatta Utara,75681,4,-,64.08.04,Kab.,Kutai Timur,Kalimantan Timur,1
85,Sangkulirang,75686,15,15,64.08.05,Kab.,Kutai Timur,Kalimantan Timur,1
86,Sebulu,75552,14,-,64.02.07,Kab.,Kutai Kartanegara,Kalimantan Timur,1
87,Segah,77361,13,-,64.03.04,Kab.,Berau,Kalimantan Timur,1
88,Sekolaq Darat,75764,8,-,64.07.20,Kab.,Kutai Barat,Kalimantan Timur,1
89,Sepaku,76146 - 76149,15,2,64.09.04,Kab.,Penajam Paser Utara,Kalimantan Timur,1
90,Siluq Ngurai,75771,16,-,64.07.17,Kab.,Kutai Barat,Kalimantan Timur,1
91,Sungai Kunjang,75125 - 75127,7,-,64.72.06,Kota,Samarinda,Kalimantan Timur,1
92,Sungai Pinang,75117 - 75119,5,-,64.72.08,Kota,Samarinda,Kalimantan Timur,1
93,Tabalar,77374,6,2,64.03.10,Kab.,Berau,Kalimantan Timur,1
94,Tabang,75558,19,-,64.02.12,Kab.,Kutai Kartanegara,Kalimantan Timur,1
95,Talisayan,77375,10,1,64.03.02,Kab.,Berau,Kalimantan Timur,1
96,Tanah Grogot,76251,16,2,64.01.04,Kab.,Paser,Kalimantan Timur,1
97,Tanjung Harapan,76260,7,3,64.01.02,Kab.,Paser,Kalimantan Timur,1
98,Tanjung Redeb,77311 - 77315,6,-,64.03.05,Kab.,Berau,Kalimantan Timur,1
99,Telen,75554,8,-,64.08.07,Kab.,Kutai Timur,Kalimantan Timur,1
100,Teluk Bayur,77313 - 77352,6,-,64.03.09,Kab.,Berau,Kalimantan Timur,1
101,Teluk Pandan,75682,6,-,64.08.13,Kab.,Kutai Timur,Kalimantan Timur,1
102,Tenggarong,75511 - 75517,14,1,64.02.06,Kab.,Kutai Kartanegara,Kalimantan Timur,1
103,Tenggarong Seberang,75572,18,1,64.02.16,Kab.,Kutai Kartanegara,Kalimantan Timur,1
104,Tering,75760,15,-,64.07.19,Kab.,Kutai Barat,Kalimantan Timur,1
105,Waru,76284,4,-,64.09.02,Kab.,Penajam Paser Utara,Kalimantan Timur,1
1,Agrabinta,43276,11,-,32.03.22,Kab.,Cianjur,Jawa Barat,1
2,Andir,40181 - 40184,6,-,32.73.05,Kota,Bandung,Jawa Barat,1
3,Anjatan,45256,13,-,32.12.23,Kab.,Indramayu,Jawa Barat,1
4,Antapani (Cicadas),40291,4,-,32.73.20,Kota,Bandung,Jawa Barat,1
5,Arahan,45267,8,-,32.12.19,Kab.,Indramayu,Jawa Barat,1
6,Arcamanik,40293 - 40294,4,-,32.73.24,Kota,Bandung,Jawa Barat,1
7,Argapura,45462,14,-,32.10.05,Kab.,Majalengka,Jawa Barat,1
8,Arjasari,40379,11,-,32.04.16,Kab.,Bandung,Jawa Barat,1
9,Arjawinangun,45162,11,-,32.09.24,Kab.,Cirebon,Jawa Barat,1
10,Astana Anyar,40241 - 40243,6,-,32.73.10,Kota,Bandung,Jawa Barat,1
11,Astanajapura,45181,11,-,32.09.10,Kab.,Cirebon,Jawa Barat,1
12,Babakan,45191,14,-,32.09.05,Kab.,Cirebon,Jawa Barat,1
13,Babakan Ciparay,40221 - 40227,6,-,32.73.03,Kota,Bandung,Jawa Barat,1
14,Babakan Madang,16810,9,-,32.01.05,Kab.,Bogor,Jawa Barat,1
15,Babakancikao,41151,9,-,32.14.12,Kab.,Purwakarta,Jawa Barat,1
16,Babelan,17610,9,-,32.16.02,Kab.,Bekasi,Jawa Barat,1
17,Baleendah,40258 - 40375,8,-,32.04.32,Kab.,Bandung,Jawa Barat,1
18,Balongan,45217 - 45285,10,-,32.12.14,Kab.,Indramayu,Jawa Barat,1
19,Bandung Kidul,40256 - 40287,4,-,32.73.21,Kota,Bandung,Jawa Barat,1
20,Bandung Kulon,40211 - 40215,8,-,32.73.15,Kota,Bandung,Jawa Barat,1
21,Bandung Wetan,40114 - 40116,3,-,32.73.09,Kota,Bandung,Jawa Barat,1
22,Bangodua,45272,8,-,32.12.06,Kab.,Indramayu,Jawa Barat,1
23,Banjar,46311 - 46321,7,-,32.79.01,Kota,Banjar,Jawa Barat,1
24,Banjaran,40377,11,-,32.04.13,Kab.,Bandung,Jawa Barat,1
25,Banjaran,45468,13,-,32.10.22,Kab.,Majalengka,Jawa Barat,1
26,Banjaranyar,46384,10,-,32.07.37,Kab.,Ciamis,Jawa Barat,1
27,Banjarsari,46383,12,-,32.07.18,Kab.,Ciamis,Jawa Barat,1
28,Banjarwangi,44172,11,-,32.05.23,Kab.,Garut,Jawa Barat,1
29,Bantargadung,43363,7,-,32.02.04,Kab.,Sukabumi,Jawa Barat,1
30,Bantargebang (Bantar Gebang),17151 - 17154,4,-,32.75.07,Kota,Bekasi,Jawa Barat,1
31,Bantarkalong,46168 - 46188,8,-,32.06.08,Kab.,Tasikmalaya,Jawa Barat,1
32,Bantarujeg,45464,13,-,32.10.02,Kab.,Majalengka,Jawa Barat,1
33,Banyuresmi,44191,15,-,32.05.06,Kab.,Garut,Jawa Barat,1
34,Banyusari,41374,12,-,32.15.24,Kab.,Karawang,Jawa Barat,1
35,Baregbeg,46274,9,-,32.07.32,Kab.,Ciamis,Jawa Barat,1
36,Baros,43161 - 43166,4,-,32.72.05,Kota,Sukabumi,Jawa Barat,1
37,Batujajar,40561,7,-,32.17.09,Kab.,Bandung Barat,Jawa Barat,1
38,Batujaya,41354,10,-,32.15.08,Kab.,Karawang,Jawa Barat,1
39,Batununggal,40271 - 40275,8,-,32.73.12,Kota,Bandung,Jawa Barat,1
40,Bayongbong,44162,18,-,32.05.17,Kab.,Garut,Jawa Barat,1
41,Beber,45172,10,-,32.09.13,Kab.,Cirebon,Jawa Barat,1
42,Beji,16421 - 16426,6,-,32.76.06,Kota,Depok,Jawa Barat,1
43,Bekasi Barat,17133 - 17145,5,-,32.75.02,Kota,Bekasi,Jawa Barat,1
44,Bekasi Selatan,17141 - 17148,5,-,32.75.04,Kota,Bekasi,Jawa Barat,1
45,Bekasi Timur,17111 - 17113,4,-,32.75.01,Kota,Bekasi,Jawa Barat,1
46,Bekasi Utara,17121 - 17142,6,-,32.75.03,Kota,Bekasi,Jawa Barat,1
47,Binong,41253,9,-,32.13.08,Kab.,Subang,Jawa Barat,1
48,Bl. Limbangan (Blubur Limbangan),44186,14,-,32.05.38,Kab.,Garut,Jawa Barat,1
49,Blanakan,41259,9,-,32.13.13,Kab.,Subang,Jawa Barat,1
50,Bogor Barat,16111 - 16119,16,-,32.71.04,Kota,Bogor,Jawa Barat,1
51,Bogor Selatan,16131 - 16139,16,-,32.71.01,Kota,Bogor,Jawa Barat,1
52,Bogor Tengah,16121 - 16129,11,-,32.71.03,Kota,Bogor,Jawa Barat,1
53,Bogor Timur,16141 - 16146,6,-,32.71.02,Kota,Bogor,Jawa Barat,1
54,Bogor Utara,16151 - 16158,8,-,32.71.05,Kota,Bogor,Jawa Barat,1
55,Bojong,41164,14,-,32.14.11,Kab.,Purwakarta,Jawa Barat,1
56,Bojong Gede (Bojonggede),16920 - 16923,9,-,32.01.13,Kab.,Bogor,Jawa Barat,1
57,Bojongasih,46475,6,-,32.06.09,Kab.,Tasikmalaya,Jawa Barat,1
58,Bojonggambir,46476,10,-,32.06.11,Kab.,Tasikmalaya,Jawa Barat,1
59,Bojonggenteng (Bojong Genteng),43353,5,-,32.02.14,Kab.,Sukabumi,Jawa Barat,1
60,Bojongloa Kaler,40231 - 40233,5,-,32.73.04,Kota,Bandung,Jawa Barat,1
61,Bojongloa Kidul,40234 - 40239,6,-,32.73.17,Kota,Bandung,Jawa Barat,1
62,Bojongmangu,17350 - 17356,6,-,32.16.23,Kab.,Bekasi,Jawa Barat,1
63,Bojongpicung,43283,11,-,32.03.06,Kab.,Cianjur,Jawa Barat,1
64,Bojongsari,16516 - 16518,7,-,32.76.11,Kota,Depok,Jawa Barat,1
65,Bojongsoang,40287 - 40288,6,-,32.04.08,Kab.,Bandung,Jawa Barat,1
66,Bongas,45255,8,-,32.12.22,Kab.,Indramayu,Jawa Barat,1
67,Buahbatu,40286 - 40287,4,-,32.73.22,Kota,Bandung,Jawa Barat,1
68,Buahdua,45392,14,-,32.11.10,Kab.,Sumedang,Jawa Barat,1
69,Bungbulang,44165,13,-,32.05.31,Kab.,Garut,Jawa Barat,1
70,Bungursari,41181,10,-,32.14.13,Kab.,Purwakarta,Jawa Barat,1
71,Bungursari,46151,7,-,32.78.09,Kota,Tasikmalaya,Jawa Barat,1
72,Cabangbungin,17720,8,-,32.16.16,Kab.,Bekasi,Jawa Barat,1
73,Campaka,43263,11,-,32.03.15,Kab.,Cianjur,Jawa Barat,1
74,Campaka,41180,10,-,32.14.02,Kab.,Purwakarta,Jawa Barat,1
75,Campakamulya (Campaka Mulya),43269,5,-,32.03.25,Kab.,Cianjur,Jawa Barat,1
76,Cangkuang,40238,7,-,32.04.44,Kab.,Bandung,Jawa Barat,1
77,Cantigi,45253 - 45258,7,-,32.12.17,Kab.,Indramayu,Jawa Barat,1
78,Caringin,16730,12,-,32.01.27,Kab.,Bogor,Jawa Barat,1
79,Caringin,44166,6,-,32.05.36,Kab.,Garut,Jawa Barat,1
80,Caringin,43154,9,-,32.02.31,Kab.,Sukabumi,Jawa Barat,1
81,Cariu,16840,10,-,32.01.08,Kab.,Bogor,Jawa Barat,1
82,Ciambar,43356,6,-,32.02.47,Kab.,Sukabumi,Jawa Barat,1
83,Ciamis,46211 - 46219,12,-,32.07.01,Kab.,Ciamis,Jawa Barat,1
84,Ciampea,16620,13,-,32.01.15,Kab.,Bogor,Jawa Barat,1
85,Ciampel,41363,7,-,32.15.04,Kab.,Karawang,Jawa Barat,1
86,Cianjur,43215 - 43216,11,-,32.03.01,Kab.,Cianjur,Jawa Barat,1
87,Ciasem,41256,9,-,32.13.09,Kab.,Subang,Jawa Barat,1
88,Ciater,41280,7,-,32.13.29,Kab.,Subang,Jawa Barat,1
89,Ciawi,16720,13,-,32.01.24,Kab.,Bogor,Jawa Barat,1
90,Ciawi,46156,11,-,32.06.36,Kab.,Tasikmalaya,Jawa Barat,1
91,Ciawigebang,45591 - 45593,24,-,32.08.10,Kab.,Kuningan,Jawa Barat,1
92,Cibadak,43351,10,-,32.02.11,Kab.,Sukabumi,Jawa Barat,1
93,Cibalong,44176,11,-,32.05.29,Kab.,Garut,Jawa Barat,1
94,Cibalong,46185,6,-,32.06.06,Kab.,Tasikmalaya,Jawa Barat,1
95,Cibarusah,17340,7,-,32.16.22,Kab.,Bekasi,Jawa Barat,1
96,Cibatu,44185,11,-,32.05.12,Kab.,Garut,Jawa Barat,1
97,Cibatu,41182,10,-,32.14.14,Kab.,Purwakarta,Jawa Barat,1
98,Cibeber,43262,18,-,32.03.03,Kab.,Cianjur,Jawa Barat,1
99,Cibeunying Kaler,40122 - 40191,4,-,32.73.18,Kota,Bandung,Jawa Barat,1
100,Cibeunying Kidul,40121 - 40192,6,-,32.73.14,Kota,Bandung,Jawa Barat,1
101,Cibeureum,45588,8,-,32.08.28,Kab.,Kuningan,Jawa Barat,1
102,Cibeureum,43142 - 43165,4,-,32.72.07,Kota,Sukabumi,Jawa Barat,1
103,Cibeureum,46196 - 46416,9,-,32.78.06,Kota,Tasikmalaya,Jawa Barat,1
104,Cibingbin,45587,10,-,32.08.05,Kab.,Kuningan,Jawa Barat,1
105,Cibinong,16911 - 16918,13,-,32.01.01,Kab.,Bogor,Jawa Barat,1
106,Cibinong,43271,14,-,32.03.20,Kab.,Cianjur,Jawa Barat,1
107,Cibiru,40614 - 40615,4,-,32.73.25,Kota,Bandung,Jawa Barat,1
108,Cibitung,17520,7,-,32.16.07,Kab.,Bekasi,Jawa Barat,1
109,Cibitung,43172,6,-,32.02.25,Kab.,Sukabumi,Jawa Barat,1
110,Cibiuk,44193,5,-,32.05.40,Kab.,Garut,Jawa Barat,1
111,Cibogo,41285,9,-,32.13.17,Kab.,Subang,Jawa Barat,1
112,Cibuaya,41356,11,-,32.15.11,Kab.,Karawang,Jawa Barat,1
113,Cibugel,45375,7,-,32.11.04,Kab.,Sumedang,Jawa Barat,1
114,Cibungbulang,16630,15,-,32.01.16,Kab.,Bogor,Jawa Barat,1
115,Cicalengka,40395,12,-,32.04.25,Kab.,Bandung,Jawa Barat,1
116,Cicantayan,43155,8,-,32.02.28,Kab.,Sukabumi,Jawa Barat,1
117,Cicendo,40171 - 40175,6,-,32.73.06,Kota,Bandung,Jawa Barat,1
118,Cicurug,43359,13,-,32.02.16,Kab.,Sukabumi,Jawa Barat,1
119,Cidadap,40141 - 40143,3,-,32.73.08,Kota,Bandung,Jawa Barat,1
120,Cidadap,43183,6,-,32.02.44,Kab.,Sukabumi,Jawa Barat,1
121,Cidahu,45595,12,-,32.08.11,Kab.,Kuningan,Jawa Barat,1
122,Cidahu,43358,8,-,32.02.17,Kab.,Sukabumi,Jawa Barat,1
123,Cidaun,43275,14,-,32.03.23,Kab.,Cianjur,Jawa Barat,1
124,Cidolog,46352,6,-,32.07.05,Kab.,Ciamis,Jawa Barat,1
125,Cidolog,43184,5,-,32.02.43,Kab.,Sukabumi,Jawa Barat,1
126,Ciemas,43177,9,5,32.02.22,Kab.,Sukabumi,Jawa Barat,1
127,Cigalontang,46463,16,-,32.06.27,Kab.,Tasikmalaya,Jawa Barat,1
128,Cigandamekar,45556,11,-,32.08.32,Kab.,Kuningan,Jawa Barat,1
129,Cigasong,45476,10,-,32.10.20,Kab.,Majalengka,Jawa Barat,1
130,Cigedug,44116,5,-,32.05.18,Kab.,Garut,Jawa Barat,1
131,Cigombong,16110,9,-,32.01.38,Kab.,Bogor,Jawa Barat,1
132,Cigudeg,16660,15,-,32.01.22,Kab.,Bogor,Jawa Barat,1
133,Cigugur,46392,7,-,32.18.04,Kab.,Pangandaran,Jawa Barat,1
134,Cigugur,45552,10,-,32.08.18,Kab.,Kuningan,Jawa Barat,1
135,Cihampelas,40562,10,-,32.17.10,Kab.,Bandung Barat,Jawa Barat,1
136,Cihaurbeuti,46262,11,-,32.07.06,Kab.,Ciamis,Jawa Barat,1
137,Cihideung,46121 - 46126,6,-,32.78.01,Kota,Tasikmalaya,Jawa Barat,1
138,Cihurip,44173,4,-,32.05.25,Kab.,Garut,Jawa Barat,1
139,Cijambe,41286,8,-,32.13.19,Kab.,Subang,Jawa Barat,1
140,Cijati,43284,10,-,32.03.29,Kab.,Cianjur,Jawa Barat,1
141,Cijeruk,16740,9,-,32.01.28,Kab.,Bogor,Jawa Barat,1
142,Cijeungjing,46271,11,-,32.07.03,Kab.,Ciamis,Jawa Barat,1
143,Cijulang,46394,7,-,32.18.02,Kab.,Pangandaran,Jawa Barat,1
144,Cikadu,43286,10,-,32.03.26,Kab.,Cianjur,Jawa Barat,1
145,Cikajang,44171,12,-,32.05.22,Kab.,Garut,Jawa Barat,1
146,Cikakak,43365,9,-,32.02.03,Kab.,Sukabumi,Jawa Barat,1
147,Cikalong,46195,13,1,32.06.03,Kab.,Tasikmalaya,Jawa Barat,1
148,Cikalongkulon,43291,18,-,32.03.12,Kab.,Cianjur,Jawa Barat,1
149,Cikalongwetan (Cikalong Wetan),40556,13,-,32.17.04,Kab.,Bandung Barat,Jawa Barat,1
150,Cikampek,41373,10,-,32.15.13,Kab.,Karawang,Jawa Barat,1
151,Cikancung,40396,9,-,32.04.27,Kab.,Bandung,Jawa Barat,1
152,Cikarang Barat,17530,11,-,32.16.08,Kab.,Bekasi,Jawa Barat,1
153,Cikarang Pusat,17531,6,-,32.16.20,Kab.,Bekasi,Jawa Barat,1
154,Cikarang Selatan,17532,7,-,32.16.19,Kab.,Bekasi,Jawa Barat,1
155,Cikarang Timur,17533,8,-,32.16.11,Kab.,Bekasi,Jawa Barat,1
156,Cikarang Utara,17534,11,-,32.16.09,Kab.,Bekasi,Jawa Barat,1
157,Cikatomas,46193,9,-,32.06.05,Kab.,Tasikmalaya,Jawa Barat,1
158,Cikaum,41266,9,-,32.13.22,Kab.,Subang,Jawa Barat,1
159,Cikedung,45262,7,-,32.12.04,Kab.,Indramayu,Jawa Barat,1
160,Cikelet,44177,11,-,32.05.30,Kab.,Garut,Jawa Barat,1
161,Cikembar,43157,10,-,32.02.10,Kab.,Sukabumi,Jawa Barat,1
162,Cikidang,43367,12,-,32.02.06,Kab.,Sukabumi,Jawa Barat,1
163,Cikijing,45466,15,-,32.10.03,Kab.,Majalengka,Jawa Barat,1
164,Cikole,43111 - 43116,6,-,32.72.02,Kota,Sukabumi,Jawa Barat,1
165,Cikoneng,46261,9,-,32.07.02,Kab.,Ciamis,Jawa Barat,1
166,Cilaku,43285,10,-,32.03.04,Kab.,Cianjur,Jawa Barat,1
167,Cilamaya Kulon,41384,12,-,32.15.23,Kab.,Karawang,Jawa Barat,1
168,Cilamaya Wetan,41386,12,-,32.15.15,Kab.,Karawang,Jawa Barat,1
169,Cilawu,44181,18,-,32.05.19,Kab.,Garut,Jawa Barat,1
170,Cilebak,45585,7,-,32.08.25,Kab.,Kuningan,Jawa Barat,1
171,Cilebar,41350,10,-,32.15.30,Kab.,Karawang,Jawa Barat,1
172,Ciledug,45188,10,-,32.09.02,Kab.,Cirebon,Jawa Barat,1
173,Cilengkrang,40615 - 40619,6,-,32.04.07,Kab.,Bandung,Jawa Barat,1
174,Cileungsi,16820,12,-,32.01.07,Kab.,Bogor,Jawa Barat,1
175,Cileunyi,40621 - 40626,6,-,32.04.05,Kab.,Bandung,Jawa Barat,1
176,Cililin,40567,11,-,32.17.11,Kab.,Bandung Barat,Jawa Barat,1
177,Cilimus,45551,13,-,32.08.13,Kab.,Kuningan,Jawa Barat,1
178,Cilodong,16413 - 16415,5,-,32.76.08,Kota,Depok,Jawa Barat,1
179,Cimahi,45582,10,-,32.08.24,Kab.,Kuningan,Jawa Barat,1
180,Cimahi Selatan,40531 - 40535,5,-,32.77.01,Kota,Cimahi,Jawa Barat,1
181,Cimahi Tengah,40521 - 40526,6,-,32.77.02,Kota,Cimahi,Jawa Barat,1
182,Cimahi Utara,40511 - 40514,4,-,32.77.03,Kota,Cimahi,Jawa Barat,1
183,Cimalaka,45353,14,-,32.11.22,Kab.,Sumedang,Jawa Barat,1
184,Cimanggis,16451 - 16454,6,-,32.76.02,Kota,Depok,Jawa Barat,1
185,Cimanggu,43178,6,-,32.02.46,Kab.,Sukabumi,Jawa Barat,1
186,Cimanggung,45364,11,-,32.11.14,Kab.,Sumedang,Jawa Barat,1
187,Cimaragas,46381,5,-,32.07.29,Kab.,Ciamis,Jawa Barat,1
188,Cimaung,40374 - 40375,10,-,32.04.17,Kab.,Bandung,Jawa Barat,1
189,Cimenyan (Cimeunyan),40191 - 40198,9,-,32.04.06,Kab.,Bandung,Jawa Barat,1
190,Cimerak,46395,11,-,32.18.03,Kab.,Pangandaran,Jawa Barat,1
191,Cinambo,40296,4,-,32.73.29,Kota,Bandung,Jawa Barat,1
192,Cineam,46198,10,-,32.06.20,Kab.,Tasikmalaya,Jawa Barat,1
193,Cinere,16512 - 16514,4,-,32.76.09,Kota,Depok,Jawa Barat,1
194,Cingambul,45467,13,-,32.10.23,Kab.,Majalengka,Jawa Barat,1
195,Ciniru,45565,9,-,32.08.02,Kab.,Kuningan,Jawa Barat,1
196,Ciomas,16610,11,-,32.01.29,Kab.,Bogor,Jawa Barat,1
197,Cipaku,46252,13,-,32.07.11,Kab.,Ciamis,Jawa Barat,1
198,Cipanas,43253,7,-,32.03.28,Kab.,Cianjur,Jawa Barat,1
199,Ciparay,40381,14,-,32.04.29,Kab.,Bandung,Jawa Barat,1
200,Cipatat,40554,12,-,32.17.07,Kab.,Bandung Barat,Jawa Barat,1
201,Cipatujah,46187,15,-,32.06.01,Kab.,Tasikmalaya,Jawa Barat,1
202,Cipayung,16436 - 16439,5,-,32.76.07,Kota,Depok,Jawa Barat,1
203,Cipedes,46131 - 46134,4,-,32.78.02,Kota,Tasikmalaya,Jawa Barat,1
204,Cipeundeuy,40558,12,-,32.17.05,Kab.,Bandung Barat,Jawa Barat,1
205,Cipeundeuy,41272,7,-,32.13.20,Kab.,Subang,Jawa Barat,1
206,Cipicung,45576 - 45592,10,-,32.08.21,Kab.,Kuningan,Jawa Barat,1
207,Cipongkor,40564,14,-,32.17.12,Kab.,Bandung Barat,Jawa Barat,1
208,Cipunagara,41257,10,-,32.13.18,Kab.,Subang,Jawa Barat,1
209,Ciracap,43176,8,-,32.02.26,Kab.,Sukabumi,Jawa Barat,1
210,Ciranjang,43282,9,-,32.03.05,Kab.,Cianjur,Jawa Barat,1
211,Cireunghas,43193,5,-,32.02.35,Kab.,Sukabumi,Jawa Barat,1
212,Cisaat,43132 - 43152,13,-,32.02.29,Kab.,Sukabumi,Jawa Barat,1
213,Cisaga,46386,11,-,32.07.30,Kab.,Ciamis,Jawa Barat,1
214,Cisalak,41283,9,-,32.13.02,Kab.,Subang,Jawa Barat,1
215,Cisarua,40551,8,-,32.17.03,Kab.,Bandung Barat,Jawa Barat,1
216,Cisarua,16750,10,-,32.01.25,Kab.,Bogor,Jawa Barat,1
217,Cisarua,45355,7,-,32.11.23,Kab.,Sumedang,Jawa Barat,1
218,Cisayong,46153,13,-,32.06.32,Kab.,Tasikmalaya,Jawa Barat,1
219,Ciseeng,16120,10,-,32.01.33,Kab.,Bogor,Jawa Barat,1
220,Cisewu,44169,9,-,32.05.35,Kab.,Garut,Jawa Barat,1
221,Cisitu,45363,10,-,32.11.05,Kab.,Sumedang,Jawa Barat,1
222,Cisolok,43366,13,-,32.02.05,Kab.,Sukabumi,Jawa Barat,1
223,Cisompet,44174,11,-,32.05.28,Kab.,Garut,Jawa Barat,1
224,Cisurupan,44163,17,-,32.05.20,Kab.,Garut,Jawa Barat,1
225,Citamiang,43141 - 43145,5,-,32.72.03,Kota,Sukabumi,Jawa Barat,1
226,Citeureup,16811,14,-,32.01.03,Kab.,Bogor,Jawa Barat,1
227,Ciwaringin,45167,8,-,32.09.26,Kab.,Cirebon,Jawa Barat,1
228,Ciwaru,45583,12,-,32.08.04,Kab.,Kuningan,Jawa Barat,1
229,Ciwidey,40973,7,-,32.04.39,Kab.,Bandung,Jawa Barat,1
230,Coblong,40131 - 40135,6,-,32.73.02,Kota,Bandung,Jawa Barat,1
231,Compreng,41258,8,-,32.13.15,Kab.,Subang,Jawa Barat,1
232,Conggeang,45391,12,-,32.11.07,Kab.,Sumedang,Jawa Barat,1
233,Cugenang,43252,16,-,32.03.11,Kab.,Cianjur,Jawa Barat,1
234,Culamega,46188,5,-,32.06.10,Kab.,Tasikmalaya,Jawa Barat,1
235,Curugkembar,43182,7,-,32.02.42,Kab.,Sukabumi,Jawa Barat,1
236,Darangdan,41163,15,-,32.14.06,Kab.,Purwakarta,Jawa Barat,1
237,Darma,45562,19,-,32.08.17,Kab.,Kuningan,Jawa Barat,1
238,Darmaraja,45372,12,-,32.11.03,Kab.,Sumedang,Jawa Barat,1
239,Dawuan,45453,11,-,32.10.12,Kab.,Majalengka,Jawa Barat,1
240,Dawuan,41270,10,-,32.13.27,Kab.,Subang,Jawa Barat,1
241,Dayeuhkolot,40238 - 40267,6,-,32.04.12,Kab.,Bandung,Jawa Barat,1
242,Depok,45155,12,-,32.09.31,Kab.,Cirebon,Jawa Barat,1
243,Dramaga,16680,10,-,32.01.30,Kab.,Bogor,Jawa Barat,1
244,Dukupuntang,45652,13,-,32.09.16,Kab.,Cirebon,Jawa Barat,1
245,Gabuswetan,45263,10,-,32.12.03,Kab.,Indramayu,Jawa Barat,1
246,Ganeas,45356,8,-,32.11.19,Kab.,Sumedang,Jawa Barat,1
247,Gantar,45264,7,-,32.12.25,Kab.,Indramayu,Jawa Barat,1
248,Garawangi,45571 - 45572,17,-,32.08.08,Kab.,Kuningan,Jawa Barat,1
249,Garut Kota,44111 - 44119,11,-,32.05.01,Kab.,Garut,Jawa Barat,1
250,Gebang,45190,13,-,32.09.30,Kab.,Cirebon,Jawa Barat,1
251,Gedebage,40294,4,-,32.73.27,Kota,Bandung,Jawa Barat,1
252,Gegerbitung (Geger Bitung),43154 - 43197,7,-,32.02.40,Kab.,Sukabumi,Jawa Barat,1
253,Gegesik,45164,14,-,32.09.28,Kab.,Cirebon,Jawa Barat,1
254,Gekbrong,43261,8,-,32.03.27,Kab.,Cianjur,Jawa Barat,1
255,Gempol,45161,8,-,32.09.37,Kab.,Cirebon,Jawa Barat,1
256,Greged (Greget),45170,10,-,32.09.38,Kab.,Cirebon,Jawa Barat,1
257,Gunung Jati (Cirebon Utara),45151,15,-,32.09.21,Kab.,Cirebon,Jawa Barat,1
258,Gunung Putri,16960 - 16969,10,-,32.01.02,Kab.,Bogor,Jawa Barat,1
259,Gunung Puyuh (Gunungpuyuh),43121 - 43123,4,-,32.72.01,Kota,Sukabumi,Jawa Barat,1
260,Gunung Sindur,16340,10,-,32.01.11,Kab.,Bogor,Jawa Barat,1
261,Gunungguruh,43156,7,-,32.02.27,Kab.,Sukabumi,Jawa Barat,1
262,Gununghalu,40565,9,-,32.17.15,Kab.,Bandung Barat,Jawa Barat,1
263,Gunungtanjung (Gunung Tanjung),46418,7,-,32.06.23,Kab.,Tasikmalaya,Jawa Barat,1
264,Hantara,45564,8,-,32.08.26,Kab.,Kuningan,Jawa Barat,1
265,Harjamukti,45141 - 45145,5,-,32.74.03,Kota,Cirebon,Jawa Barat,1
266,Haurgeulis,45266,10,-,32.12.01,Kab.,Indramayu,Jawa Barat,1
267,Haurwangi,43280,8,-,32.03.31,Kab.,Cianjur,Jawa Barat,1
268,Ibun,40384,12,-,32.04.36,Kab.,Bandung,Jawa Barat,1
269,Indihiang,46151 - 46411,6,-,32.78.04,Kota,Tasikmalaya,Jawa Barat,1
270,Indramayu,45211 - 45219,18,-,32.12.15,Kab.,Indramayu,Jawa Barat,1
271,Jalaksana,45553 - 45554,15,-,32.08.12,Kab.,Kuningan,Jawa Barat,1
272,Jalancagak,41281,7,-,32.13.12,Kab.,Subang,Jawa Barat,1
273,Jamanis,46175,8,-,32.06.35,Kab.,Tasikmalaya,Jawa Barat,1
274,Jamblang,45156,8,-,32.09.40,Kab.,Cirebon,Jawa Barat,1
275,Jampangkulon (Jampang Kulon),43170,11,-,32.02.21,Kab.,Sukabumi,Jawa Barat,1
276,Jampangtengah (Jampang Tengah),43171,11,-,32.02.08,Kab.,Sukabumi,Jawa Barat,1
277,Japara,45555,10,-,32.08.23,Kab.,Kuningan,Jawa Barat,1
278,Jasinga,16670,16,-,32.01.19,Kab.,Bogor,Jawa Barat,1
279,Jatiasih,17421 - 17426,6,-,32.75.09,Kota,Bekasi,Jawa Barat,1
280,Jatibarang,45273,15,-,32.12.13,Kab.,Indramayu,Jawa Barat,1
281,Jatigede,45377,11,-,32.11.26,Kab.,Sumedang,Jawa Barat,1
282,Jatiluhur,41152 - 41161,10,-,32.14.03,Kab.,Purwakarta,Jawa Barat,1
283,Jatinagara,46273,6,-,32.07.12,Kab.,Ciamis,Jawa Barat,1
284,Jatinangor,45360,12,-,32.11.15,Kab.,Sumedang,Jawa Barat,1
285,Jatinunggal,45376,9,-,32.11.02,Kab.,Sumedang,Jawa Barat,1
286,Jatisampurna (Jati Sampurna),17432 - 17435,5,-,32.75.10,Kota,Bekasi,Jawa Barat,1
287,Jatisari,41375,14,-,32.15.14,Kab.,Karawang,Jawa Barat,1
288,Jatitujuh,45458,15,-,32.10.15,Kab.,Majalengka,Jawa Barat,1
289,Jatiwangi,45454,16,-,32.10.11,Kab.,Majalengka,Jawa Barat,1
290,Jatiwaras,46180,11,-,32.06.19,Kab.,Tasikmalaya,Jawa Barat,1
291,Jayakerta,41351,8,-,32.15.22,Kab.,Karawang,Jawa Barat,1
292,Jonggol,16830,14,-,32.01.06,Kab.,Bogor,Jawa Barat,1
293,Juntinyuat,45282,12,-,32.12.11,Kab.,Indramayu,Jawa Barat,1
294,Kabandungan,43368,6,-,32.02.19,Kab.,Sukabumi,Jawa Barat,1
295,Kadipaten,45452,7,-,32.10.13,Kab.,Majalengka,Jawa Barat,1
296,Kadipaten,46157,6,-,32.06.37,Kab.,Tasikmalaya,Jawa Barat,1
297,Kadudampit,43153,9,-,32.02.30,Kab.,Sukabumi,Jawa Barat,1
298,Kadugede,45561,12,-,32.08.01,Kab.,Kuningan,Jawa Barat,1
299,Kadungora,44153,14,-,32.05.10,Kab.,Garut,Jawa Barat,1
300,Kadupandak,43268,14,-,32.03.17,Kab.,Cianjur,Jawa Barat,1
301,Kalapanunggal (Kalapa Nunggal),43354,7,-,32.02.18,Kab.,Sukabumi,Jawa Barat,1
302,Kalibunder,43185,7,-,32.02.23,Kab.,Sukabumi,Jawa Barat,1
303,Kalijati,41271,10,-,32.13.04,Kab.,Subang,Jawa Barat,1
304,Kalimanggis,45594,6,-,32.08.27,Kab.,Kuningan,Jawa Barat,1
305,Kalipucang,46397,9,-,32.18.08,Kab.,Pangandaran,Jawa Barat,1
306,Kaliwedi,45165,9,-,32.09.29,Kab.,Cirebon,Jawa Barat,1
307,Kandanghaur,45213 - 45254,13,-,32.12.21,Kab.,Indramayu,Jawa Barat,1
308,Kapetakan,45152,9,-,32.09.22,Kab.,Cirebon,Jawa Barat,1
309,Karang Bahagia (Karangbahagia),17535,8,-,32.16.10,Kab.,Bekasi,Jawa Barat,1
310,Karang Kancana (Karangkancana),45584,9,-,32.08.29,Kab.,Kuningan,Jawa Barat,1
311,Karangampel,45283,11,-,32.12.10,Kab.,Indramayu,Jawa Barat,1
312,Karangjaya (Karang Jaya),46199,4,-,32.06.21,Kab.,Tasikmalaya,Jawa Barat,1
313,Karangnunggal,46186,14,-,32.06.02,Kab.,Tasikmalaya,Jawa Barat,1
314,Karangpawitan,44182,20,-,32.05.02,Kab.,Garut,Jawa Barat,1
315,Karangsembung,45186,8,-,32.09.06,Kab.,Cirebon,Jawa Barat,1
316,Karangtengah,43281,16,-,32.03.07,Kab.,Cianjur,Jawa Barat,1
317,Karangtengah,44184,4,-,32.05.16,Kab.,Garut,Jawa Barat,1
318,Karangwareng,45184,9,-,32.09.34,Kab.,Cirebon,Jawa Barat,1
319,Karawang Barat,41311 - 41316,8,-,32.15.01,Kab.,Karawang,Jawa Barat,1
320,Karawang Timur,41313 - 41314,8,-,32.15.26,Kab.,Karawang,Jawa Barat,1
321,Kasokandel,45451,10,-,32.10.24,Kab.,Majalengka,Jawa Barat,1
322,Kasomalang,41287,8,-,32.13.26,Kab.,Subang,Jawa Barat,1
323,Katapang,40921,7,-,32.04.11,Kab.,Bandung,Jawa Barat,1
324,Kawali,46253,11,-,32.07.09,Kab.,Ciamis,Jawa Barat,1
325,Kawalu,46182,10,-,32.78.05,Kota,Tasikmalaya,Jawa Barat,1
326,Kebonpedes,43194,5,-,32.02.34,Kab.,Sukabumi,Jawa Barat,1
327,Kedawung,45153,8,-,32.09.20,Kab.,Cirebon,Jawa Barat,1
328,Kedokan Bunder,45280,7,-,32.12.28,Kab.,Indramayu,Jawa Barat,1
329,Kedung Waringin,17540,7,-,32.16.12,Kab.,Bekasi,Jawa Barat,1
330,Kejaksan,45121 - 45123,4,-,32.74.01,Kota,Cirebon,Jawa Barat,1
331,Kemang,16310,9,-,32.01.12,Kab.,Bogor,Jawa Barat,1
332,Kersamanah,44189,6,-,32.05.13,Kab.,Garut,Jawa Barat,1
333,Kertajati,45457,14,-,32.10.14,Kab.,Majalengka,Jawa Barat,1
334,Kertasari,40386,8,-,32.04.31,Kab.,Bandung,Jawa Barat,1
335,Kertasemaya,45274,13,-,32.12.08,Kab.,Indramayu,Jawa Barat,1
336,Kesambi,45131 - 45134,5,-,32.74.05,Kota,Cirebon,Jawa Barat,1
337,Kiaracondong,40281 - 40285,6,-,32.73.16,Kota,Bandung,Jawa Barat,1
338,Kiarapedes,41175,10,-,32.14.17,Kab.,Purwakarta,Jawa Barat,1
339,Klangenan,45157,9,-,32.09.23,Kab.,Cirebon,Jawa Barat,1
340,Klapanunggal,16710,9,-,32.01.32,Kab.,Bogor,Jawa Barat,1
341,Klari,41371,13,-,32.15.05,Kab.,Karawang,Jawa Barat,1
342,Kota Baru (Kotabaru),41376,9,-,32.15.25,Kab.,Karawang,Jawa Barat,1
343,Kramatmulya (Kramat Mulya),45553,14,-,32.08.16,Kab.,Kuningan,Jawa Barat,1
344,Krangkeng,45284,11,-,32.12.09,Kab.,Indramayu,Jawa Barat,1
345,Kroya,45265,9,-,32.12.02,Kab.,Indramayu,Jawa Barat,1
346,Kuningan,45511 - 45553,16,-,32.08.09,Kab.,Kuningan,Jawa Barat,1
347,Kutawaluya,41358,12,-,32.15.07,Kab.,Karawang,Jawa Barat,1
348,Kutawaringin,40911,11,-,32.04.46,Kab.,Bandung,Jawa Barat,1
349,Lakbok,46385,10,-,32.07.17,Kab.,Ciamis,Jawa Barat,1
350,Langensari,46324 - 46344,6,-,32.79.04,Kota,Banjar,Jawa Barat,1
351,Langkaplancar,46391,15,-,32.18.05,Kab.,Pangandaran,Jawa Barat,1
352,Lebakwangi,45574,13,-,32.08.07,Kab.,Kuningan,Jawa Barat,1
353,Legonkulon,41254,7,-,32.13.21,Kab.,Subang,Jawa Barat,1
354,Lelea,45261,11,-,32.12.05,Kab.,Indramayu,Jawa Barat,1
355,Leles,43273,12,-,32.03.30,Kab.,Cianjur,Jawa Barat,1
356,Leles,44119 - 44152,12,-,32.05.09,Kab.,Garut,Jawa Barat,1
357,Lemahabang,45183,13,-,32.09.07,Kab.,Cirebon,Jawa Barat,1
358,Lemahabang,41383,11,-,32.15.19,Kab.,Karawang,Jawa Barat,1
359,Lemahsugih,45465,19,-,32.10.01,Kab.,Majalengka,Jawa Barat,1
360,Lemahwungkuk (Lemah Wungkuk),45111 - 45114,4,-,32.74.02,Kota,Cirebon,Jawa Barat,1
361,Lembang,40391,16,-,32.17.01,Kab.,Bandung Barat,Jawa Barat,1
362,Lembursitu,43134 - 43169,5,-,32.72.06,Kota,Sukabumi,Jawa Barat,1
363,Lengkong,40261 - 40265,7,-,32.73.13,Kota,Bandung,Jawa Barat,1
364,Lengkong,43174,5,-,32.02.07,Kab.,Sukabumi,Jawa Barat,1
365,Leuwigoong,44192,8,-,32.05.11,Kab.,Garut,Jawa Barat,1
366,Leuwiliang,16640,11,-,32.01.14,Kab.,Bogor,Jawa Barat,1
367,Leuwimunding,45473,14,-,32.10.10,Kab.,Majalengka,Jawa Barat,1
368,Leuwisadeng,16641,8,-,32.01.39,Kab.,Bogor,Jawa Barat,1
369,Leuwisari,46464,7,-,32.06.28,Kab.,Tasikmalaya,Jawa Barat,1
370,Ligung,45456,19,-,32.10.16,Kab.,Majalengka,Jawa Barat,1
371,Limo,16512 - 16515,4,-,32.76.04,Kota,Depok,Jawa Barat,1
372,Lohbener,45252,12,-,32.12.18,Kab.,Indramayu,Jawa Barat,1
373,Losarang,45253,12,-,32.12.20,Kab.,Indramayu,Jawa Barat,1
374,Losari,45192,10,-,32.09.03,Kab.,Cirebon,Jawa Barat,1
375,Lumbung,46258,8,-,32.07.34,Kab.,Ciamis,Jawa Barat,1
376,Luragung,45581 - 45582,16,-,32.08.06,Kab.,Kuningan,Jawa Barat,1
377,Maja,45461,18,-,32.10.06,Kab.,Majalengka,Jawa Barat,1
378,Majalaya,40382,11,-,32.04.33,Kab.,Bandung,Jawa Barat,1
379,Majalaya,41370,7,-,32.15.21,Kab.,Karawang,Jawa Barat,1
380,Majalengka,45411 - 45419,14,-,32.10.07,Kab.,Majalengka,Jawa Barat,1
381,Malangbong,44188,24,-,32.05.14,Kab.,Garut,Jawa Barat,1
382,Malausma,45460,11,-,32.10.26,Kab.,Majalengka,Jawa Barat,1
383,Maleber,45574 - 45575,16,-,32.08.30,Kab.,Kuningan,Jawa Barat,1
384,Mandalajati,40195,4,-,32.73.30,Kota,Bandung,Jawa Barat,1
385,Mande,43292,12,-,32.03.08,Kab.,Cianjur,Jawa Barat,1
386,Mandirancan,45558,12,-,32.08.14,Kab.,Kuningan,Jawa Barat,1
387,Mangkubumi,46181,8,-,32.78.08,Kota,Tasikmalaya,Jawa Barat,1
388,Mangunjaya,46371,5,-,32.18.06,Kab.,Pangandaran,Jawa Barat,1
389,Mangunreja,46462,6,-,32.06.25,Kab.,Tasikmalaya,Jawa Barat,1
390,Maniis,41166,8,-,32.14.07,Kab.,Purwakarta,Jawa Barat,1
391,Manonjaya,46197,12,-,32.06.22,Kab.,Tasikmalaya,Jawa Barat,1
392,Margaasih,40214 - 40218,6,-,32.04.10,Kab.,Bandung,Jawa Barat,1
393,Margahayu,40225 - 40229,5,-,32.04.09,Kab.,Bandung,Jawa Barat,1
394,Medansatria (Medan Satria),17131 - 17143,4,-,32.75.06,Kota,Bekasi,Jawa Barat,1
395,Megamendung,16770,12,-,32.01.26,Kab.,Bogor,Jawa Barat,1
396,Mekarmukti,44155,5,-,32.05.32,Kab.,Garut,Jawa Barat,1
397,Muaragembong (Muara Gembong),17730,6,-,32.16.17,Kab.,Bekasi,Jawa Barat,1
398,Mundu,45173,12,-,32.09.12,Kab.,Cirebon,Jawa Barat,1
399,Mustikajaya (Mustika Jaya),17155 - 17158,4,-,32.75.11,Kota,Bekasi,Jawa Barat,1
400,Nagrak,43352,10,-,32.02.12,Kab.,Sukabumi,Jawa Barat,1
401,Nagreg,40215,8,-,32.04.26,Kab.,Bandung,Jawa Barat,1
402,Nanggung,16650,11,-,32.01.21,Kab.,Bogor,Jawa Barat,1
403,Naringgul,43274,11,-,32.03.24,Kab.,Cianjur,Jawa Barat,1
404,Ngamprah,40552,11,-,32.17.06,Kab.,Bandung Barat,Jawa Barat,1
405,Nusaherang,45563,8,-,32.08.20,Kab.,Kuningan,Jawa Barat,1
406,Nyalindung,43196,10,-,32.02.39,Kab.,Sukabumi,Jawa Barat,1
407,Pabedilan,45193,13,-,32.09.04,Kab.,Cirebon,Jawa Barat,1
408,Pabuaran,45194,7,-,32.09.33,Kab.,Cirebon,Jawa Barat,1
409,Pabuaran,41262,8,-,32.13.05,Kab.,Subang,Jawa Barat,1
410,Pabuaran,43173,7,-,32.02.37,Kab.,Sukabumi,Jawa Barat,1
411,Pacet,40385,13,-,32.04.30,Kab.,Bandung,Jawa Barat,1
412,Pacet,43253 - 43281,7,-,32.03.10,Kab.,Cianjur,Jawa Barat,1
413,Padaherang,46267 - 46384,14,-,32.18.07,Kab.,Pangandaran,Jawa Barat,1
414,Padakembang,46466,5,-,32.06.29,Kab.,Tasikmalaya,Jawa Barat,1
415,Padalarang,40553,10,-,32.17.08,Kab.,Bandung Barat,Jawa Barat,1
416,Pagaden,41251,10,-,32.13.07,Kab.,Subang,Jawa Barat,1
417,Pagaden Barat,41252,9,-,32.13.28,Kab.,Subang,Jawa Barat,1
418,Pagelaran,43266,14,-,32.03.18,Kab.,Cianjur,Jawa Barat,1
419,Pagerageung,46158 - 46413,10,-,32.06.38,Kab.,Tasikmalaya,Jawa Barat,1
420,Pakenjeng,44164,13,-,32.05.33,Kab.,Garut,Jawa Barat,1
421,Pakisjaya,41355,8,-,32.15.12,Kab.,Karawang,Jawa Barat,1
422,Palabuhanratu (Pelabuhanratu),43364,10,-,32.02.01,Kab.,Sukabumi,Jawa Barat,1
423,Palasah,45475,13,-,32.10.19,Kab.,Majalengka,Jawa Barat,1
424,Palimanan,45160,12,-,32.09.17,Kab.,Cirebon,Jawa Barat,1
425,Pamanukan,41264,8,-,32.13.11,Kab.,Subang,Jawa Barat,1
426,Pamarican,46361 - 46382,14,-,32.07.19,Kab.,Ciamis,Jawa Barat,1
427,Pameungpeuk,40376,6,-,32.04.14,Kab.,Bandung,Jawa Barat,1
428,Pameungpeuk,44175,8,-,32.05.27,Kab.,Garut,Jawa Barat,1
429,Pamijahan,16812,15,-,32.01.17,Kab.,Bogor,Jawa Barat,1
430,Pamulihan,44168,5,-,32.05.34,Kab.,Garut,Jawa Barat,1
431,Pamulihan,45365,11,-,32.11.13,Kab.,Sumedang,Jawa Barat,1
432,Panawangan,46255,18,-,32.07.10,Kab.,Ciamis,Jawa Barat,1
433,Pancalang,45557,13,-,32.08.22,Kab.,Kuningan,Jawa Barat,1
434,Pancatengah,46194,11,-,32.06.04,Kab.,Tasikmalaya,Jawa Barat,1
435,Pancoran Mas,16431 - 16436,6,-,32.76.01,Kota,Depok,Jawa Barat,1
436,Pangalengan,40378,13,-,32.04.15,Kab.,Bandung,Jawa Barat,1
437,Pangandaran,46396,8,-,32.18.09,Kab.,Pangandaran,Jawa Barat,1
438,Pangatikan,44183,8,-,32.05.41,Kab.,Garut,Jawa Barat,1
439,Pangenan,45182,9,-,32.09.11,Kab.,Cirebon,Jawa Barat,1
440,Pangkalan,41362,8,-,32.15.02,Kab.,Karawang,Jawa Barat,1
441,Panguragan,45163,9,-,32.09.25,Kab.,Cirebon,Jawa Barat,1
442,Panjalu,46264,8,-,32.07.08,Kab.,Ciamis,Jawa Barat,1
443,Panumbangan,46263,14,-,32.07.07,Kab.,Ciamis,Jawa Barat,1
444,Panyileukan,40614,4,-,32.73.28,Kota,Bandung,Jawa Barat,1
445,Panyingkiran,45459,9,-,32.10.18,Kab.,Majalengka,Jawa Barat,1
446,Parakansalak (Parakan Salak),43355,6,-,32.02.15,Kab.,Sukabumi,Jawa Barat,1
447,Parigi,46393,10,-,32.18.01,Kab.,Pangandaran,Jawa Barat,1
448,Parongpong,40559,7,-,32.17.02,Kab.,Bandung Barat,Jawa Barat,1
449,Parung,16330,9,-,32.01.10,Kab.,Bogor,Jawa Barat,1
450,Parung Panjang,16360,11,-,32.01.20,Kab.,Bogor,Jawa Barat,1
451,Parungkuda (Parung Kuda),43357,8,-,32.02.13,Kab.,Sukabumi,Jawa Barat,1
452,Parungponteng,46189,8,-,32.06.07,Kab.,Tasikmalaya,Jawa Barat,1
453,Pasaleman,45187,7,-,32.09.32,Kab.,Cirebon,Jawa Barat,1
454,Pasawahan,45559,10,-,32.08.19,Kab.,Kuningan,Jawa Barat,1
455,Pasawahan,41171 - 41172,12,-,32.14.10,Kab.,Purwakarta,Jawa Barat,1
456,Paseh,40383,12,-,32.04.35,Kab.,Bandung,Jawa Barat,1
457,Paseh,45381,10,-,32.11.08,Kab.,Sumedang,Jawa Barat,1
458,Pasekan,45213 - 45229,6,3,32.12.29,Kab.,Indramayu,Jawa Barat,1
459,Pasirjambu,40972,10,-,32.04.38,Kab.,Bandung,Jawa Barat,1
460,Pasirkuda,43266 - 43267,9,-,32.03.32,Kab.,Cianjur,Jawa Barat,1
461,Pasirwangi,44161,12,-,32.05.08,Kab.,Garut,Jawa Barat,1
462,Pataruman,46316 - 46335,8,-,32.79.02,Kota,Banjar,Jawa Barat,1
463,Patokbeusi,41263,10,-,32.13.16,Kab.,Subang,Jawa Barat,1
464,Patrol,45257,8,-,32.12.31,Kab.,Indramayu,Jawa Barat,1
465,Pebayuran,17710,13,-,32.16.13,Kab.,Bekasi,Jawa Barat,1
466,Pedes,41353,12,-,32.15.10,Kab.,Karawang,Jawa Barat,1
467,Pekalipan,45115 - 45118,4,-,32.74.04,Kota,Cirebon,Jawa Barat,1
468,Peundeuy,44178,6,-,32.05.26,Kab.,Garut,Jawa Barat,1
469,Plered,45154,10,-,32.09.36,Kab.,Cirebon,Jawa Barat,1
470,Plered,41162,16,-,32.14.04,Kab.,Purwakarta,Jawa Barat,1
471,Plumbon,45158,15,-,32.09.18,Kab.,Cirebon,Jawa Barat,1
472,Pondokgede (Pondok Gede),17411 - 17413,5,-,32.75.08,Kota,Bekasi,Jawa Barat,1
473,Pondokmelati (Pondok Melati),17414 - 17431,4,-,32.75.12,Kota,Bekasi,Jawa Barat,1
474,Pondoksalam,41115,11,-,32.14.16,Kab.,Purwakarta,Jawa Barat,1
475,Purabaya,43187,7,-,32.02.38,Kab.,Sukabumi,Jawa Barat,1
476,Purbaratu,46190,6,-,32.78.10,Kota,Tasikmalaya,Jawa Barat,1
477,Purwadadi,46380,9,-,32.07.35,Kab.,Ciamis,Jawa Barat,1
478,Purwadadi,41261,10,-,32.13.06,Kab.,Subang,Jawa Barat,1
479,Purwaharja,46331 - 46334,4,-,32.79.03,Kota,Banjar,Jawa Barat,1
480,Purwakarta,41111 - 41119,10,-,32.14.01,Kab.,Purwakarta,Jawa Barat,1
481,Purwasari,41377,8,-,32.15.29,Kab.,Karawang,Jawa Barat,1
482,Pusakajaya,41255,8,-,32.13.30,Kab.,Subang,Jawa Barat,1
483,Pusakanagara,41265,7,-,32.13.10,Kab.,Subang,Jawa Barat,1
484,Puspahiang,46471,8,-,32.06.15,Kab.,Tasikmalaya,Jawa Barat,1
485,Rajadesa,46254,11,-,32.07.13,Kab.,Ciamis,Jawa Barat,1
486,Rajagaluh,45472,13,-,32.10.09,Kab.,Majalengka,Jawa Barat,1
487,Rajapolah,46155 - 46183,8,-,32.06.34,Kab.,Tasikmalaya,Jawa Barat,1
488,Ranca Bungur,16311,7,-,32.01.34,Kab.,Bogor,Jawa Barat,1
489,Rancabali (Ranca Bali),40974,5,-,32.04.40,Kab.,Bandung,Jawa Barat,1
490,Rancaekek,40394,14,-,32.04.28,Kab.,Bandung,Jawa Barat,1
491,Rancah,46387,13,-,32.07.15,Kab.,Ciamis,Jawa Barat,1
492,Rancakalong,45361,10,-,32.11.16,Kab.,Sumedang,Jawa Barat,1
493,Rancasari,40292 - 40295,4,-,32.73.23,Kota,Bandung,Jawa Barat,1
494,Rawalumbu,17114 - 17117,4,-,32.75.05,Kota,Bekasi,Jawa Barat,1
495,Rawamerta,41382,13,-,32.15.18,Kab.,Karawang,Jawa Barat,1
496,Regol,40251 - 40255,7,-,32.73.11,Kota,Bandung,Jawa Barat,1
497,Rengasdengklok,41352,9,-,32.15.06,Kab.,Karawang,Jawa Barat,1
498,Rongga,40566,8,-,32.17.13,Kab.,Bandung Barat,Jawa Barat,1
499,Rumpin,16350,14,-,32.01.18,Kab.,Bogor,Jawa Barat,1
500,Sadananya,46256,8,-,32.07.04,Kab.,Ciamis,Jawa Barat,1
501,Sagalaherang,41282,7,-,32.13.01,Kab.,Subang,Jawa Barat,1
502,Sagaranten,43181,12,-,32.02.41,Kab.,Sukabumi,Jawa Barat,1
503,Saguling,40560,6,-,32.17.16,Kab.,Bandung Barat,Jawa Barat,1
504,Salawu,46472,12,-,32.06.14,Kab.,Tasikmalaya,Jawa Barat,1
505,Salopa,46192,9,-,32.06.18,Kab.,Tasikmalaya,Jawa Barat,1
506,Samarang,44160,13,-,32.05.07,Kab.,Garut,Jawa Barat,1
507,Sariwangi,46465,8,-,32.06.30,Kab.,Tasikmalaya,Jawa Barat,1
508,Sawangan,16511 - 16519,7,-,32.76.03,Kota,Depok,Jawa Barat,1
509,Sedong,45189,10,-,32.09.09,Kab.,Cirebon,Jawa Barat,1
510,Selaawi,44187,7,-,32.05.39,Kab.,Garut,Jawa Barat,1
511,Selajambe,45566,7,-,32.08.15,Kab.,Kuningan,Jawa Barat,1
512,Serang Baru,17330,8,-,32.16.21,Kab.,Bekasi,Jawa Barat,1
513,Serangpanjang,41288,6,-,32.13.23,Kab.,Subang,Jawa Barat,1
514,Setu,17320,11,-,32.16.18,Kab.,Bekasi,Jawa Barat,1
515,Sidamulih,46365,7,-,32.18.10,Kab.,Pangandaran,Jawa Barat,1
516,Simpenan,43361,7,-,32.02.02,Kab.,Sukabumi,Jawa Barat,1
517,Sindang,45221 - 45227,10,-,32.12.16,Kab.,Indramayu,Jawa Barat,1
518,Sindang,45471,7,-,32.10.25,Kab.,Majalengka,Jawa Barat,1
519,Sindangagung (Sindang Agung),45573,12,-,32.08.31,Kab.,Kuningan,Jawa Barat,1
520,Sindangbarang,43272,11,-,32.03.21,Kab.,Cianjur,Jawa Barat,1
521,Sindangkasih,46268,9,-,32.07.31,Kab.,Ciamis,Jawa Barat,1
522,Sindangkerta,40563,11,-,32.17.14,Kab.,Bandung Barat,Jawa Barat,1
523,Sindangwangi,45474,10,-,32.10.21,Kab.,Majalengka,Jawa Barat,1
524,Singajaya,44170,9,-,32.05.24,Kab.,Garut,Jawa Barat,1
525,Singaparna,46411 - 46418,10,-,32.06.24,Kab.,Tasikmalaya,Jawa Barat,1
526,Situraja,45371,15,-,32.11.06,Kab.,Sumedang,Jawa Barat,1
527,Sliyeg,45281,14,-,32.12.12,Kab.,Indramayu,Jawa Barat,1
528,Sodonghilir,46473,12,-,32.06.12,Kab.,Tasikmalaya,Jawa Barat,1
529,Solokanjeruk (Solokan Jeruk),40375,7,-,32.04.34,Kab.,Bandung,Jawa Barat,1
530,Soreang,40911 - 40915,10,-,32.04.37,Kab.,Bandung,Jawa Barat,1
531,Subang,45586,7,-,32.08.03,Kab.,Kuningan,Jawa Barat,1
532,Subang,41211 - 41215,8,-,32.13.03,Kab.,Subang,Jawa Barat,1
533,Sucinaraja,44115,7,-,32.05.42,Kab.,Garut,Jawa Barat,1
534,Sukabumi,43151,6,-,32.02.32,Kab.,Sukabumi,Jawa Barat,1
535,Sukadana,46272,6,-,32.07.14,Kab.,Ciamis,Jawa Barat,1
536,Sukagumiwang,45275,7,-,32.12.27,Kab.,Indramayu,Jawa Barat,1
537,Sukahaji,45470,13,-,32.10.08,Kab.,Majalengka,Jawa Barat,1
538,Sukahening,46155,7,-,32.06.33,Kab.,Tasikmalaya,Jawa Barat,1
539,Sukajadi,40161 - 40164,5,-,32.73.07,Kota,Bandung,Jawa Barat,1
540,Sukajaya,16661,11,-,32.01.35,Kab.,Bogor,Jawa Barat,1
541,Sukakarya,17630,7,-,32.16.14,Kab.,Bekasi,Jawa Barat,1
542,Sukalarang,43191,6,-,32.02.36,Kab.,Sukabumi,Jawa Barat,1
543,Sukaluyu,43287,10,-,32.03.09,Kab.,Cianjur,Jawa Barat,1
544,Sukamakmur,16831,10,-,32.01.09,Kab.,Bogor,Jawa Barat,1
545,Sukamantri,46265,5,-,32.07.33,Kab.,Ciamis,Jawa Barat,1
546,Sukanagara,43264,10,-,32.03.14,Kab.,Cianjur,Jawa Barat,1
547,Sukaraja,16711,13,-,32.01.04,Kab.,Bogor,Jawa Barat,1
548,Sukaraja,43192,9,-,32.02.33,Kab.,Sukabumi,Jawa Barat,1
549,Sukaraja,46183,8,-,32.06.17,Kab.,Tasikmalaya,Jawa Barat,1
550,Sukarame,46461,6,-,32.06.26,Kab.,Tasikmalaya,Jawa Barat,1
551,Sukaratu,46415,8,-,32.06.31,Kab.,Tasikmalaya,Jawa Barat,1
552,Sukaresik,46419,8,-,32.06.39,Kab.,Tasikmalaya,Jawa Barat,1
553,Sukaresmi,43254,11,-,32.03.13,Kab.,Cianjur,Jawa Barat,1
554,Sukaresmi,44154,7,-,32.05.21,Kab.,Garut,Jawa Barat,1
555,Sukasari,40151 - 40154,4,-,32.73.01,Kota,Bandung,Jawa Barat,1
556,Sukasari,41116,5,-,32.14.15,Kab.,Purwakarta,Jawa Barat,1
557,Sukasari,41250,7,-,32.13.24,Kab.,Subang,Jawa Barat,1
558,Sukasari,45366,7,-,32.11.12,Kab.,Sumedang,Jawa Barat,1
559,Sukatani,17631,7,-,32.16.15,Kab.,Bekasi,Jawa Barat,1
560,Sukatani,41167,14,-,32.14.05,Kab.,Purwakarta,Jawa Barat,1
561,Sukawangi,17620,7,-,32.16.03,Kab.,Bekasi,Jawa Barat,1
562,Sukawening,44179,11,-,32.05.15,Kab.,Garut,Jawa Barat,1
563,Sukmajaya,16411 - 16418,6,-,32.76.05,Kota,Depok,Jawa Barat,1
564,Sukra,45259,8,-,32.12.24,Kab.,Indramayu,Jawa Barat,1
565,Sumber,45611 - 45613,14,-,32.09.15,Kab.,Cirebon,Jawa Barat,1
566,Sumberjaya,45455 - 45468,15,-,32.10.17,Kab.,Majalengka,Jawa Barat,1
567,Sumedang Selatan,45311 - 45315,14,-,32.11.17,Kab.,Sumedang,Jawa Barat,1
568,Sumedang Utara,45321 - 45323,13,-,32.11.18,Kab.,Sumedang,Jawa Barat,1
569,Sumur Bandung,40111 - 40117,4,-,32.73.19,Kota,Bandung,Jawa Barat,1
570,Surade,43179,12,-,32.02.24,Kab.,Sukabumi,Jawa Barat,1
571,Suranenggala,45150,9,-,32.09.39,Kab.,Cirebon,Jawa Barat,1
572,Surian,45393,9,-,32.11.09,Kab.,Sumedang,Jawa Barat,1
573,Susukan,45166,12,-,32.09.27,Kab.,Cirebon,Jawa Barat,1
574,Susukan Lebak,45185,13,-,32.09.08,Kab.,Cirebon,Jawa Barat,1
575,Tajurhalang,16320,7,-,32.01.37,Kab.,Bogor,Jawa Barat,1
576,Takokak,43265,9,-,32.03.16,Kab.,Cianjur,Jawa Barat,1
577,Talaga,45463,17,-,32.10.04,Kab.,Majalengka,Jawa Barat,1
578,Talegong,44167,7,-,32.05.37,Kab.,Garut,Jawa Barat,1
579,Talun (Cirebon Selatan),45171,11,-,32.09.14,Kab.,Cirebon,Jawa Barat,1
580,Tamansari,16611,8,-,32.01.31,Kab.,Bogor,Jawa Barat,1
581,Tamansari,46191,8,-,32.78.07,Kota,Tasikmalaya,Jawa Barat,1
582,Tambakdahan,41267,9,-,32.13.25,Kab.,Subang,Jawa Barat,1
583,Tambaksari,46388,6,-,32.07.16,Kab.,Ciamis,Jawa Barat,1
584,Tambelang,17621,7,-,32.16.04,Kab.,Bekasi,Jawa Barat,1
585,Tambun Selatan,17510,10,-,32.16.06,Kab.,Bekasi,Jawa Barat,1
586,Tambun Utara,17511,8,-,32.16.05,Kab.,Bekasi,Jawa Barat,1
587,Tanah Sareal (Tanah Sereal),16161 - 16169,11,-,32.71.06,Kota,Bogor,Jawa Barat,1
588,Tanggeung,43267,12,-,32.03.19,Kab.,Cianjur,Jawa Barat,1
589,Tanjungjaya,46184,7,-,32.06.16,Kab.,Tasikmalaya,Jawa Barat,1
590,Tanjungkerta,45354,12,-,32.11.20,Kab.,Sumedang,Jawa Barat,1
591,Tanjungmedar,45352,9,-,32.11.21,Kab.,Sumedang,Jawa Barat,1
592,Tanjungsari,16841,10,-,32.01.36,Kab.,Bogor,Jawa Barat,1
593,Tanjungsari,45362,12,-,32.11.11,Kab.,Sumedang,Jawa Barat,1
594,Tanjungsiang,41284,10,-,32.13.14,Kab.,Subang,Jawa Barat,1
595,Tapos,16451 - 16459,7,-,32.76.10,Kota,Depok,Jawa Barat,1
596,Taraju,46474,9,-,32.06.13,Kab.,Tasikmalaya,Jawa Barat,1
597,Tarogong Kaler,44151,13,-,32.05.04,Kab.,Garut,Jawa Barat,1
598,Tarogong Kidul,44150,12,-,32.05.05,Kab.,Garut,Jawa Barat,1
599,Tarumajaya,17211 - 17218,8,-,32.16.01,Kab.,Bekasi,Jawa Barat,1
600,Tawang,46111 - 46115,5,-,32.78.03,Kota,Tasikmalaya,Jawa Barat,1
601,Tegalbuleud,43186,8,-,32.02.45,Kab.,Sukabumi,Jawa Barat,1
602,Tegalwaru,41364,9,-,32.15.28,Kab.,Karawang,Jawa Barat,1
603,Tegalwaru (Tegal Waru),41165,13,-,32.14.08,Kab.,Purwakarta,Jawa Barat,1
604,Telagasari (Talagasari),41381,14,-,32.15.17,Kab.,Karawang,Jawa Barat,1
605,Telukjambe Barat,41361,10,-,32.15.27,Kab.,Karawang,Jawa Barat,1
606,Telukjambe Timur,41360,9,-,32.15.03,Kab.,Karawang,Jawa Barat,1
607,Tempuran,41385,14,-,32.15.20,Kab.,Karawang,Jawa Barat,1
608,Tengah Tani,45168,8,-,32.09.35,Kab.,Cirebon,Jawa Barat,1
609,Tenjo,16370,9,-,32.01.23,Kab.,Bogor,Jawa Barat,1
610,Tenjolaya,16371,7,-,32.01.40,Kab.,Bogor,Jawa Barat,1
611,Terisi (Trisi),45260,9,-,32.12.26,Kab.,Indramayu,Jawa Barat,1
612,Tirtajaya,41357,11,-,32.15.09,Kab.,Karawang,Jawa Barat,1
613,Tirtamulya,41372,10,-,32.15.16,Kab.,Karawang,Jawa Barat,1
614,Tomo,45382,9,-,32.11.24,Kab.,Sumedang,Jawa Barat,1
615,Tukdana,45270,13,-,32.12.30,Kab.,Indramayu,Jawa Barat,1
616,Ujungberung (Ujung Berung),40611 - 40619,5,-,32.73.26,Kota,Bandung,Jawa Barat,1
617,Ujungjaya,45383,9,-,32.11.25,Kab.,Sumedang,Jawa Barat,1
618,Wado,45373,10,-,32.11.01,Kab.,Sumedang,Jawa Barat,1
619,Waled,45180,12,-,32.09.01,Kab.,Cirebon,Jawa Barat,1
620,Waluran,43175,6,-,32.02.20,Kab.,Sukabumi,Jawa Barat,1
621,Wanaraja,44180,9,-,32.05.03,Kab.,Garut,Jawa Barat,1
622,Wanayasa,41174,15,-,32.14.09,Kab.,Purwakarta,Jawa Barat,1
623,Warudoyong,43131 - 43135,5,-,32.72.04,Kota,Sukabumi,Jawa Barat,1
624,Warungkiara,43362,12,-,32.02.09,Kab.,Sukabumi,Jawa Barat,1
625,Warungkondang,43260,11,-,32.03.02,Kab.,Cianjur,Jawa Barat,1
626,Weru,45159,9,-,32.09.19,Kab.,Cirebon,Jawa Barat,1
627,Widasari,45271,10,-,32.12.07,Kab.,Indramayu,Jawa Barat,1
1,Bahau Hulu,77562,6,-,65.02.11,Kab.,Malinau,Kalimantan Utara,1
2,Betayau,77152,6,-,65.04.04,Kab.,Tana Tidung,Kalimantan Utara,1
3,Bunyu (Pulau Bunyu),77281,3,9,65.01.10,Kab.,Bulungan,Kalimantan Utara,1
4,Kayan Hilir,77571,5,-,65.02.04,Kab.,Malinau,Kalimantan Utara,1
5,Kayan Hulu,77572,5,-,65.02.05,Kab.,Malinau,Kalimantan Utara,1
6,Kayan Selatan,77573,5,-,65.02.10,Kab.,Malinau,Kalimantan Utara,1
7,Krayan,77456,23,-,65.03.05,Kab.,Nunukan,Kalimantan Utara,1
8,Krayan Barat,77455,25,-,65.03.19,Kab.,Nunukan,Kalimantan Utara,1
9,Krayan Selatan,77454,13,-,65.03.07,Kab.,Nunukan,Kalimantan Utara,1
10,Krayan Tengah,77458,11,-,65.03.17,Kab.,Nunukan,Kalimantan Utara,1
11,Krayan Timur,77459,17,-,65.03.18,Kab.,Nunukan,Kalimantan Utara,1
12,Lumbis,77457,28,-,65.03.04,Kab.,Nunukan,Kalimantan Utara,1
13,Lumbis Hulu,77450,10,-,65.03.21,Kab.,Nunukan,Kalimantan Utara,1
14,Lumbis Ogong,77450,26,-,65.03.15,Kab.,Nunukan,Kalimantan Utara,1
15,Lumbis Pansiangan,77450,13,-,65.03.20,Kab.,Nunukan,Kalimantan Utara,1
16,Malinau Barat,77554,9,-,65.02.08,Kab.,Malinau,Kalimantan Utara,1
17,Malinau Kota,77550,6,-,65.02.02,Kab.,Malinau,Kalimantan Utara,1
18,Malinau Selatan,77551,9,-,65.02.06,Kab.,Malinau,Kalimantan Utara,1
19,Malinau Selatan Hilir,77552,8,-,65.02.13,Kab.,Malinau,Kalimantan Utara,1
20,Malinau Selatan Hulu,77553,8,-,65.02.14,Kab.,Malinau,Kalimantan Utara,1
21,Malinau Utara,77557,12,-,65.02.07,Kab.,Malinau,Kalimantan Utara,1
22,Mentarang,77555,6,-,65.02.01,Kab.,Malinau,Kalimantan Utara,1
23,Mentarang Hulu,77155,10,-,65.02.12,Kab.,Malinau,Kalimantan Utara,1
24,Muruk Rian,77154,6,-,65.04.05,Kab.,Tana Tidung,Kalimantan Utara,1
25,Nunukan,77482,5,-,65.03.02,Kab.,Nunukan,Kalimantan Utara,1
26,Nunukan Selatan,77480,4,-,65.03.09,Kab.,Nunukan,Kalimantan Utara,1
27,Peso,77261,10,1,65.01.07,Kab.,Bulungan,Kalimantan Utara,1
28,Peso Hilir (Ilir),77262,6,-,65.01.08,Kab.,Bulungan,Kalimantan Utara,1
29,Pujungan,77563,9,-,65.02.03,Kab.,Malinau,Kalimantan Utara,1
30,Sebatik,77483,4,1,65.03.01,Kab.,Nunukan,Kalimantan Utara,1
31,Sebatik Barat,77486,4,-,65.03.08,Kab.,Nunukan,Kalimantan Utara,1
32,Sebatik Tengah,77487,4,-,65.03.12,Kab.,Nunukan,Kalimantan Utara,1
33,Sebatik Timur,77488,4,-,65.03.10,Kab.,Nunukan,Kalimantan Utara,1
34,Sebatik Utara,77489,3,-,65.03.11,Kab.,Nunukan,Kalimantan Utara,1
35,Sebuku,77481,10,-,65.03.06,Kab.,Nunukan,Kalimantan Utara,1
36,Sei Menggaris,77484,4,-,65.03.13,Kab.,Nunukan,Kalimantan Utara,1
37,Sekatak,77263,22,9,65.01.09,Kab.,Bulungan,Kalimantan Utara,1
38,Sembakung,77453,10,-,65.03.03,Kab.,Nunukan,Kalimantan Utara,1
39,Sembakung Atulai,77452,10,-,65.03.16,Kab.,Nunukan,Kalimantan Utara,1
40,Sesayap,77151,7,7,65.04.01,Kab.,Tana Tidung,Kalimantan Utara,1
41,Sesayap Hilir,77153,8,20,65.04.02,Kab.,Tana Tidung,Kalimantan Utara,1
42,Sungai Boh,77574,6,-,65.02.09,Kab.,Malinau,Kalimantan Utara,1
43,Sungai Tubu,77556,5,-,65.02.15,Kab.,Malinau,Kalimantan Utara,1
44,Tana Lia,77451,5,9,65.04.03,Kab.,Tana Tidung,Kalimantan Utara,1
45,Tanjung Palas,77211 - 77216,9,-,65.01.01,Kab.,Bulungan,Kalimantan Utara,1
46,Tanjung Palas Barat,77217,5,-,65.01.02,Kab.,Bulungan,Kalimantan Utara,1
47,Tanjung Palas Tengah,77216,3,64,65.01.06,Kab.,Bulungan,Kalimantan Utara,1
48,Tanjung Palas Timur,77215,8,-,65.01.04,Kab.,Bulungan,Kalimantan Utara,1
49,Tanjung Palas Utara,77218,6,-,65.01.03,Kab.,Bulungan,Kalimantan Utara,1
50,Tanjung Selor,77211 - 77212,9,6,65.01.05,Kab.,Bulungan,Kalimantan Utara,1
51,Tarakan Barat,77111 - 77112,5,2,65.71.01,Kota,Tarakan,Kalimantan Utara,1
52,Tarakan Tengah,77113 - 77114,5,-,65.71.02,Kota,Tarakan,Kalimantan Utara,1
53,Tarakan Timur,77115 - 77126,7,-,65.71.03,Kota,Tarakan,Kalimantan Utara,1
54,Tarakan Utara,77116,3,-,65.71.04,Kota,Tarakan,Kalimantan Utara,1
55,Tulin Onsoi,77485,12,-,65.03.14,Kab.,Nunukan,Kalimantan Utara,1
1,Airgegas (Air Gegas),33782,10,-,19.03.03,Kab.,Bangka Selatan,Kepulauan Bangka Belitung,1
2,Badau,33451,7,7,19.02.05,Kab.,Belitung,Kepulauan Bangka Belitung,1
3,Bakam,33252,9,-,19.01.06,Kab.,Bangka,Kepulauan Bangka Belitung,1
4,Belinyu,33253,12,20,19.01.02,Kab.,Bangka,Kepulauan Bangka Belitung,1
5,Bukit Intan (Bukitintan),33147 - 33149,7,-,19.71.01,Kota,Pangkal Pinang,Kepulauan Bangka Belitung,1
6,Damar,33571,5,-,19.06.05,Kab.,Belitung Timur,Kepulauan Bangka Belitung,1
7,Dendang,33561,4,35,19.06.03,Kab.,Belitung Timur,Kepulauan Bangka Belitung,1
8,Gabek,33111 - 33119,6,-,19.71.06,Kota,Pangkal Pinang,Kepulauan Bangka Belitung,1
9,Gantung,33562,7,39,19.06.02,Kab.,Belitung Timur,Kepulauan Bangka Belitung,1
10,Gerunggang,33123 - 33125,6,-,19.71.05,Kota,Pangkal Pinang,Kepulauan Bangka Belitung,1
11,Girimaya,33141 - 33146,5,-,19.71.07,Kota,Pangkal Pinang,Kepulauan Bangka Belitung,1
12,Jebus,33362,11,75,19.05.03,Kab.,Bangka Barat,Kepulauan Bangka Belitung,1
13,Kelapa,33364,14,-,19.05.04,Kab.,Bangka Barat,Kepulauan Bangka Belitung,1
14,Kelapa Kampit,33572,6,12,19.06.04,Kab.,Belitung Timur,Kepulauan Bangka Belitung,1
15,Kepulauan Pongok,33791,2,-,19.03.08,Kab.,Bangka Selatan,Kepulauan Bangka Belitung,1
16,Koba,33681,11,8,19.04.01,Kab.,Bangka Tengah,Kepulauan Bangka Belitung,1
17,Lepar (Lepar Pongok),33792,4,28,19.03.02,Kab.,Bangka Selatan,Kepulauan Bangka Belitung,1
18,Lubuk Besar,33682,9,3,19.04.06,Kab.,Bangka Tengah,Kepulauan Bangka Belitung,1
19,Manggar,33511 - 33517,9,25,19.06.01,Kab.,Belitung Timur,Kepulauan Bangka Belitung,1
20,Membalong,33452,12,30,19.02.02,Kab.,Belitung,Kepulauan Bangka Belitung,1
21,Mendo Barat,33173,15,5,19.01.04,Kab.,Bangka,Kepulauan Bangka Belitung,1
22,Mentok (Muntok),33311 - 33351,9,-,19.05.01,Kab.,Bangka Barat,Kepulauan Bangka Belitung,1
23,Merawang,33172,10,1,19.01.03,Kab.,Bangka,Kepulauan Bangka Belitung,1
24,Namang,33683,8,-,19.04.05,Kab.,Bangka Tengah,Kepulauan Bangka Belitung,1
25,Pangkal Balam,33111 - 33115,5,-,19.71.03,Kota,Pangkal Pinang,Kepulauan Bangka Belitung,1
26,Pangkalan Baru,33684,12,3,19.04.02,Kab.,Bangka Tengah,Kepulauan Bangka Belitung,1
27,Parittiga,33363,10,-,19.05.06,Kab.,Bangka Barat,Kepulauan Bangka Belitung,1
28,Payung,33778,9,-,19.03.05,Kab.,Bangka Selatan,Kepulauan Bangka Belitung,1
29,Pemali,33251 - 33255,6,-,19.01.05,Kab.,Bangka,Kepulauan Bangka Belitung,1
30,Puding Besar,33179,7,-,19.01.08,Kab.,Bangka,Kepulauan Bangka Belitung,1
31,Pulau Besar (Pulaubesar),33779,5,3,19.03.07,Kab.,Bangka Selatan,Kepulauan Bangka Belitung,1
32,Rangkui,33132 - 33139,8,-,19.71.04,Kota,Pangkal Pinang,Kepulauan Bangka Belitung,1
33,Riau Silip,33254,9,12,19.01.07,Kab.,Bangka,Kepulauan Bangka Belitung,1
34,Selat Nasik,33481,4,30,19.02.03,Kab.,Belitung,Kepulauan Bangka Belitung,1
35,Sijuk,33414,10,38,19.02.04,Kab.,Belitung,Kepulauan Bangka Belitung,1
36,Simpang Katis,33674,10,-,19.04.04,Kab.,Bangka Tengah,Kepulauan Bangka Belitung,1
37,Simpang Pesak,33560,4,-,19.06.07,Kab.,Belitung Timur,Kepulauan Bangka Belitung,1
38,Simpang Renggiang,33563,4,-,19.06.06,Kab.,Belitung Timur,Kepulauan Bangka Belitung,1
39,Simpang Rimba,33777,7,5,19.03.04,Kab.,Bangka Selatan,Kepulauan Bangka Belitung,1
40,Simpang Teritip,33366,13,-,19.05.02,Kab.,Bangka Barat,Kepulauan Bangka Belitung,1
41,Sungai Selan,33675,13,6,19.04.03,Kab.,Bangka Tengah,Kepulauan Bangka Belitung,1
42,Sungailiat (Sungai Liat),33211 - 33215,13,5,19.01.01,Kab.,Bangka,Kepulauan Bangka Belitung,1
43,Taman Sari,33121 - 33127,5,-,19.71.02,Kota,Pangkal Pinang,Kepulauan Bangka Belitung,1
44,Tanjung Pandan,33411 - 33417,16,5,19.02.01,Kab.,Belitung,Kepulauan Bangka Belitung,1
45,Tempilang,33365,9,1,19.05.05,Kab.,Bangka Barat,Kepulauan Bangka Belitung,1
46,Toboali,33783,11,21,19.03.01,Kab.,Bangka Selatan,Kepulauan Bangka Belitung,1
47,Tukak Sadai,33784,5,-,19.03.06,Kab.,Bangka Selatan,Kepulauan Bangka Belitung,1
1,Ajung,68175,7,-,35.09.17,Kab.,Jember,Jawa Timur,1
2,Ambulu,68132 - 68172,7,12,35.09.12,Kab.,Jember,Jawa Timur,1
3,Ambunten,69455,15,-,35.29.12,Kab.,Sumenep,Jawa Timur,1
4,Ampelgading,65183,13,5,35.07.06,Kab.,Malang,Jawa Timur,1
5,Arjasa,68191,6,-,35.09.22,Kab.,Jember,Jawa Timur,1
6,Arjasa,68371,8,-,35.12.11,Kab.,Situbondo,Jawa Timur,1
7,Arjasa,69491,19,-,35.29.24,Kab.,Sumenep,Jawa Timur,1
8,Arjosari,63581,17,-,35.01.06,Kab.,Pacitan,Jawa Timur,1
9,Arosbaya,69151,18,-,35.26.05,Kab.,Bangkalan,Jawa Timur,1
10,Asem Rowo (Asemrowo),60182 - 60184,3,-,35.78.28,Kota,Surabaya,Jawa Timur,1
11,Asembagus,68373,10,-,35.12.13,Kab.,Situbondo,Jawa Timur,1
12,Babadan,63491,15,-,35.02.16,Kab.,Ponorogo,Jawa Timur,1
13,Babat,62271,23,-,35.24.05,Kab.,Lamongan,Jawa Timur,1
14,Badas,64216 - 64224,8,-,35.06.26,Kab.,Kediri,Jawa Timur,1
15,Badegan,63455,10,-,35.02.13,Kab.,Ponorogo,Jawa Timur,1
16,Bagor,64461,21,-,35.18.14,Kab.,Nganjuk,Jawa Timur,1
17,Bakung,66163,11,-,35.05.05,Kab.,Blitar,Jawa Timur,1
18,Balen,62168 - 62182,23,-,35.22.13,Kab.,Bojonegoro,Jawa Timur,1
19,Balerejo,63152,18,-,35.19.10,Kab.,Madiun,Jawa Timur,1
20,Balong,63461,20,-,35.02.11,Kab.,Ponorogo,Jawa Timur,1
21,Balongbendo,61263,20,-,35.15.12,Kab.,Sidoarjo,Jawa Timur,1
22,Balongpanggang (Balong Panggang),61173,25,-,35.25.02,Kab.,Gresik,Jawa Timur,1
23,Balung,68161,8,-,35.09.10,Kab.,Jember,Jawa Timur,1
24,Bancar,62354,24,-,35.23.04,Kab.,Tuban,Jawa Timur,1
25,Bandar,63583,8,-,35.01.08,Kab.,Pacitan,Jawa Timur,1
26,Bandarkedungmulyo (Bandar Kedung Mulyo),61462,11,-,35.17.18,Kab.,Jombang,Jawa Timur,1
27,Bandung,66274,18,-,35.04.17,Kab.,Tulungagung,Jawa Timur,1
28,Bangil,67153,15,-,35.14.14,Kab.,Pasuruan,Jawa Timur,1
29,Bangilan,62364,14,-,35.23.03,Kab.,Tuban,Jawa Timur,1
30,Bangkalan,69112 - 69119,13,-,35.26.01,Kab.,Bangkalan,Jawa Timur,1
31,Bangorejo,68487,7,-,35.10.02,Kab.,Banyuwangi,Jawa Timur,1
32,Bangsal,61381,17,-,35.16.10,Kab.,Mojokerto,Jawa Timur,1
33,Bangsalsari,68154,11,-,35.09.09,Kab.,Jember,Jawa Timur,1
34,Bantaran,67261 - 67283,10,-,35.13.04,Kab.,Probolinggo,Jawa Timur,1
35,Bantur,65179,10,12,35.07.03,Kab.,Malang,Jawa Timur,1
36,Banyakan,64157,9,-,35.06.22,Kab.,Kediri,Jawa Timur,1
37,Banyuanyar (Banyu Anyar),67275,14,-,35.13.06,Kab.,Probolinggo,Jawa Timur,1
38,Banyuates,69263,20,-,35.27.09,Kab.,Sampang,Jawa Timur,1
39,Banyuglugur,68359,7,-,35.12.16,Kab.,Situbondo,Jawa Timur,1
40,Banyuputih,68374,5,1,35.12.14,Kab.,Situbondo,Jawa Timur,1
41,Banyuwangi,68411 - 68419,18,2,35.10.16,Kab.,Banyuwangi,Jawa Timur,1
42,Barat,63137 - 63395,14,-,35.20.12,Kab.,Magetan,Jawa Timur,1
43,Bareng,61474,13,-,35.17.04,Kab.,Jombang,Jawa Timur,1
44,Baron,64394,11,-,35.18.10,Kab.,Nganjuk,Jawa Timur,1
45,Batang Batang,69473,16,-,35.29.16,Kab.,Sumenep,Jawa Timur,1
46,Batu,65311 - 65318,8,-,35.79.01,Kota,Batu,Jawa Timur,1
47,Batuan,69451,7,-,35.29.26,Kab.,Sumenep,Jawa Timur,1
48,Batumarmar,69354,13,-,35.28.11,Kab.,Pamekasan,Jawa Timur,1
49,Batuputih,69453,14,-,35.29.17,Kab.,Sumenep,Jawa Timur,1
50,Baureno,62192,25,-,35.22.10,Kab.,Bojonegoro,Jawa Timur,1
51,Beji,67154,14,-,35.14.13,Kab.,Pasuruan,Jawa Timur,1
52,Bendo,63384,16,-,35.20.10,Kab.,Magetan,Jawa Timur,1
53,Bendungan,66351,8,-,35.03.09,Kab.,Trenggalek,Jawa Timur,1
54,Benjeng,61172,23,-,35.25.04,Kab.,Gresik,Jawa Timur,1
55,Benowo,60191 - 60199,4,-,35.78.19,Kota,Surabaya,Jawa Timur,1
56,Berbek,64473,19,-,35.18.03,Kab.,Nganjuk,Jawa Timur,1
57,Besuk,67283,17,-,35.13.13,Kab.,Probolinggo,Jawa Timur,1
58,Besuki,68356,10,-,35.12.02,Kab.,Situbondo,Jawa Timur,1
59,Besuki,66275,10,19,35.04.15,Kab.,Tulungagung,Jawa Timur,1
60,Binakal,68251,8,-,35.11.20,Kab.,Bondowoso,Jawa Timur,1
61,Binangun,66193,12,-,35.05.16,Kab.,Blitar,Jawa Timur,1
62,Blega,69174,19,-,35.26.15,Kab.,Bangkalan,Jawa Timur,1
63,Blimbing,65121 - 65137,11,-,35.73.01,Kota,Malang,Jawa Timur,1
64,Blimbingsari,68460 - 68461,10,-,35.10.25,Kab.,Banyuwangi,Jawa Timur,1
65,Bluluk,62274,9,-,35.24.02,Kab.,Lamongan,Jawa Timur,1
66,Bluto,69466,20,-,35.29.05,Kab.,Sumenep,Jawa Timur,1
67,Bojonegoro,62111 - 62119,18,-,35.22.15,Kab.,Bojonegoro,Jawa Timur,1
68,Bondowoso,68211 - 68219,11,-,35.11.11,Kab.,Bondowoso,Jawa Timur,1
69,Botolinggo,68284 - 68285,8,-,35.11.22,Kab.,Bondowoso,Jawa Timur,1
70,Boyolangu,66231 - 66235,17,-,35.04.02,Kab.,Tulungagung,Jawa Timur,1
71,Bringin,63285,10,-,35.21.15,Kab.,Ngawi,Jawa Timur,1
72,Brondong,62263,10,-,35.24.07,Kab.,Lamongan,Jawa Timur,1
73,Bubulan,62172,5,-,35.22.05,Kab.,Bojonegoro,Jawa Timur,1
74,Bubutan,60171 - 60174,7,-,35.78.13,Kota,Surabaya,Jawa Timur,1
75,Buduran,61252,15,-,35.15.15,Kab.,Sidoarjo,Jawa Timur,1
76,Bugul Kidul,67123 - 67129,6,-,35.75.03,Kota,Pasuruan,Jawa Timur,1
77,Bulak,60121 - 60125,4,-,35.78.29,Kota,Surabaya,Jawa Timur,1
78,Bululawang,65171,14,-,35.07.14,Kab.,Malang,Jawa Timur,1
79,Bumiaji,65331 - 65338,9,-,35.79.02,Kota,Batu,Jawa Timur,1
80,Bungah,61152,22,-,35.25.12,Kab.,Gresik,Jawa Timur,1
81,Bungatan,68358,7,-,35.12.17,Kab.,Situbondo,Jawa Timur,1
82,Bungkal,63462,19,-,35.02.03,Kab.,Ponorogo,Jawa Timur,1
83,Burneh,69121,12,-,35.26.03,Kab.,Bangkalan,Jawa Timur,1
84,Camplong,69281,14,-,35.27.04,Kab.,Sampang,Jawa Timur,1
85,Campurdarat (Campur Darat),66272,9,-,35.04.16,Kab.,Tulungagung,Jawa Timur,1
86,Candi,61271,24,-,35.15.07,Kab.,Sidoarjo,Jawa Timur,1
87,Candipuro,67373,10,-,35.08.03,Kab.,Lumajang,Jawa Timur,1
88,Cerme,61171,25,-,35.25.11,Kab.,Gresik,Jawa Timur,1
89,Cermee,68261 - 68286,15,-,35.11.15,Kab.,Bondowoso,Jawa Timur,1
90,Cluring,68482,9,-,35.10.06,Kab.,Banyuwangi,Jawa Timur,1
91,Curahdami,68250,12,-,35.11.07,Kab.,Bondowoso,Jawa Timur,1
92,Dagangan,63172,17,-,35.19.04,Kab.,Madiun,Jawa Timur,1
93,Dampit,65181,12,-,35.07.05,Kab.,Malang,Jawa Timur,1
94,Dander,62171,16,-,35.22.06,Kab.,Bojonegoro,Jawa Timur,1
95,Dasuk,69454,15,-,35.29.14,Kab.,Sumenep,Jawa Timur,1
96,Dau,65151,10,-,35.07.22,Kab.,Malang,Jawa Timur,1
97,Dawarblandong (Dawar Blandong),61354,18,-,35.16.17,Kab.,Mojokerto,Jawa Timur,1
98,Deket,62291,17,-,35.24.25,Kab.,Lamongan,Jawa Timur,1
99,Diwek,61471,20,-,35.17.08,Kab.,Jombang,Jawa Timur,1
100,Dlanggu,61371,16,-,35.16.09,Kab.,Mojokerto,Jawa Timur,1
101,Doko,66186,10,-,35.05.18,Kab.,Blitar,Jawa Timur,1
102,Dolopo,63174,12,-,35.19.02,Kab.,Madiun,Jawa Timur,1
103,Dongko,66363,10,-,35.03.04,Kab.,Trenggalek,Jawa Timur,1
104,Donomulyo,65167,10,16,35.07.01,Kab.,Malang,Jawa Timur,1
105,Donorojo,63554,12,-,35.01.01,Kab.,Pacitan,Jawa Timur,1
106,Dringu,67271,14,-,35.13.19,Kab.,Probolinggo,Jawa Timur,1
107,Driyorejo,61177,16,-,35.25.15,Kab.,Gresik,Jawa Timur,1
108,Duduksampeyan (Duduk Sampeyan),61162,23,-,35.25.05,Kab.,Gresik,Jawa Timur,1
109,Dukuh Pakis,60224 - 60226,4,-,35.78.21,Kota,Surabaya,Jawa Timur,1
110,Dukun,61155,26,-,35.25.01,Kab.,Gresik,Jawa Timur,1
111,Dungkek,69474,15,-,35.29.18,Kab.,Sumenep,Jawa Timur,1
112,Durenan,66381,14,-,35.03.13,Kab.,Trenggalek,Jawa Timur,1
113,Gading,67292,19,-,35.13.09,Kab.,Probolinggo,Jawa Timur,1
114,Gadingrejo,67131 - 67139,8,-,35.75.01,Kota,Pasuruan,Jawa Timur,1
115,Galis,69173,21,-,35.26.18,Kab.,Bangkalan,Jawa Timur,1
116,Galis,69382,10,-,35.28.03,Kab.,Pamekasan,Jawa Timur,1
117,Gambiran,68486,6,-,35.10.07,Kab.,Banyuwangi,Jawa Timur,1
118,Gampengrejo,64182,11,-,35.06.12,Kab.,Kediri,Jawa Timur,1
119,Ganding,69462,14,-,35.29.10,Kab.,Sumenep,Jawa Timur,1
120,Gandusari,66187,14,-,35.05.15,Kab.,Blitar,Jawa Timur,1
121,Gandusari,66372,11,-,35.03.10,Kab.,Trenggalek,Jawa Timur,1
122,Gapura,69472,17,-,35.29.19,Kab.,Sumenep,Jawa Timur,1
123,Garum,66182,9,-,35.05.11,Kab.,Blitar,Jawa Timur,1
124,Gayam,69483,10,-,35.29.20,Kab.,Sumenep,Jawa Timur,1
125,Gayam,62152 - 62154,12,-,35.22.28,Kab.,Bojonegoro,Jawa Timur,1
126,Gayungan,60231 - 60235,4,-,35.78.22,Kota,Surabaya,Jawa Timur,1
127,Gedangan,65178,8,4,35.07.29,Kab.,Malang,Jawa Timur,1
128,Gedangan,61254,15,-,35.15.16,Kab.,Sidoarjo,Jawa Timur,1
129,Gedeg,61351,14,-,35.16.14,Kab.,Mojokerto,Jawa Timur,1
130,Geger,69152,13,-,35.26.06,Kab.,Bangkalan,Jawa Timur,1
131,Geger,63171,19,-,35.19.03,Kab.,Madiun,Jawa Timur,1
132,Gemarang,63156,7,-,35.19.06,Kab.,Madiun,Jawa Timur,1
133,Gempol,67155,15,-,35.14.12,Kab.,Pasuruan,Jawa Timur,1
134,Gending,67272,13,-,35.13.18,Kab.,Probolinggo,Jawa Timur,1
135,Geneng,63271,13,-,35.21.05,Kab.,Ngawi,Jawa Timur,1
136,Genteng,68465,5,-,35.10.09,Kab.,Banyuwangi,Jawa Timur,1
137,Genteng,60271 - 60275,5,-,35.78.07,Kota,Surabaya,Jawa Timur,1
138,Gerih,63270,5,-,35.21.18,Kab.,Ngawi,Jawa Timur,1
139,Giliginting (Gili Ginting),69482,8,-,35.29.08,Kab.,Sumenep,Jawa Timur,1
140,Giri,68422 - 68425,6,-,35.10.17,Kab.,Banyuwangi,Jawa Timur,1
141,Glagah,68431 - 68432,10,-,35.10.15,Kab.,Banyuwangi,Jawa Timur,1
142,Glagah,62292,29,-,35.24.26,Kab.,Lamongan,Jawa Timur,1
143,Glenmore,68466,7,-,35.10.10,Kab.,Banyuwangi,Jawa Timur,1
144,Gondang,62173,7,-,35.22.26,Kab.,Bojonegoro,Jawa Timur,1
145,Gondang,61372,18,-,35.16.02,Kab.,Mojokerto,Jawa Timur,1
146,Gondang,64451,17,-,35.18.17,Kab.,Nganjuk,Jawa Timur,1
147,Gondang,66263,20,-,35.04.09,Kab.,Tulungagung,Jawa Timur,1
148,Gondanglegi,65174,14,-,35.07.10,Kab.,Malang,Jawa Timur,1
149,Gondangwetan (Gondang Wetan),67174,20,-,35.14.18,Kab.,Pasuruan,Jawa Timur,1
150,Grabagan,62371,11,-,35.23.20,Kab.,Tuban,Jawa Timur,1
151,Grati,67184,15,-,35.14.20,Kab.,Pasuruan,Jawa Timur,1
152,Gresik,61111 - 61119,21,-,35.25.16,Kab.,Gresik,Jawa Timur,1
153,Grogol,64151,9,-,35.06.13,Kab.,Kediri,Jawa Timur,1
154,Grujugan,68261,11,-,35.11.06,Kab.,Bondowoso,Jawa Timur,1
155,Gubeng,60281 - 60286,6,-,35.78.08,Kota,Surabaya,Jawa Timur,1
156,Gucialit,67353,9,-,35.08.13,Kab.,Lumajang,Jawa Timur,1
157,Gudo,61463,18,-,35.17.02,Kab.,Jombang,Jawa Timur,1
158,Guluk-Guluk (Guluk Guluk),69463,12,-,35.29.09,Kab.,Sumenep,Jawa Timur,1
159,Gumukmas (Gumuk Mas),68165,8,-,35.09.04,Kab.,Jember,Jawa Timur,1
160,Gunung Anyar (Gununganyar),60293 - 60294,4,-,35.78.25,Kota,Surabaya,Jawa Timur,1
161,Gurah,64113 - 64181,21,-,35.06.10,Kab.,Kediri,Jawa Timur,1
162,Jabon,61276,14,2,35.15.05,Kab.,Sidoarjo,Jawa Timur,1
163,Jabung,65155,15,-,35.07.17,Kab.,Malang,Jawa Timur,1
164,Jambangan,60232 - 60233,4,-,35.78.23,Kota,Surabaya,Jawa Timur,1
165,Jambesari Darus Sholah,68261 - 68271,9,-,35.11.23,Kab.,Bondowoso,Jawa Timur,1
166,Jambon,63456,13,-,35.02.20,Kab.,Ponorogo,Jawa Timur,1
167,Jangkar,68372,8,-,35.12.12,Kab.,Situbondo,Jawa Timur,1
168,Jatibanteng,68357,8,-,35.12.01,Kab.,Situbondo,Jawa Timur,1
169,Jatikalen,64392,11,-,35.18.20,Kab.,Nganjuk,Jawa Timur,1
170,Jatirejo,61373,19,-,35.16.01,Kab.,Mojokerto,Jawa Timur,1
171,Jatirogo,62362,18,-,35.23.02,Kab.,Tuban,Jawa Timur,1
172,Jatiroto,67355,6,-,35.08.17,Kab.,Lumajang,Jawa Timur,1
173,Jelbuk,68192,6,-,35.09.25,Kab.,Jember,Jawa Timur,1
174,Jenangan,63492,17,-,35.02.18,Kab.,Ponorogo,Jawa Timur,1
175,Jenggawah,68171,8,-,35.09.16,Kab.,Jember,Jawa Timur,1
176,Jenu,62352,17,-,35.23.12,Kab.,Tuban,Jawa Timur,1
177,Jetis,61352,16,-,35.16.16,Kab.,Mojokerto,Jawa Timur,1
178,Jetis,63473,14,-,35.02.09,Kab.,Ponorogo,Jawa Timur,1
179,Jiwan,63161,14,-,35.19.09,Kab.,Madiun,Jawa Timur,1
180,Jogorogo,63262,12,-,35.21.03,Kab.,Ngawi,Jawa Timur,1
181,Jogoroto,61485,11,-,35.17.19,Kab.,Jombang,Jawa Timur,1
182,Jombang,68168,6,-,35.09.01,Kab.,Jember,Jawa Timur,1
183,Jombang,61411 - 61419,20,-,35.17.09,Kab.,Jombang,Jawa Timur,1
184,Jrengik,69272,14,-,35.27.07,Kab.,Sampang,Jawa Timur,1
185,Junrejo,65321 - 65327,7,-,35.79.03,Kota,Batu,Jawa Timur,1
186,Kabat,68461,14,-,35.10.14,Kab.,Banyuwangi,Jawa Timur,1
187,Kabuh,61455,16,-,35.17.16,Kab.,Jombang,Jawa Timur,1
188,Kademangan,66161,15,-,35.05.04,Kab.,Blitar,Jawa Timur,1
189,Kademangan,67221 - 67226,6,-,35.74.01,Kota,Probolinggo,Jawa Timur,1
190,Kadur,69355,10,-,35.28.12,Kab.,Pamekasan,Jawa Timur,1
191,Kalianget,69471,7,-,35.29.02,Kab.,Sumenep,Jawa Timur,1
192,Kalibaru,68467,6,-,35.10.11,Kab.,Banyuwangi,Jawa Timur,1
193,Kalidawir,66281,17,-,35.04.14,Kab.,Tulungagung,Jawa Timur,1
194,Kalipare,65166,9,-,35.07.11,Kab.,Malang,Jawa Timur,1
195,Kalipuro,68421 - 68455,9,-,35.10.21,Kab.,Banyuwangi,Jawa Timur,1
196,Kalisat,68113 - 68193,12,-,35.09.27,Kab.,Jember,Jawa Timur,1
197,Kalitengah,62255,20,-,35.24.20,Kab.,Lamongan,Jawa Timur,1
198,Kalitidu,62152,18,-,35.22.16,Kab.,Bojonegoro,Jawa Timur,1
199,Kaliwates,68131 - 68137,7,-,35.09.19,Kab.,Jember,Jawa Timur,1
200,Kamal,69162,10,-,35.26.04,Kab.,Bangkalan,Jawa Timur,1
201,Kampak,66373,7,-,35.03.07,Kab.,Trenggalek,Jawa Timur,1
202,Kandangan,64294,12,-,35.06.19,Kab.,Kediri,Jawa Timur,1
203,Kandat,64137 - 64173,12,-,35.06.05,Kab.,Kediri,Jawa Timur,1
204,Kangayan,69490,9,-,35.29.27,Kab.,Sumenep,Jawa Timur,1
205,Kanigaran,67221 - 67225,6,-,35.74.04,Kota,Probolinggo,Jawa Timur,1
206,Kanigoro,66171,12,-,35.05.10,Kab.,Blitar,Jawa Timur,1
207,Kanor,62193,25,-,35.22.11,Kab.,Bojonegoro,Jawa Timur,1
208,Kapas,62181,21,-,35.22.14,Kab.,Bojonegoro,Jawa Timur,1
209,Kapongan,68362,10,-,35.12.10,Kab.,Situbondo,Jawa Timur,1
210,Karang Pilang (Karangpilang),60221 - 60223,4,-,35.78.01,Kota,Surabaya,Jawa Timur,1
211,Karangan,66361,12,-,35.03.06,Kab.,Trenggalek,Jawa Timur,1
212,Karanganyar,63257,7,-,35.21.17,Kab.,Ngawi,Jawa Timur,1
213,Karangbinangun,62293,21,-,35.24.24,Kab.,Lamongan,Jawa Timur,1
214,Karanggeneng (Karang Geneng),62254,18,-,35.24.18,Kab.,Lamongan,Jawa Timur,1
215,Karangjati,63284,17,-,35.21.07,Kab.,Ngawi,Jawa Timur,1
216,Karangpenang (Karang Penang),69254,7,-,35.27.14,Kab.,Sampang,Jawa Timur,1
217,Karangploso (Karang Ploso),65152,9,-,35.07.23,Kab.,Malang,Jawa Timur,1
218,Karangrejo,63395,13,-,35.20.13,Kab.,Magetan,Jawa Timur,1
219,Karangrejo (Karang Rejo),66253,13,-,35.04.08,Kab.,Tulungagung,Jawa Timur,1
220,Karas,63393,11,-,35.20.14,Kab.,Magetan,Jawa Timur,1
221,Kare,63182,8,-,35.19.05,Kab.,Madiun,Jawa Timur,1
222,Kartoharjo,63111 - 63119,9,-,35.77.01,Kota,Madiun,Jawa Timur,1
223,Kartoharjo (Kertoharjo),63394,12,-,35.20.15,Kab.,Magetan,Jawa Timur,1
224,Kasembon,65393,6,-,35.07.28,Kab.,Malang,Jawa Timur,1
225,Kasiman,62164,10,-,35.22.20,Kab.,Bojonegoro,Jawa Timur,1
226,Kasreman,63281,8,-,35.21.19,Kab.,Ngawi,Jawa Timur,1
227,Kauman,63451,16,-,35.02.12,Kab.,Ponorogo,Jawa Timur,1
228,Kauman,66261,13,-,35.04.05,Kab.,Tulungagung,Jawa Timur,1
229,Kawedanan,63382,20,-,35.20.05,Kab.,Magetan,Jawa Timur,1
230,Kayen Kidul,64183,12,-,35.06.24,Kab.,Kediri,Jawa Timur,1
231,Kebomas,61121 - 61124,21,-,35.25.14,Kab.,Gresik,Jawa Timur,1
232,Kebonagung (Kebon Agung),63561,19,-,35.01.05,Kab.,Pacitan,Jawa Timur,1
233,Kebonsari (Kebon Sari),63173,14,-,35.19.01,Kab.,Madiun,Jawa Timur,1
234,Kedamean,61175,15,-,35.25.08,Kab.,Gresik,Jawa Timur,1
235,Kedewan,62160,5,-,35.22.25,Kab.,Bojonegoro,Jawa Timur,1
236,Kedopok (Kedopak),67227 - 67239,6,-,35.74.05,Kota,Probolinggo,Jawa Timur,1
237,Kedungadem,62195,23,-,35.22.08,Kab.,Bojonegoro,Jawa Timur,1
238,Kedungdung,69252,18,-,35.27.06,Kab.,Sampang,Jawa Timur,1
239,Kedunggalar,63254,12,-,35.21.11,Kab.,Ngawi,Jawa Timur,1
240,Kedungjajang,67358,12,-,35.08.16,Kab.,Lumajang,Jawa Timur,1
241,Kedungkandang,65132 - 65139,12,-,35.73.03,Kota,Malang,Jawa Timur,1
242,Kedungpring,62272,23,-,35.24.06,Kab.,Lamongan,Jawa Timur,1
243,Kedungwaru,66221 - 66229,19,-,35.04.03,Kab.,Tulungagung,Jawa Timur,1
244,Kejayan,67172,25,-,35.14.06,Kab.,Pasuruan,Jawa Timur,1
245,Kembangbahu,62282,18,-,35.24.19,Kab.,Lamongan,Jawa Timur,1
246,Kemlagi,61353,20,-,35.16.15,Kab.,Mojokerto,Jawa Timur,1
247,Kencong,68167,5,-,35.09.02,Kab.,Jember,Jawa Timur,1
248,Kendal,63261,10,-,35.21.04,Kab.,Ngawi,Jawa Timur,1
249,Kendit,68352,7,-,35.12.05,Kab.,Situbondo,Jawa Timur,1
250,Kenduruan,62363,9,-,35.23.01,Kab.,Tuban,Jawa Timur,1
251,Kenjeran,60126 - 60129,4,-,35.78.17,Kota,Surabaya,Jawa Timur,1
252,Kepanjen,65163,18,-,35.07.13,Kab.,Malang,Jawa Timur,1
253,Kepanjenkidul (Kepanjen Kidul),66113 - 66117,7,-,35.72.01,Kota,Blitar,Jawa Timur,1
254,Kepohbaru,62194,25,-,35.22.09,Kab.,Bojonegoro,Jawa Timur,1
255,Kepung,64293,10,-,35.06.18,Kab.,Kediri,Jawa Timur,1
256,Kerek,62356,17,-,35.23.08,Kab.,Tuban,Jawa Timur,1
257,Kertosono,64311 - 64315,14,-,35.18.08,Kab.,Nganjuk,Jawa Timur,1
258,Kesamben,66191,10,-,35.05.19,Kab.,Blitar,Jawa Timur,1
259,Kesamben,61484,14,-,35.17.12,Kab.,Jombang,Jawa Timur,1
260,Ketapang,69261,14,-,35.27.12,Kab.,Sampang,Jawa Timur,1
261,Klabang,68284,11,-,35.11.14,Kab.,Bondowoso,Jawa Timur,1
262,Klakah,67356,12,-,35.08.19,Kab.,Lumajang,Jawa Timur,1
263,Klampis,69153,22,-,35.26.07,Kab.,Bangkalan,Jawa Timur,1
264,Klojen,65111 - 65119,11,-,35.73.02,Kota,Malang,Jawa Timur,1
265,Kokop,69155,13,-,35.26.10,Kab.,Bangkalan,Jawa Timur,1
266,Konang,69175,13,-,35.26.17,Kab.,Bangkalan,Jawa Timur,1
267,Kota (Kediri Kota),64121 - 64129,17,-,35.71.02,Kota,Kediri,Jawa Timur,1
268,Kota Sumenep,69412 - 69417,16,-,35.29.01,Kab.,Sumenep,Jawa Timur,1
269,Kotaanyar (Kota Anyar),67293,13,-,35.13.11,Kab.,Probolinggo,Jawa Timur,1
270,Kraksaan,67282,18,-,35.13.14,Kab.,Probolinggo,Jawa Timur,1
271,Kranggan,61311 - 61322,6,-,35.76.03,Kota,Mojokerto,Jawa Timur,1
272,Kras,64172,16,-,35.06.03,Kab.,Kediri,Jawa Timur,1
273,Kraton,67151,25,-,35.14.16,Kab.,Pasuruan,Jawa Timur,1
274,Krejengan,67284,17,-,35.13.15,Kab.,Probolinggo,Jawa Timur,1
275,Krembangan,60175 - 60179,5,-,35.78.15,Kota,Surabaya,Jawa Timur,1
276,Krembung,61275,19,-,35.15.03,Kab.,Sidoarjo,Jawa Timur,1
277,Krian,61262,22,-,35.15.11,Kab.,Sidoarjo,Jawa Timur,1
278,Kromengan,65165,7,-,35.07.31,Kab.,Malang,Jawa Timur,1
279,Krucil,67288,14,-,35.13.08,Kab.,Probolinggo,Jawa Timur,1
280,Kudu,61454,11,-,35.17.17,Kab.,Jombang,Jawa Timur,1
281,Kunir,67383,11,-,35.08.06,Kab.,Lumajang,Jawa Timur,1
282,Kunjang,64156,12,-,35.06.21,Kab.,Kediri,Jawa Timur,1
283,Kuripan,67262,7,-,35.13.03,Kab.,Probolinggo,Jawa Timur,1
284,Kutorejo,61383,17,-,35.16.07,Kab.,Mojokerto,Jawa Timur,1
285,Kwadungan,63283,14,-,35.21.06,Kab.,Ngawi,Jawa Timur,1
286,Kwanyar,69163,16,-,35.26.11,Kab.,Bangkalan,Jawa Timur,1
287,Labang,69164,13,-,35.26.12,Kab.,Bangkalan,Jawa Timur,1
288,Lakarsantri,60211 - 60215,6,-,35.78.18,Kota,Surabaya,Jawa Timur,1
289,Lamongan,62211 - 62218,20,-,35.24.22,Kab.,Lamongan,Jawa Timur,1
290,Larangan,69383,14,-,35.28.08,Kab.,Pamekasan,Jawa Timur,1
291,Laren,62262,20,-,35.24.08,Kab.,Lamongan,Jawa Timur,1
292,Lawang,65211 - 65216,12,-,35.07.25,Kab.,Malang,Jawa Timur,1
293,Leces,67273,10,-,35.13.05,Kab.,Probolinggo,Jawa Timur,1
294,Ledokombo,68196,10,-,35.09.28,Kab.,Jember,Jawa Timur,1
295,Lekok,67186,11,-,35.14.22,Kab.,Pasuruan,Jawa Timur,1
296,Lembeyan,63372,10,-,35.20.03,Kab.,Magetan,Jawa Timur,1
297,Lengkong,64393,16,-,35.18.19,Kab.,Nganjuk,Jawa Timur,1
298,Lenteng,69461,20,-,35.29.07,Kab.,Sumenep,Jawa Timur,1
299,Licin,68454,8,-,35.10.24,Kab.,Banyuwangi,Jawa Timur,1
300,Loceret,64471,22,-,35.18.04,Kab.,Nganjuk,Jawa Timur,1
301,Lowokwaru,65141 - 65145,12,-,35.73.05,Kota,Malang,Jawa Timur,1
302,Lumajang,67311 - 67316,12,-,35.08.10,Kab.,Lumajang,Jawa Timur,1
303,Lumbang,67183,12,-,35.14.04,Kab.,Pasuruan,Jawa Timur,1
304,Lumbang,67255,10,-,35.13.24,Kab.,Probolinggo,Jawa Timur,1
305,Madiun,63151,13,-,35.19.08,Kab.,Madiun,Jawa Timur,1
306,Maduran,62261,17,-,35.24.10,Kab.,Lamongan,Jawa Timur,1
307,Maesan,68262,12,-,35.11.01,Kab.,Bondowoso,Jawa Timur,1
308,Magersari,61314 - 61319,6,-,35.76.02,Kota,Mojokerto,Jawa Timur,1
309,Magetan,63311 - 63319,14,-,35.20.06,Kab.,Magetan,Jawa Timur,1
310,Malo,62153,20,-,35.22.17,Kab.,Bojonegoro,Jawa Timur,1
311,Manding,69452,11,-,35.29.03,Kab.,Sumenep,Jawa Timur,1
312,Mangaran,68363,6,-,35.12.09,Kab.,Situbondo,Jawa Timur,1
313,Manguharjo,63121 - 63129,9,-,35.77.02,Kota,Madiun,Jawa Timur,1
314,Mantingan,63260,7,-,35.21.13,Kab.,Ngawi,Jawa Timur,1
315,Mantup,62283,15,-,35.24.16,Kab.,Lamongan,Jawa Timur,1
316,Manyar,61151,23,-,35.25.10,Kab.,Gresik,Jawa Timur,1
317,Maospati,63392,15,-,35.20.11,Kab.,Magetan,Jawa Timur,1
318,Margomulyo,62168,6,-,35.22.22,Kab.,Bojonegoro,Jawa Timur,1
319,Maron,67276,18,-,35.13.17,Kab.,Probolinggo,Jawa Timur,1
320,Masalembu,69492,4,-,35.29.23,Kab.,Sumenep,Jawa Timur,1
321,Mayang,68118 - 68182,7,-,35.09.26,Kab.,Jember,Jawa Timur,1
322,Mayangan,67216 - 67219,5,-,35.74.03,Kota,Probolinggo,Jawa Timur,1
323,Megaluh,61457,13,-,35.17.20,Kab.,Jombang,Jawa Timur,1
324,Mejayan,63112 - 63153,14,-,35.19.11,Kab.,Madiun,Jawa Timur,1
325,Menganti,61174,22,-,35.25.13,Kab.,Gresik,Jawa Timur,1
326,Merakurak,62355 - 62365,19,-,35.23.13,Kab.,Tuban,Jawa Timur,1
327,Mlandingan,68353,7,-,35.12.04,Kab.,Situbondo,Jawa Timur,1
328,Mlarak,63472,15,-,35.02.08,Kab.,Ponorogo,Jawa Timur,1
329,Modo,62275,17,-,35.24.03,Kab.,Lamongan,Jawa Timur,1
330,Modung,69166,17,-,35.26.16,Kab.,Bangkalan,Jawa Timur,1
331,Mojo,64162,20,-,35.06.02,Kab.,Kediri,Jawa Timur,1
332,Mojoagung,61482,18,-,35.17.06,Kab.,Jombang,Jawa Timur,1
333,Mojoanyar,61363 - 61364,12,-,35.16.18,Kab.,Mojokerto,Jawa Timur,1
334,Mojoroto,64111 - 64119,14,-,35.71.01,Kota,Kediri,Jawa Timur,1
335,Mojosari,61382,19,-,35.16.08,Kab.,Mojokerto,Jawa Timur,1
336,Mojowarno,61475,19,-,35.17.07,Kab.,Jombang,Jawa Timur,1
337,Montong,62357,13,-,35.23.10,Kab.,Tuban,Jawa Timur,1
338,Mulyorejo,60112 - 60116,6,-,35.78.26,Kota,Surabaya,Jawa Timur,1
339,Mumbulsari,68174,7,-,35.09.23,Kab.,Jember,Jawa Timur,1
340,Muncar,68472,10,-,35.10.05,Kab.,Banyuwangi,Jawa Timur,1
341,Munjungan,66365,11,23,35.03.02,Kab.,Trenggalek,Jawa Timur,1
342,Nawangan,63584,9,-,35.01.07,Kab.,Pacitan,Jawa Timur,1
343,Ngadiluwih,64171,16,-,35.06.04,Kab.,Kediri,Jawa Timur,1
344,Ngadirojo,63572,18,-,35.01.11,Kab.,Pacitan,Jawa Timur,1
345,Ngajum (Ngajung),65164,9,-,35.07.20,Kab.,Malang,Jawa Timur,1
346,Ngambon,62167,5,-,35.22.03,Kab.,Bojonegoro,Jawa Timur,1
347,Ngancar,64156 - 64291,10,-,35.06.07,Kab.,Kediri,Jawa Timur,1
348,Nganjuk,64411 - 64419,15,-,35.18.13,Kab.,Nganjuk,Jawa Timur,1
349,Ngantang,65392,13,-,35.07.27,Kab.,Malang,Jawa Timur,1
350,Ngantru,66252,13,-,35.04.04,Kab.,Tulungagung,Jawa Timur,1
351,Ngariboyo,63351 - 63361,12,-,35.20.16,Kab.,Magetan,Jawa Timur,1
352,Ngasem,62154,17,-,35.22.04,Kab.,Bojonegoro,Jawa Timur,1
353,Ngasem,64181,12,-,35.06.25,Kab.,Kediri,Jawa Timur,1
354,Ngawi,63211 - 63218,16,-,35.21.09,Kab.,Ngawi,Jawa Timur,1
355,Ngebel,63493,8,-,35.02.19,Kab.,Ponorogo,Jawa Timur,1
356,Ngetos,64474,9,-,35.18.02,Kab.,Nganjuk,Jawa Timur,1
357,Ngimbang,62273,19,-,35.24.04,Kab.,Lamongan,Jawa Timur,1
358,Nglegok,66181,11,-,35.05.09,Kab.,Blitar,Jawa Timur,1
359,Ngluyu,64452,6,-,35.18.18,Kab.,Nganjuk,Jawa Timur,1
360,Ngoro,61473,13,-,35.17.03,Kab.,Jombang,Jawa Timur,1
361,Ngoro,61385,19,-,35.16.05,Kab.,Mojokerto,Jawa Timur,1
362,Ngraho,62165,16,-,35.22.01,Kab.,Bojonegoro,Jawa Timur,1
363,Ngrambe,63263,14,-,35.21.02,Kab.,Ngawi,Jawa Timur,1
364,Ngrayun,63464,11,-,35.02.02,Kab.,Ponorogo,Jawa Timur,1
365,Ngronggot,64395,13,-,35.18.07,Kab.,Nganjuk,Jawa Timur,1
366,Nguling,67185,15,-,35.14.21,Kab.,Pasuruan,Jawa Timur,1
367,Nguntoronadi,63383,9,-,35.20.17,Kab.,Magetan,Jawa Timur,1
368,Ngunut,66292,18,-,35.04.11,Kab.,Tulungagung,Jawa Timur,1
369,Ngusikan,61450,11,-,35.17.21,Kab.,Jombang,Jawa Timur,1
370,Nonggunong,69484,8,-,35.29.21,Kab.,Sumenep,Jawa Timur,1
371,Omben,69291,20,-,35.27.05,Kab.,Sampang,Jawa Timur,1
372,Pabean Cantian (Pabean Cantikan),60161 - 60165,4,-,35.78.12,Kota,Surabaya,Jawa Timur,1
373,Pace,64451 - 64472,18,-,35.18.05,Kab.,Nganjuk,Jawa Timur,1
374,Pacet,61374,20,-,35.16.03,Kab.,Mojokerto,Jawa Timur,1
375,Paciran,62264,17,-,35.24.14,Kab.,Lamongan,Jawa Timur,1
376,Pacitan,63511 - 63518,25,-,35.01.04,Kab.,Pacitan,Jawa Timur,1
377,Padang,67352,9,-,35.08.14,Kab.,Lumajang,Jawa Timur,1
378,Padangan,62162,16,-,35.22.19,Kab.,Bojonegoro,Jawa Timur,1
379,Padas,63280,12,-,35.21.08,Kab.,Ngawi,Jawa Timur,1
380,Pademawu,69321 - 69323,22,-,35.28.02,Kab.,Pamekasan,Jawa Timur,1
381,Pagak,65168,8,-,35.07.02,Kab.,Malang,Jawa Timur,1
382,Pagelaran,65170,10,-,35.07.33,Kab.,Malang,Jawa Timur,1
383,Pagerwojo,66262,11,-,35.04.06,Kab.,Tulungagung,Jawa Timur,1
384,Pagu,64184,13,-,35.06.11,Kab.,Kediri,Jawa Timur,1
385,Paiton,67291,20,-,35.13.12,Kab.,Probolinggo,Jawa Timur,1
386,Pakal,60192 - 60197,4,-,35.78.30,Kota,Surabaya,Jawa Timur,1
387,Pakel,66273,19,-,35.04.18,Kab.,Tulungagung,Jawa Timur,1
388,Pakem,68253,8,-,35.11.17,Kab.,Bondowoso,Jawa Timur,1
389,Pakis,65154,15,-,35.07.18,Kab.,Malang,Jawa Timur,1
390,Pakisaji,65162,12,-,35.07.19,Kab.,Malang,Jawa Timur,1
391,Pakong,69352,12,-,35.28.09,Kab.,Pamekasan,Jawa Timur,1
392,Pakuniran,67290,17,-,35.13.10,Kab.,Probolinggo,Jawa Timur,1
393,Pakusari,68181,7,-,35.09.24,Kab.,Jember,Jawa Timur,1
394,Palang,62391,19,-,35.23.18,Kab.,Tuban,Jawa Timur,1
395,"Palengaan (Palenggaan, Palenga&#039;an)",69362,12,-,35.28.06,Kab.,Pamekasan,Jawa Timur,1
396,Pamekasan,69311 - 69317,18,-,35.28.04,Kab.,Pamekasan,Jawa Timur,1
397,Panarukan,68351,8,-,35.12.06,Kab.,Situbondo,Jawa Timur,1
398,Panceng,61156,14,-,35.25.03,Kab.,Gresik,Jawa Timur,1
399,Pandaan,67156,18,-,35.14.11,Kab.,Pasuruan,Jawa Timur,1
400,Panekan,63352,17,-,35.20.08,Kab.,Magetan,Jawa Timur,1
401,Pangarengan,69271,6,-,35.27.13,Kab.,Sampang,Jawa Timur,1
402,Panggul,66364,17,12,35.03.01,Kab.,Trenggalek,Jawa Timur,1
403,Panggungrejo,66174,10,13,35.05.13,Kab.,Blitar,Jawa Timur,1
404,Panggungrejo,67111 - 67133,13,-,35.75.04,Kota,Pasuruan,Jawa Timur,1
405,Pangkur,63282,9,-,35.21.14,Kab.,Ngawi,Jawa Timur,1
406,Panji,68321 - 68323,12,-,35.12.08,Kab.,Situbondo,Jawa Timur,1
407,Panti,68153,7,-,35.09.14,Kab.,Jember,Jawa Timur,1
408,Papar,64153,17,-,35.06.14,Kab.,Kediri,Jawa Timur,1
409,Parang,63371,13,-,35.20.02,Kab.,Magetan,Jawa Timur,1
410,Pare,64211 - 64229,10,-,35.06.17,Kab.,Kediri,Jawa Timur,1
411,Parengan,62366,18,-,35.23.09,Kab.,Tuban,Jawa Timur,1
412,Paron,63253,14,-,35.21.10,Kab.,Ngawi,Jawa Timur,1
413,Pasean,69356,9,-,35.28.13,Kab.,Pamekasan,Jawa Timur,1
414,Pasirian,67372,11,-,35.08.04,Kab.,Lumajang,Jawa Timur,1
415,Pasongsongan,69457,10,-,35.29.13,Kab.,Sumenep,Jawa Timur,1
416,Pasrepan,67175,17,-,35.14.05,Kab.,Pasuruan,Jawa Timur,1
417,Pasrujambe (Pasujambe),67361,7,-,35.08.11,Kab.,Lumajang,Jawa Timur,1
418,Patianrowo,64391,11,-,35.18.09,Kab.,Nganjuk,Jawa Timur,1
419,Patrang,68111 - 68118,8,-,35.09.20,Kab.,Jember,Jawa Timur,1
420,Pegantenan,69361,13,-,35.28.07,Kab.,Pamekasan,Jawa Timur,1
421,Pejarakan (Pajarakan),67281,12,-,35.13.16,Kab.,Probolinggo,Jawa Timur,1
422,Perak,61461,13,-,35.17.01,Kab.,Jombang,Jawa Timur,1
423,Pesanggaran,68488,5,10,35.10.01,Kab.,Banyuwangi,Jawa Timur,1
424,Pesantren,64131 - 64139,15,-,35.71.03,Kota,Kediri,Jawa Timur,1
425,Peterongan,61481,14,-,35.17.10,Kab.,Jombang,Jawa Timur,1
426,Pilangkenceng,63154,18,-,35.19.13,Kab.,Madiun,Jawa Timur,1
427,Pitu,63252,10,-,35.21.16,Kab.,Ngawi,Jawa Timur,1
428,Plandaan,61456,13,-,35.17.15,Kab.,Jombang,Jawa Timur,1
429,Plaosan,63361,15,-,35.20.07,Kab.,Magetan,Jawa Timur,1
430,Plemahan,64155,17,-,35.06.16,Kab.,Kediri,Jawa Timur,1
431,Ploso,61453,13,-,35.17.14,Kab.,Jombang,Jawa Timur,1
432,Plosoklaten,64175,15,-,35.06.09,Kab.,Kediri,Jawa Timur,1
433,Plumpang,62382,18,-,35.23.17,Kab.,Tuban,Jawa Timur,1
434,Pogalan,66371,10,-,35.03.12,Kab.,Trenggalek,Jawa Timur,1
435,Pohjentrek,67171,9,-,35.14.17,Kab.,Pasuruan,Jawa Timur,1
436,Poncokusumo,65157,17,-,35.07.07,Kab.,Malang,Jawa Timur,1
437,Poncol,63362,8,-,35.20.01,Kab.,Magetan,Jawa Timur,1
438,Ponggok,66153,15,-,35.05.06,Kab.,Blitar,Jawa Timur,1
439,Ponorogo,63411 - 63419,19,-,35.02.17,Kab.,Ponorogo,Jawa Timur,1
440,Porong,61274,15,-,35.15.04,Kab.,Sidoarjo,Jawa Timur,1
441,Pragaan,69465,14,-,35.29.11,Kab.,Sumenep,Jawa Timur,1
442,Prajekan,68285,7,-,35.11.16,Kab.,Bondowoso,Jawa Timur,1
443,Prajuritkulon (Prajurit Kulon),61323 - 61328,6,-,35.76.01,Kota,Mojokerto,Jawa Timur,1
444,Prambon,64484,14,-,35.18.06,Kab.,Nganjuk,Jawa Timur,1
445,Prambon,61264,20,-,35.15.02,Kab.,Sidoarjo,Jawa Timur,1
446,Prigen,67157,14,-,35.14.10,Kab.,Pasuruan,Jawa Timur,1
447,Pringkuku,63552,13,-,35.01.02,Kab.,Pacitan,Jawa Timur,1
448,Pronojiwo,67374,6,-,35.08.02,Kab.,Lumajang,Jawa Timur,1
449,Proppo,69363,27,-,35.28.05,Kab.,Pamekasan,Jawa Timur,1
450,Pucanglaban,66284,9,-,35.04.12,Kab.,Tulungagung,Jawa Timur,1
451,Pucuk,62257,17,-,35.24.13,Kab.,Lamongan,Jawa Timur,1
452,Pudak,63418,6,-,35.02.21,Kab.,Ponorogo,Jawa Timur,1
453,Puger,68164,12,14,35.09.08,Kab.,Jember,Jawa Timur,1
454,Pujer,68271,11,-,35.11.05,Kab.,Bondowoso,Jawa Timur,1
455,Pujon,65391,10,-,35.07.26,Kab.,Malang,Jawa Timur,1
456,Pule,66362,10,-,35.03.03,Kab.,Trenggalek,Jawa Timur,1
457,Pulung,63481,18,-,35.02.07,Kab.,Ponorogo,Jawa Timur,1
458,Puncu,64292,8,-,35.06.08,Kab.,Kediri,Jawa Timur,1
459,Pungging,61384,19,-,35.16.06,Kab.,Mojokerto,Jawa Timur,1
460,Punung,63553,13,-,35.01.03,Kab.,Pacitan,Jawa Timur,1
461,Puri,61363 - 61364,16,-,35.16.11,Kab.,Mojokerto,Jawa Timur,1
462,Purwoasri,64154,23,-,35.06.15,Kab.,Kediri,Jawa Timur,1
463,Purwodadi,67163,13,-,35.14.01,Kab.,Pasuruan,Jawa Timur,1
464,Purwoharjo,68483,8,2,35.10.03,Kab.,Banyuwangi,Jawa Timur,1
465,Purworejo,67111 - 67171,7,-,35.75.02,Kota,Pasuruan,Jawa Timur,1
466,Purwosari,62161,12,-,35.22.18,Kab.,Bojonegoro,Jawa Timur,1
467,Purwosari,67162,15,-,35.14.08,Kab.,Pasuruan,Jawa Timur,1
468,Puspo,67176,7,-,35.14.03,Kab.,Pasuruan,Jawa Timur,1
469,Ra&#039;as (Raas),69485,9,-,35.29.22,Kab.,Sumenep,Jawa Timur,1
470,Rambipuji,68152,8,-,35.09.13,Kab.,Jember,Jawa Timur,1
471,Randuagung,67354,12,-,35.08.18,Kab.,Lumajang,Jawa Timur,1
472,Ranuyoso,67357,11,-,35.08.20,Kab.,Lumajang,Jawa Timur,1
473,Rejoso,64453,24,-,35.18.16,Kab.,Nganjuk,Jawa Timur,1
474,Rejoso,67181,16,-,35.14.23,Kab.,Pasuruan,Jawa Timur,1
475,Rejotangan,66293,16,-,35.04.13,Kab.,Tulungagung,Jawa Timur,1
476,Rembang,67152,17,-,35.14.15,Kab.,Pasuruan,Jawa Timur,1
477,Rengel,62370,16,-,35.23.14,Kab.,Tuban,Jawa Timur,1
478,Ringinrejo,64176,11,-,35.06.23,Kab.,Kediri,Jawa Timur,1
479,Robatal,69255,9,-,35.27.10,Kab.,Sampang,Jawa Timur,1
480,Rogojampi,68462,10,-,35.10.13,Kab.,Banyuwangi,Jawa Timur,1
481,Rowokangkung,67359,7,-,35.08.08,Kab.,Lumajang,Jawa Timur,1
482,Rubaru,69456,11,-,35.29.15,Kab.,Sumenep,Jawa Timur,1
483,Rungkut,60293 - 60298,6,-,35.78.03,Kota,Surabaya,Jawa Timur,1
484,Sambeng,62284,22,-,35.24.11,Kab.,Lamongan,Jawa Timur,1
485,Sambikerep,60195 - 60219,4,-,35.78.31,Kota,Surabaya,Jawa Timur,1
486,Sambit,63474,16,-,35.02.04,Kab.,Ponorogo,Jawa Timur,1
487,Sampang,69212 - 69216,18,-,35.27.03,Kab.,Sampang,Jawa Timur,1
488,Sampung,63454,12,-,35.02.14,Kab.,Ponorogo,Jawa Timur,1
489,Sanankulon (Sanan Kulon),66151,12,-,35.05.07,Kab.,Blitar,Jawa Timur,1
490,Sananwetan (Sanan Wetan),66133 - 66137,7,-,35.72.03,Kota,Blitar,Jawa Timur,1
491,Sangkapura,61181,17,8,35.25.17,Kab.,Gresik,Jawa Timur,1
492,Sapeken,69493,11,-,35.29.25,Kab.,Sumenep,Jawa Timur,1
493,Saradan,63155,15,-,35.19.12,Kab.,Madiun,Jawa Timur,1
494,Sarirejo,62281,9,-,35.24.27,Kab.,Lamongan,Jawa Timur,1
495,Saronggi,69467,14,-,35.29.06,Kab.,Sumenep,Jawa Timur,1
496,Sawahan,63162,13,-,35.19.14,Kab.,Madiun,Jawa Timur,1
497,Sawahan,64475,9,-,35.18.01,Kab.,Nganjuk,Jawa Timur,1
498,Sawahan,60253 - 60256,6,-,35.78.06,Kota,Surabaya,Jawa Timur,1
499,Sawoo,63475,14,-,35.02.05,Kab.,Ponorogo,Jawa Timur,1
500,Sedati,61253,16,-,35.15.17,Kab.,Sidoarjo,Jawa Timur,1
501,Sekar,62169,6,-,35.22.27,Kab.,Bojonegoro,Jawa Timur,1
502,Sekaran,62260,21,-,35.24.09,Kab.,Lamongan,Jawa Timur,1
503,Selopuro,66184,8,-,35.05.22,Kab.,Blitar,Jawa Timur,1
504,Selorejo,66192,10,-,35.05.21,Kab.,Blitar,Jawa Timur,1
505,Semampir,60151 - 60155,5,-,35.78.16,Kota,Surabaya,Jawa Timur,1
506,Semanding,62381,17,-,35.23.15,Kab.,Tuban,Jawa Timur,1
507,Semboro,68157,6,-,35.09.07,Kab.,Jember,Jawa Timur,1
508,Semen,64161,12,-,35.06.01,Kab.,Kediri,Jawa Timur,1
509,Sempol,68288,6,-,35.11.19,Kab.,Bondowoso,Jawa Timur,1
510,Sempu,68468,7,-,35.10.20,Kab.,Banyuwangi,Jawa Timur,1
511,Sendang,66254,11,-,35.04.07,Kab.,Tulungagung,Jawa Timur,1
512,Senduro,67362,12,-,35.08.12,Kab.,Lumajang,Jawa Timur,1
513,Senori,62365,12,-,35.23.05,Kab.,Tuban,Jawa Timur,1
514,Sepulu,69154,15,-,35.26.08,Kab.,Bangkalan,Jawa Timur,1
515,Sidayu,61153,21,-,35.25.09,Kab.,Gresik,Jawa Timur,1
516,Sidoarjo,61212 - 61234,24,-,35.15.08,Kab.,Sidoarjo,Jawa Timur,1
517,Sidorejo,63319 - 63361,10,-,35.20.18,Kab.,Magetan,Jawa Timur,1
518,Siliragung,68489,5,-,35.10.22,Kab.,Banyuwangi,Jawa Timur,1
519,Silo,68184,9,-,35.09.30,Kab.,Jember,Jawa Timur,1
520,Siman,63471,18,-,35.02.10,Kab.,Ponorogo,Jawa Timur,1
521,Simokerto,60141 - 60145,5,-,35.78.11,Kota,Surabaya,Jawa Timur,1
522,Sine,63264,15,-,35.21.01,Kab.,Ngawi,Jawa Timur,1
523,Singgahan,62361,12,-,35.23.07,Kab.,Tuban,Jawa Timur,1
524,Singojuruh,68464,11,-,35.10.12,Kab.,Banyuwangi,Jawa Timur,1
525,Singosari,65153,17,-,35.07.24,Kab.,Malang,Jawa Timur,1
526,Situbondo,68311 - 68316,6,-,35.12.07,Kab.,Situbondo,Jawa Timur,1
527,Slahung,63463,22,-,35.02.01,Kab.,Ponorogo,Jawa Timur,1
528,Socah,69161,11,-,35.26.02,Kab.,Bangkalan,Jawa Timur,1
529,Soko,62372,23,-,35.23.11,Kab.,Tuban,Jawa Timur,1
530,Sokobanah,69262,12,-,35.27.11,Kab.,Sampang,Jawa Timur,1
531,Solokuro,62265,10,-,35.24.15,Kab.,Lamongan,Jawa Timur,1
532,Songgon,68463,9,-,35.10.19,Kab.,Banyuwangi,Jawa Timur,1
533,Sooko,61361,15,-,35.16.13,Kab.,Mojokerto,Jawa Timur,1
534,Sooko,63482,6,-,35.02.06,Kab.,Ponorogo,Jawa Timur,1
535,Srengat,66152,16,-,35.05.03,Kab.,Blitar,Jawa Timur,1
536,Sreseh,69273,12,-,35.27.01,Kab.,Sampang,Jawa Timur,1
537,Srono,68471,10,-,35.10.08,Kab.,Banyuwangi,Jawa Timur,1
538,Suboh,68354,8,-,35.12.03,Kab.,Situbondo,Jawa Timur,1
539,Sudimoro,63573,10,-,35.01.12,Kab.,Pacitan,Jawa Timur,1
540,Sugihwaras,62183,17,-,35.22.07,Kab.,Bojonegoro,Jawa Timur,1
541,Sugio,62256,21,-,35.24.12,Kab.,Lamongan,Jawa Timur,1
542,Sukapura,67254,12,-,35.13.01,Kab.,Probolinggo,Jawa Timur,1
543,Sukodadi,62253,20,-,35.24.17,Kab.,Lamongan,Jawa Timur,1
544,Sukodono,67351,10,-,35.08.15,Kab.,Lumajang,Jawa Timur,1
545,Sukodono,61216 - 61258,19,-,35.15.14,Kab.,Sidoarjo,Jawa Timur,1
546,Sukolilo,60111 - 60119,7,-,35.78.09,Kota,Surabaya,Jawa Timur,1
547,Sukomanunggal,60187 - 60281,6,-,35.78.27,Kota,Surabaya,Jawa Timur,1
548,Sukomoro,63391,14,-,35.20.09,Kab.,Magetan,Jawa Timur,1
549,Sukomoro,64481,12,-,35.18.12,Kab.,Nganjuk,Jawa Timur,1
550,Sukorambi,68151,5,-,35.09.15,Kab.,Jember,Jawa Timur,1
551,Sukorame,62276,9,-,35.24.01,Kab.,Lamongan,Jawa Timur,1
552,Sukorejo,66121 - 66126,7,-,35.72.02,Kota,Blitar,Jawa Timur,1
553,Sukorejo,67161,19,-,35.14.09,Kab.,Pasuruan,Jawa Timur,1
554,Sukorejo,63453,18,-,35.02.15,Kab.,Ponorogo,Jawa Timur,1
555,Sukosari,68287,4,-,35.11.04,Kab.,Bondowoso,Jawa Timur,1
556,Sukosewu,62185,14,-,35.22.24,Kab.,Bojonegoro,Jawa Timur,1
557,Sukowono,68194,12,-,35.09.29,Kab.,Jember,Jawa Timur,1
558,Sukun,65146 - 65149,11,-,35.73.04,Kota,Malang,Jawa Timur,1
559,Sumber,67263,9,-,35.13.02,Kab.,Probolinggo,Jawa Timur,1
560,Sumberasih,67251,13,1,35.13.21,Kab.,Probolinggo,Jawa Timur,1
561,Sumberbaru (Sumber Baru),68156,10,-,35.09.03,Kab.,Jember,Jawa Timur,1
562,Sumberejo,62191,26,-,35.22.12,Kab.,Bojonegoro,Jawa Timur,1
563,Sumbergempol,66291,17,-,35.04.10,Kab.,Tulungagung,Jawa Timur,1
564,Sumberjambe (Sumber Jambe),68195,9,-,35.09.31,Kab.,Jember,Jawa Timur,1
565,Sumbermalang,68355,9,-,35.12.15,Kab.,Situbondo,Jawa Timur,1
566,Sumbermanjing Wetan,65176,15,50,35.07.04,Kab.,Malang,Jawa Timur,1
567,Sumberpucung,65160,7,-,35.07.12,Kab.,Malang,Jawa Timur,1
568,Sumbersari (Sumber Sari),68121 - 68126,7,-,35.09.21,Kab.,Jember,Jawa Timur,1
569,Sumbersuko,67316,8,-,35.08.21,Kab.,Lumajang,Jawa Timur,1
570,Sumberwringin (Sumber Wringin),68289,6,-,35.11.18,Kab.,Bondowoso,Jawa Timur,1
571,Sumobito,61483,21,-,35.17.11,Kab.,Jombang,Jawa Timur,1
572,Suruh,66360,7,-,35.03.14,Kab.,Trenggalek,Jawa Timur,1
573,Sutojayan,66172,11,-,35.05.12,Kab.,Blitar,Jawa Timur,1
574,Tajinan,65172,12,-,35.07.15,Kab.,Malang,Jawa Timur,1
575,Takeran,63381,12,-,35.20.04,Kab.,Magetan,Jawa Timur,1
576,Talango,69481,8,-,35.29.04,Kab.,Sumenep,Jawa Timur,1
577,Talun,66183,14,-,35.05.14,Kab.,Blitar,Jawa Timur,1
578,Taman,63131 - 63139,9,-,35.77.03,Kota,Madiun,Jawa Timur,1
579,Taman,61212 - 61257,24,-,35.15.13,Kab.,Sidoarjo,Jawa Timur,1
580,Taman Krocok,68291,7,-,35.11.21,Kab.,Bondowoso,Jawa Timur,1
581,Tamanan,68263,9,-,35.11.02,Kab.,Bondowoso,Jawa Timur,1
582,Tambak,61182,13,4,35.25.18,Kab.,Gresik,Jawa Timur,1
583,Tambakboyo,62353,18,-,35.23.06,Kab.,Tuban,Jawa Timur,1
584,Tambakrejo,62166,18,-,35.22.02,Kab.,Bojonegoro,Jawa Timur,1
585,Tambaksari,60131 - 60138,8,-,35.78.10,Kota,Surabaya,Jawa Timur,1
586,Tambelangan,69253,10,-,35.27.08,Kab.,Sampang,Jawa Timur,1
587,Tanah Merah,69172,23,-,35.26.13,Kab.,Bangkalan,Jawa Timur,1
588,Tandes,60184 - 60187,6,-,35.78.14,Kota,Surabaya,Jawa Timur,1
589,Tanggul,68155,8,-,35.09.06,Kab.,Jember,Jawa Timur,1
590,Tanggulangin,61272,18,-,35.15.06,Kab.,Sidoarjo,Jawa Timur,1
591,Tanggunggunung (Tanggung Gunung),66283,7,-,35.04.19,Kab.,Tulungagung,Jawa Timur,1
592,Tanjung Bumi (Tanjungbumi),69156,14,-,35.26.09,Kab.,Bangkalan,Jawa Timur,1
593,Tanjunganom,64482,16,-,35.18.11,Kab.,Nganjuk,Jawa Timur,1
594,Tapen,68283,9,-,35.11.10,Kab.,Bondowoso,Jawa Timur,1
595,Tarik,61265,20,-,35.15.01,Kab.,Sidoarjo,Jawa Timur,1
596,Tarokan,64152,10,-,35.06.20,Kab.,Kediri,Jawa Timur,1
597,Tegalampel,68292,8,-,35.11.13,Kab.,Bondowoso,Jawa Timur,1
598,Tegaldlimo,68484,9,-,35.10.04,Kab.,Banyuwangi,Jawa Timur,1
599,Tegalombo,63582,11,-,35.01.09,Kab.,Pacitan,Jawa Timur,1
600,Tegalsari,68485,6,-,35.10.23,Kab.,Banyuwangi,Jawa Timur,1
601,Tegalsari,60261 - 60265,5,-,35.78.05,Kota,Surabaya,Jawa Timur,1
602,Tegalsiwalan (Tegal Siwalan),67274,12,-,35.13.20,Kab.,Probolinggo,Jawa Timur,1
603,Tekung,67381,8,-,35.08.09,Kab.,Lumajang,Jawa Timur,1
604,Temayang,62184,12,-,35.22.21,Kab.,Bojonegoro,Jawa Timur,1
605,Tembelang,61452,15,-,35.17.13,Kab.,Jombang,Jawa Timur,1
606,Tempeh,67371,13,-,35.08.05,Kab.,Lumajang,Jawa Timur,1
607,Tempurejo,68173,8,23,35.09.18,Kab.,Jember,Jawa Timur,1
608,Tempursari,67375,7,-,35.08.01,Kab.,Lumajang,Jawa Timur,1
609,Tenggarang,68281,12,-,35.11.08,Kab.,Bondowoso,Jawa Timur,1
610,Tenggilis Mejoyo,60291 - 60299,4,-,35.78.24,Kota,Surabaya,Jawa Timur,1
611,Tikung,62280,13,-,35.24.23,Kab.,Lamongan,Jawa Timur,1
612,Tiris,67287,16,-,35.13.07,Kab.,Probolinggo,Jawa Timur,1
613,Tirtoyudo,65182 - 65183,13,13,35.07.30,Kab.,Malang,Jawa Timur,1
614,Tlanakan,69371,17,-,35.28.01,Kab.,Pamekasan,Jawa Timur,1
615,Tlogosari,68272,10,-,35.11.03,Kab.,Bondowoso,Jawa Timur,1
616,Tongas,67252,14,-,35.13.23,Kab.,Probolinggo,Jawa Timur,1
617,Torjun,69270,12,-,35.27.02,Kab.,Sampang,Jawa Timur,1
618,Tosari,67177,8,-,35.14.24,Kab.,Pasuruan,Jawa Timur,1
619,Tragah,69165,18,-,35.26.14,Kab.,Bangkalan,Jawa Timur,1
620,Trawas,61375,13,-,35.16.04,Kab.,Mojokerto,Jawa Timur,1
621,Trenggalek,66311 - 66319,13,-,35.03.11,Kab.,Trenggalek,Jawa Timur,1
622,Trowulan,61362,16,-,35.16.12,Kab.,Mojokerto,Jawa Timur,1
623,Trucuk,62155 - 62191,12,-,35.22.23,Kab.,Bojonegoro,Jawa Timur,1
624,Tuban,62311 - 62319,17,-,35.23.16,Kab.,Tuban,Jawa Timur,1
625,Tugu,66318 - 66352,15,-,35.03.05,Kab.,Trenggalek,Jawa Timur,1
626,Tulakan,63571,17,-,35.01.10,Kab.,Pacitan,Jawa Timur,1
627,Tulangan,61273,22,-,35.15.09,Kab.,Sidoarjo,Jawa Timur,1
628,Tulungagung,66212 - 66219,14,-,35.04.01,Kab.,Tulungagung,Jawa Timur,1
629,Tumpang,65156,15,-,35.07.16,Kab.,Malang,Jawa Timur,1
630,Turen,65175,17,-,35.07.09,Kab.,Malang,Jawa Timur,1
631,Turi,62252,19,-,35.24.21,Kab.,Lamongan,Jawa Timur,1
632,Tutur,67165,12,-,35.14.02,Kab.,Pasuruan,Jawa Timur,1
633,Udanawu,66154,12,-,35.05.02,Kab.,Blitar,Jawa Timur,1
634,Ujungpangkah (Ujung Pangkah),61154,13,-,35.25.07,Kab.,Gresik,Jawa Timur,1
635,Umbulsari,68166,10,-,35.09.05,Kab.,Jember,Jawa Timur,1
636,Wagir,65158,12,-,35.07.21,Kab.,Malang,Jawa Timur,1
637,Wajak,65173,13,-,35.07.08,Kab.,Malang,Jawa Timur,1
638,Waru,69353,12,-,35.28.10,Kab.,Pamekasan,Jawa Timur,1
639,Waru,61256,17,-,35.15.18,Kab.,Sidoarjo,Jawa Timur,1
640,Wates,66194,8,8,35.05.20,Kab.,Blitar,Jawa Timur,1
641,Wates,64174,18,-,35.06.06,Kab.,Kediri,Jawa Timur,1
642,Watulimo,66382,12,9,35.03.08,Kab.,Trenggalek,Jawa Timur,1
643,Widang,62383,16,-,35.23.19,Kab.,Tuban,Jawa Timur,1
644,Widodaren,63256,12,-,35.21.12,Kab.,Ngawi,Jawa Timur,1
645,Wilangan,64462,6,-,35.18.15,Kab.,Nganjuk,Jawa Timur,1
646,Winongan,67182,18,-,35.14.19,Kab.,Pasuruan,Jawa Timur,1
647,Wiyung,60222 - 60229,4,-,35.78.20,Kota,Surabaya,Jawa Timur,1
648,Wlingi,66185,9,-,35.05.17,Kab.,Blitar,Jawa Timur,1
649,Wongsorejo,68453,12,1,35.10.18,Kab.,Banyuwangi,Jawa Timur,1
650,Wonoasih,67232 - 67239,6,-,35.74.02,Kota,Probolinggo,Jawa Timur,1
651,Wonoasri,63157,10,-,35.19.15,Kab.,Madiun,Jawa Timur,1
652,Wonoayu,61261,23,-,35.15.10,Kab.,Sidoarjo,Jawa Timur,1
653,Wonocolo,60236 - 60239,5,-,35.78.02,Kota,Surabaya,Jawa Timur,1
654,Wonodadi,66155,11,-,35.05.01,Kab.,Blitar,Jawa Timur,1
655,Wonokromo,60241 - 60246,6,-,35.78.04,Kota,Surabaya,Jawa Timur,1
656,Wonomerto,67253,11,-,35.13.22,Kab.,Probolinggo,Jawa Timur,1
657,Wonorejo,67173,15,-,35.14.07,Kab.,Pasuruan,Jawa Timur,1
658,Wonosalam,61476,9,-,35.17.05,Kab.,Jombang,Jawa Timur,1
659,Wonosari,68282,12,-,35.11.09,Kab.,Bondowoso,Jawa Timur,1
660,Wonosari,65161,8,-,35.07.32,Kab.,Malang,Jawa Timur,1
661,Wonotirto,66173,8,7,35.05.08,Kab.,Blitar,Jawa Timur,1
662,Wringin,68252,13,-,35.11.12,Kab.,Bondowoso,Jawa Timur,1
663,Wringinanom (Wringin Anom),61176,16,-,35.25.06,Kab.,Gresik,Jawa Timur,1
664,Wuluhan,68162,7,2,35.09.11,Kab.,Jember,Jawa Timur,1
665,Wungu,63181,14,-,35.19.07,Kab.,Madiun,Jawa Timur,1
666,Yosowilangun,67382,12,-,35.08.07,Kab.,Lumajang,Jawa Timur,1
1,Bakung Serumpun,29873,6,-,21.04.13,Kab.,Lingga,Kepulauan Riau,1
2,Batam Kota,29431 - 29464,6,-,21.71.10,Kota,Batam,Kepulauan Riau,1
3,Batu Aji,29422 - 29438,4,-,21.71.12,Kota,Batam,Kepulauan Riau,1
4,Batu Ampar,29451 - 29456,4,-,21.71.02,Kota,Batam,Kepulauan Riau,1
5,Belakang Padang,29411 - 29416,6,136,21.71.01,Kota,Batam,Kepulauan Riau,1
6,Belat,29660,6,-,21.02.12,Kab.,Karimun,Kepulauan Riau,1
7,Bengkong,29432 - 29458,4,-,21.71.09,Kota,Batam,Kepulauan Riau,1
8,Bintan Pesisir,29151,4,-,21.01.14,Kab.,Bintan,Kepulauan Riau,1
9,Bintan Timur,29150,4,98,21.01.06,Kab.,Bintan,Kepulauan Riau,1
10,Bintan Utara,29152,5,5,21.01.07,Kab.,Bintan,Kepulauan Riau,1
11,Bukit Bestari,29122 - 29124,5,-,21.72.04,Kota,Tanjung Pinang,Kepulauan Riau,1
12,Bulang,29471 - 29476,6,79,21.71.05,Kota,Batam,Kepulauan Riau,1
13,Bunguran Barat,29782,5,15,21.03.05,Kab.,Natuna,Kepulauan Riau,1
14,Bunguran Batubi,29787,5,-,21.03.20,Kab.,Natuna,Kepulauan Riau,1
15,Bunguran Selatan,29783,4,-,21.03.18,Kab.,Natuna,Kepulauan Riau,1
16,Bunguran Tengah,29778,3,-,21.03.16,Kab.,Natuna,Kepulauan Riau,1
17,Bunguran Timur,29777,7,17,21.03.07,Kab.,Natuna,Kepulauan Riau,1
18,Bunguran Timur Laut,29776,7,9,21.03.15,Kab.,Natuna,Kepulauan Riau,1
19,Bunguran Utara,29775,6,15,21.03.08,Kab.,Natuna,Kepulauan Riau,1
20,Buru,29664,4,7,21.02.06,Kab.,Karimun,Kepulauan Riau,1
21,Durai,29665,4,47,21.02.09,Kab.,Karimun,Kepulauan Riau,1
22,Galang,29481 - 29487,8,76,21.71.08,Kota,Batam,Kepulauan Riau,1
23,Gunung Kijang,29155,4,18,21.01.04,Kab.,Bintan,Kepulauan Riau,1
24,Jemaja,29792,6,33,21.05.06,Kab.,Kepulauan Anambas,Kepulauan Riau,1
25,Jemaja Barat,29792,3,-,21.05.09,Kab.,Kepulauan Anambas,Kepulauan Riau,1
26,Jemaja Timur,29793,4,10,21.05.05,Kab.,Kepulauan Anambas,Kepulauan Riau,1
27,Karimun,29661,6,26,21.02.03,Kab.,Karimun,Kepulauan Riau,1
28,Katang Bidare,29873,5,-,21.04.11,Kab.,Lingga,Kepulauan Riau,1
29,Kepulauan Posek,29876,3,-,21.04.10,Kab.,Lingga,Kepulauan Riau,1
30,Kundur,29662,6,23,21.02.02,Kab.,Karimun,Kepulauan Riau,1
31,Kundur Barat,29662,5,11,21.02.08,Kab.,Karimun,Kepulauan Riau,1
32,Kundur Utara,29662,5,21,21.02.07,Kab.,Karimun,Kepulauan Riau,1
33,Kute Siantan,29796,5,-,21.05.10,Kab.,Kepulauan Anambas,Kepulauan Riau,1
34,Lingga,29872,12,75,21.04.02,Kab.,Lingga,Kepulauan Riau,1
35,Lingga Timur,29872,8,-,21.04.07,Kab.,Lingga,Kepulauan Riau,1
36,Lingga Utara,29874,10,11,21.04.05,Kab.,Lingga,Kepulauan Riau,1
37,Lubuk Baja,29432 - 29445,5,-,21.71.06,Kota,Batam,Kepulauan Riau,1
38,Mantang,29156,4,-,21.01.13,Kab.,Bintan,Kepulauan Riau,1
39,Meral,29666,6,21,21.02.04,Kab.,Karimun,Kepulauan Riau,1
40,Meral Barat,29667,4,-,21.02.10,Kab.,Karimun,Kepulauan Riau,1
41,Midai,29784,3,2,21.03.04,Kab.,Natuna,Kepulauan Riau,1
42,Moro,29663,5,79,21.02.01,Kab.,Karimun,Kepulauan Riau,1
43,Nongsa,29465 - 29468,4,23,21.71.04,Kota,Batam,Kepulauan Riau,1
44,Palmatak,29796,7,63,21.05.02,Kab.,Kepulauan Anambas,Kepulauan Riau,1
45,Pulau Laut,29789,3,8,21.03.10,Kab.,Natuna,Kepulauan Riau,1
46,Pulau Panjang,29779,2,-,21.03.23,Kab.,Natuna,Kepulauan Riau,1
47,Pulau Seluan,29775,2,-,21.03.24,Kab.,Natuna,Kepulauan Riau,1
48,Pulau Tiga,29788,6,20,21.03.11,Kab.,Natuna,Kepulauan Riau,1
49,Pulau Tiga Barat,29786,4,-,21.03.21,Kab.,Natuna,Kepulauan Riau,1
50,Sagulung,29439,6,-,21.71.11,Kota,Batam,Kepulauan Riau,1
51,Sei Beduk (Sungai Beduk),29433 - 29437,4,3,21.71.07,Kota,Batam,Kepulauan Riau,1
52,Sekupang,29424 - 29428,7,12,21.71.03,Kota,Batam,Kepulauan Riau,1
53,Selat Gelam,29661,3,-,21.02.13,Kab.,Karimun,Kepulauan Riau,1
54,Selayar,29877,4,-,21.04.08,Kab.,Lingga,Kepulauan Riau,1
55,Senayang,29873,5,317,21.04.03,Kab.,Lingga,Kepulauan Riau,1
56,Serasan,29781,7,42,21.03.06,Kab.,Natuna,Kepulauan Riau,1
57,Serasan Timur,29780,4,-,21.03.19,Kab.,Natuna,Kepulauan Riau,1
58,Seri Kuala Lobam (Sri),29153,5,-,21.01.15,Kab.,Bintan,Kepulauan Riau,1
59,Siantan,29791,7,3,21.05.01,Kab.,Kepulauan Anambas,Kepulauan Riau,1
60,Siantan Selatan,29790,7,57,21.05.04,Kab.,Kepulauan Anambas,Kepulauan Riau,1
61,Siantan Tengah,29795,6,-,21.05.07,Kab.,Kepulauan Anambas,Kepulauan Riau,1
62,Siantan Timur,29794,6,65,21.05.03,Kab.,Kepulauan Anambas,Kepulauan Riau,1
63,Siantan Utara,29796,3,-,21.05.08,Kab.,Kepulauan Anambas,Kepulauan Riau,1
64,Singkep,29871,6,21,21.04.01,Kab.,Lingga,Kepulauan Riau,1
65,Singkep Barat,29875,12,39,21.04.04,Kab.,Lingga,Kepulauan Riau,1
66,Singkep Pesisir,29870,6,-,21.04.06,Kab.,Lingga,Kepulauan Riau,1
67,Singkep Selatan,29878,4,-,21.04.09,Kab.,Lingga,Kepulauan Riau,1
68,Suak Midai,29785,3,-,21.03.22,Kab.,Natuna,Kepulauan Riau,1
69,Subi,29779,6,21,21.03.09,Kab.,Natuna,Kepulauan Riau,1
70,Sugie Besar,29663,7,-,21.02.14,Kab.,Karimun,Kepulauan Riau,1
71,Tambelan,29193,8,68,21.01.09,Kab.,Bintan,Kepulauan Riau,1
72,Tanjung Pinang Barat,29111 - 29113,4,-,21.72.01,Kota,Tanjung Pinang,Kepulauan Riau,1
73,Tanjung Pinang Kota,29111 - 29115,4,4,21.72.03,Kota,Tanjung Pinang,Kepulauan Riau,1
74,Tanjung Pinang Timur,29122 - 29125,5,-,21.72.02,Kota,Tanjung Pinang,Kepulauan Riau,1
75,Tebing,29668,6,5,21.02.05,Kab.,Karimun,Kepulauan Riau,1
76,Telok Sebong (Teluk Sebong),29154,7,19,21.01.10,Kab.,Bintan,Kepulauan Riau,1
77,Teluk Bintan,29132 - 29136,6,7,21.01.08,Kab.,Bintan,Kepulauan Riau,1
78,Temiang Pesisir,29873,3,-,21.04.12,Kab.,Lingga,Kepulauan Riau,1
79,Toapaya,29157,4,-,21.01.12,Kab.,Bintan,Kepulauan Riau,1
80,Ungar,29669,4,-,21.02.11,Kab.,Karimun,Kepulauan Riau,1
1,Air Buaya (Airbuaya),97572,10,-,81.04.02,Kab.,Buru,Maluku,1
2,Amahai,97516,15,-,81.01.01,Kab.,Maluku Tengah,Maluku,1
3,Amalatu,97563,7,-,81.06.05,Kab.,Seram Bagian Barat,Maluku,1
4,Ambalau,97546,7,1,81.09.03,Kab.,Buru Selatan,Maluku,1
5,Aru Selatan,97667,15,161,81.07.02,Kab.,Kepulauan Aru,Maluku,1
6,Aru Selatan Timur,97666,10,-,81.07.09,Kab.,Kepulauan Aru,Maluku,1
7,Aru Selatan Utara,97668,7,-,81.07.10,Kab.,Kepulauan Aru,Maluku,1
8,Aru Tengah,97661,22,263,81.07.03,Kab.,Kepulauan Aru,Maluku,1
9,Aru Tengah Selatan,97669,7,-,81.07.08,Kab.,Kepulauan Aru,Maluku,1
10,Aru Tengah Timur,97665,13,-,81.07.07,Kab.,Kepulauan Aru,Maluku,1
11,Aru Utara,97660,12,-,81.07.04,Kab.,Kepulauan Aru,Maluku,1
12,Aru Utara Timur Batuley,97663,9,-,81.07.05,Kab.,Kepulauan Aru,Maluku,1
13,Babar Barat (Pulau Pulau Babar),97451,9,2,81.08.04,Kab.,Maluku Barat Daya,Maluku,1
14,Baguala,97231 - 97233,7,-,81.71.03,Kota,Ambon,Maluku,1
15,Banda,97586,18,13,81.01.09,Kab.,Maluku Tengah,Maluku,1
16,Batabual,97574,5,1,81.04.10,Kab.,Buru,Maluku,1
17,Bula,97521,10,1,81.05.01,Kab.,Seram Bagian Timur,Maluku,1
18,Bula Barat,97522,13,-,81.05.12,Kab.,Seram Bagian Timur,Maluku,1
19,Damer,97128 - 97652,7,3,81.08.02,Kab.,Maluku Barat Daya,Maluku,1
20,Dawelor Dawera,97651,6,-,81.08.10,Kab.,Maluku Barat Daya,Maluku,1
21,Elpaputih,97564,7,-,81.06.11,Kab.,Seram Bagian Barat,Maluku,1
22,Fena Fafan,97542,11,-,81.09.06,Kab.,Buru Selatan,Maluku,1
23,Fena Leisela,97575,13,-,81.04.13,Kab.,Buru,Maluku,1
24,Fordata (Yaru),97466,6,2,81.03.06,Kab.,Kepulauan Tanimbar (Maluku Tenggara Barat),Maluku,1
25,Gorom Timur,97596,23,-,81.05.11,Kab.,Seram Bagian Timur,Maluku,1
26,Hoat Sorbay,97621,13,-,81.02.16,Kab.,Maluku Tenggara,Maluku,1
27,Huamual,97560,5,-,81.06.08,Kab.,Seram Bagian Barat,Maluku,1
28,Huamual Belakang,97567,7,26,81.06.04,Kab.,Seram Bagian Barat,Maluku,1
29,Inamosol,97565,5,-,81.06.06,Kab.,Seram Bagian Barat,Maluku,1
30,Kairatu,97566,7,-,81.06.01,Kab.,Seram Bagian Barat,Maluku,1
31,Kairatu Barat,97568,6,-,81.06.07,Kab.,Seram Bagian Barat,Maluku,1
32,Kei Besar,97631,37,7,81.02.03,Kab.,Maluku Tenggara,Maluku,1
33,Kei Besar Selatan,97632,10,8,81.02.04,Kab.,Maluku Tenggara,Maluku,1
34,Kei Besar Selatan Barat,97633,13,-,81.02.18,Kab.,Maluku Tenggara,Maluku,1
35,Kei Besar Utara Barat,97634,25,-,81.02.17,Kab.,Maluku Tenggara,Maluku,1
36,Kei Besar Utara Timur,97635,30,2,81.02.05,Kab.,Maluku Tenggara,Maluku,1
37,Kei Kecil,97622,15,27,81.02.01,Kab.,Maluku Tenggara,Maluku,1
38,Kei Kecil Barat,97624,10,14,81.02.14,Kab.,Maluku Tenggara,Maluku,1
39,Kei Kecil Timur,97625,18,2,81.02.13,Kab.,Maluku Tenggara,Maluku,1
40,Kei Kecil Timur Selatan,97626,11,-,81.02.19,Kab.,Maluku Tenggara,Maluku,1
41,Kepala Madan,97541,16,3,81.09.04,Kab.,Buru Selatan,Maluku,1
42,Kepulauan Manipa,97569,7,-,81.06.09,Kab.,Seram Bagian Barat,Maluku,1
43,Kepulauan Roma (Romang),97440,3,-,81.08.16,Kab.,Maluku Barat Daya,Maluku,1
44,Kian Darat,97590,10,-,81.05.13,Kab.,Seram Bagian Timur,Maluku,1
45,Kilmury,97591,14,-,81.05.08,Kab.,Seram Bagian Timur,Maluku,1
46,Kisar Selatan (Pulau Pulau Terselatan),97445,6,2,81.08.07,Kab.,Maluku Barat Daya,Maluku,1
47,Kisar Utara,97441,3,-,81.08.17,Kab.,Maluku Barat Daya,Maluku,1
48,Kormomolin,97461,10,-,81.03.08,Kab.,Kepulauan Tanimbar (Maluku Tenggara Barat),Maluku,1
49,Kota Masohi,97511 - 97515,5,-,81.01.17,Kab.,Maluku Tengah,Maluku,1
50,Kur Selatan,97614,7,-,81.72.05,Kota,Tual,Maluku,1
51,Leihitu,97580,11,3,81.01.15,Kab.,Maluku Tengah,Maluku,1
52,Leihitu Barat,97581,5,-,81.01.22,Kab.,Maluku Tengah,Maluku,1
53,Leitimur Selatan,97129 - 97237,8,-,81.71.05,Kota,Ambon,Maluku,1
54,Leksula,97543,19,8,81.09.05,Kab.,Buru Selatan,Maluku,1
55,Lilialy,97570,5,-,81.04.15,Kab.,Buru,Maluku,1
56,Lolong Guba,97576,10,-,81.04.11,Kab.,Buru,Maluku,1
57,Manyeuw,97623,9,-,81.02.15,Kab.,Maluku Tenggara,Maluku,1
58,Mdona Hyera (Mndona Hiera),97652,11,12,81.08.03,Kab.,Maluku Barat Daya,Maluku,1
59,Moa (Moa Lakor),97442,8,2,81.08.01,Kab.,Maluku Barat Daya,Maluku,1
60,Molu Maru,97462,5,-,81.03.18,Kab.,Kepulauan Tanimbar (Maluku Tenggara Barat),Maluku,1
61,Namlea,97571,7,-,81.04.01,Kab.,Buru,Maluku,1
62,Namrole,97544,17,4,81.09.01,Kab.,Buru Selatan,Maluku,1
63,Nirunmas,97463,5,-,81.03.09,Kab.,Kepulauan Tanimbar (Maluku Tenggara Barat),Maluku,1
64,Nusa Laut,97518,7,-,81.01.16,Kab.,Maluku Tengah,Maluku,1
65,Nusaniwe (Nusanive),97114 - 97118,13,-,81.71.01,Kota,Ambon,Maluku,1
66,Pulau Dullah Selatan,97611,5,-,81.72.02,Kota,Tual,Maluku,1
67,Pulau Dullah Utara,97612,8,-,81.72.01,Kota,Tual,Maluku,1
68,Pulau Gorom,97593,24,21,81.05.04,Kab.,Seram Bagian Timur,Maluku,1
69,Pulau Haruku,97583,11,2,81.01.13,Kab.,Maluku Tengah,Maluku,1
70,Pulau Lakor,97443,5,-,81.08.12,Kab.,Maluku Barat Daya,Maluku,1
71,Pulau Leti (Letti Moa Lakor),97444,7,1,81.08.08,Kab.,Maluku Barat Daya,Maluku,1
72,Pulau Masela,97653,11,-,81.08.09,Kab.,Maluku Barat Daya,Maluku,1
73,Pulau Panjang,97599,6,-,81.05.09,Kab.,Seram Bagian Timur,Maluku,1
74,Pulau Wetang,97452,8,-,81.08.11,Kab.,Maluku Barat Daya,Maluku,1
75,Pulau-Pulau Aru,97662,15,118,81.07.01,Kab.,Kepulauan Aru,Maluku,1
76,Pulau-pulau Babar Timur,97654,11,4,81.08.05,Kab.,Maluku Barat Daya,Maluku,1
77,Pulau-Pulau Kur,97615,5,-,81.72.04,Kota,Tual,Maluku,1
78,Salahutu,97582,6,1,81.01.14,Kab.,Maluku Tengah,Maluku,1
79,Saparua,97584,7,3,81.01.12,Kab.,Maluku Tengah,Maluku,1
80,Saparua Timur,97585,10,-,81.01.26,Kab.,Maluku Tengah,Maluku,1
81,Selaru,97481,7,9,81.03.02,Kab.,Kepulauan Tanimbar (Maluku Tenggara Barat),Maluku,1
82,Seram Barat,97562,7,13,81.06.02,Kab.,Seram Bagian Barat,Maluku,1
83,Seram Timur,97592,16,25,81.05.02,Kab.,Seram Bagian Timur,Maluku,1
84,Seram Utara,97531,20,3,81.01.06,Kab.,Maluku Tengah,Maluku,1
85,Seram Utara Barat,97532,13,8,81.01.20,Kab.,Maluku Tengah,Maluku,1
86,Seram Utara Timur Kobi,97533,12,-,81.01.25,Kab.,Maluku Tengah,Maluku,1
87,Seram Utara Timur Seti,97534,12,-,81.01.24,Kab.,Maluku Tengah,Maluku,1
88,Sir-Sir,97664,9,-,81.07.06,Kab.,Kepulauan Aru,Maluku,1
89,Sirimau,97121 - 97129,14,-,81.71.02,Kota,Ambon,Maluku,1
90,Siritaun Wida Timur,97598,10,-,81.05.14,Kab.,Seram Bagian Timur,Maluku,1
91,Siwalalat,97523,12,-,81.05.07,Kab.,Seram Bagian Timur,Maluku,1
92,Tanimbar Selatan,97471,12,5,81.03.01,Kab.,Kepulauan Tanimbar (Maluku Tenggara Barat),Maluku,1
93,Tanimbar Utara,97464,8,9,81.03.05,Kab.,Kepulauan Tanimbar (Maluku Tenggara Barat),Maluku,1
94,Taniwel,97559,19,-,81.06.03,Kab.,Seram Bagian Barat,Maluku,1
95,Taniwel Timur,97561,15,-,81.06.10,Kab.,Seram Bagian Barat,Maluku,1
96,Tayando Tam,97613,5,-,81.72.03,Kota,Tual,Maluku,1
97,Tehoru,97519,10,-,81.01.11,Kab.,Maluku Tengah,Maluku,1
98,Teluk Ambon,97233 - 97237,8,-,81.71.04,Kota,Ambon,Maluku,1
99,Teluk Elpaputih,97517,4,-,81.01.21,Kab.,Maluku Tengah,Maluku,1
100,Teluk Kaiely,97577,5,-,81.04.14,Kab.,Buru,Maluku,1
101,Teluk Waru,97524,11,-,81.05.15,Kab.,Seram Bagian Timur,Maluku,1
102,Telutih,97510,10,-,81.01.23,Kab.,Maluku Tengah,Maluku,1
103,Teon Nila Serua,97535,16,6,81.01.02,Kab.,Maluku Tengah,Maluku,1
104,Teor,97597,10,-,81.05.10,Kab.,Seram Bagian Timur,Maluku,1
105,Tutuk Tolu,97594,11,-,81.05.06,Kab.,Seram Bagian Timur,Maluku,1
106,Waeapo,97578,7,2,81.04.03,Kab.,Buru,Maluku,1
107,Waelata,97579,10,-,81.04.12,Kab.,Buru,Maluku,1
108,Waesama,97545,11,3,81.09.02,Kab.,Buru Selatan,Maluku,1
109,Wakate,97595,18,-,81.05.05,Kab.,Seram Bagian Timur,Maluku,1
110,Waplau,97573,10,-,81.04.06,Kab.,Buru,Maluku,1
111,Werinama,97525,10,-,81.05.03,Kab.,Seram Bagian Timur,Maluku,1
112,Wermaktian (Wer Maktian),97472,9,22,81.03.04,Kab.,Kepulauan Tanimbar (Maluku Tenggara Barat),Maluku,1
113,Wertamrian (Wer Tamrian),97473,9,1,81.03.03,Kab.,Kepulauan Tanimbar (Maluku Tenggara Barat),Maluku,1
114,Wetar Barat,97447,5,-,81.08.14,Kab.,Maluku Barat Daya,Maluku,1
115,Wetar Selatan,97446,6,4,81.08.06,Kab.,Maluku Barat Daya,Maluku,1
116,Wetar Timur,97448,6,-,81.08.15,Kab.,Maluku Barat Daya,Maluku,1
117,Wetar Utara,97449,6,-,81.08.13,Kab.,Maluku Barat Daya,Maluku,1
118,Wuar Labobar,97465,11,24,81.03.07,Kab.,Kepulauan Tanimbar (Maluku Tenggara Barat),Maluku,1
1,Abung Barat,34558,14,-,18.03.06,Kab.,Lampung Utara,Lampung,1
2,Abung Kunang,34565,7,-,18.03.22,Kab.,Lampung Utara,Lampung,1
3,Abung Pekurun,34582,9,-,18.03.19,Kab.,Lampung Utara,Lampung,1
4,Abung Selatan,34581,16,-,18.03.07,Kab.,Lampung Utara,Lampung,1
5,Abung Semuli,34580,7,-,18.03.13,Kab.,Lampung Utara,Lampung,1
6,Abung Surakarta,34585,9,-,18.03.14,Kab.,Lampung Utara,Lampung,1
7,Abung Tengah,34584,11,-,18.03.11,Kab.,Lampung Utara,Lampung,1
8,Abung Timur,34583,12,-,18.03.05,Kab.,Lampung Utara,Lampung,1
9,Abung Tinggi,34556,8,-,18.03.12,Kab.,Lampung Utara,Lampung,1
10,Adiluwih (Adi Luwih),35674,13,-,18.10.07,Kab.,Pringsewu,Lampung,1
11,Air Hitam,34866,10,-,18.04.19,Kab.,Lampung Barat,Lampung,1
12,Air Naningan,35679,10,-,18.06.26,Kab.,Tanggamus,Lampung,1
13,Ambarawa,35376,8,-,18.10.03,Kab.,Pringsewu,Lampung,1
14,Anak Ratu Aji,35513,6,-,18.02.27,Kab.,Lampung Tengah,Lampung,1
15,Anak Tuha,34161,12,-,18.02.21,Kab.,Lampung Tengah,Lampung,1
16,Bahuga,34763,11,-,18.08.05,Kab.,Way Kanan,Lampung,1
17,Bakauheni,35592,5,10,18.01.21,Kab.,Lampung Selatan,Lampung,1
18,Balik Bukit,34811 - 34818,12,-,18.04.04,Kab.,Lampung Barat,Lampung,1
19,Bandar Mataram,34169,9,-,18.02.18,Kab.,Lampung Tengah,Lampung,1
20,Bandar Negeri Semuong,35686,11,-,18.06.25,Kab.,Tanggamus,Lampung,1
21,Bandar Negeri Suoh,34882,10,-,18.04.23,Kab.,Lampung Barat,Lampung,1
22,Bandar Sribhawono (Bandar Sribawono),34389,7,-,18.07.15,Kab.,Lampung Timur,Lampung,1
23,Bandar Surabaya,34159,10,-,18.02.26,Kab.,Lampung Tengah,Lampung,1
24,Bangkunat (Bengkunat),34887,14,-,18.13.11,Kab.,Pesisir Barat,Lampung,1
25,Bangun Rejo,34173,17,-,18.02.02,Kab.,Lampung Tengah,Lampung,1
26,Banjar Agung,34682,11,-,18.05.08,Kab.,Tulang Bawang,Lampung,1
27,Banjar Baru,34685,10,-,18.05.29,Kab.,Tulang Bawang,Lampung,1
28,Banjar Margo,34684,12,-,18.05.20,Kab.,Tulang Bawang,Lampung,1
29,Banjit,34766,20,-,18.08.03,Kab.,Way Kanan,Lampung,1
30,Banyumas,35373,11,-,18.10.06,Kab.,Pringsewu,Lampung,1
31,Baradatu,34761,22,-,18.08.04,Kab.,Way Kanan,Lampung,1
32,Batanghari,34381,17,-,18.07.06,Kab.,Lampung Timur,Lampung,1
33,Batanghari Nuban,34372,13,-,18.07.13,Kab.,Lampung Timur,Lampung,1
34,Batu Brak,34881,11,-,18.04.10,Kab.,Lampung Barat,Lampung,1
35,Batu Ketulis,34872,10,-,18.04.21,Kab.,Lampung Barat,Lampung,1
36,Batu Putih,34785,10,-,18.12.09,Kab.,Tulang Bawang Barat,Lampung,1
37,Bekri,34162,8,-,18.02.15,Kab.,Lampung Tengah,Lampung,1
38,Belalau,34873,10,-,18.04.06,Kab.,Lampung Barat,Lampung,1
39,Blambangan Pagar,34586,7,-,18.03.23,Kab.,Lampung Utara,Lampung,1
40,Blambangan Umpu,34764,13,-,18.08.01,Kab.,Way Kanan,Lampung,1
41,Braja Selebah (Braja Slebah),34196,7,-,18.07.22,Kab.,Lampung Timur,Lampung,1
42,Buay Bahuga,34767,9,-,18.08.13,Kab.,Way Kanan,Lampung,1
43,Bukit Kemuning,34564,8,-,18.03.01,Kab.,Lampung Utara,Lampung,1
44,Bulok,35682,10,-,18.06.27,Kab.,Tanggamus,Lampung,1
45,Bumi Agung,34182,7,-,18.07.14,Kab.,Lampung Timur,Lampung,1
46,Bumi Agung,34760,10,-,18.08.14,Kab.,Way Kanan,Lampung,1
47,Bumi Nabung,34168,7,-,18.02.24,Kab.,Lampung Tengah,Lampung,1
48,Bumi Ratu Nuban,34160,10,-,18.02.14,Kab.,Lampung Tengah,Lampung,1
49,Bumi Waras,35224 - 35228,5,-,18.71.20,Kota,Bandar Lampung,Lampung,1
50,Bunga Mayang,34555,11,-,18.03.16,Kab.,Lampung Utara,Lampung,1
51,Candipuro,35356,14,-,18.01.17,Kab.,Lampung Selatan,Lampung,1
52,Cukuh Balak,35683,20,4,18.06.09,Kab.,Tanggamus,Lampung,1
53,Dente Teladas,34596,12,-,18.05.25,Kab.,Tulang Bawang,Lampung,1
54,Enggal,35111 - 35127,6,-,18.71.17,Kota,Bandar Lampung,Lampung,1
55,Gading Rejo,35372,23,-,18.10.02,Kab.,Pringsewu,Lampung,1
56,Gedong Tataan,35366,19,-,18.09.01,Kab.,Pesawaran,Lampung,1
57,Gedung Aji,34681,10,-,18.05.06,Kab.,Tulang Bawang,Lampung,1
58,Gedung Aji Baru,34595,9,-,18.05.27,Kab.,Tulang Bawang,Lampung,1
59,Gedung Meneng,34597,11,-,18.05.11,Kab.,Tulang Bawang,Lampung,1
60,Gedung Surian,34871,5,-,18.04.15,Kab.,Lampung Barat,Lampung,1
61,Gisting,35378,9,-,18.06.20,Kab.,Tanggamus,Lampung,1
62,Gunung Agung,34783,13,-,18.12.05,Kab.,Tulang Bawang Barat,Lampung,1
63,Gunung Alip,35379,12,-,18.06.21,Kab.,Tanggamus,Lampung,1
64,Gunung Labuhan,34768,21,-,18.08.10,Kab.,Way Kanan,Lampung,1
65,Gunung Pelindung,34388,5,-,18.07.18,Kab.,Lampung Timur,Lampung,1
66,Gunung Sugih,34165,15,-,18.02.04,Kab.,Lampung Tengah,Lampung,1
67,Gunung Terang,34784,10,-,18.12.04,Kab.,Tulang Bawang Barat,Lampung,1
68,Hulu Sungkai,34561,10,-,18.03.17,Kab.,Lampung Utara,Lampung,1
69,Jabung,34384,15,-,18.07.03,Kab.,Lampung Timur,Lampung,1
70,Jati Agung,35365,21,-,18.01.13,Kab.,Lampung Selatan,Lampung,1
71,Kalianda,35551,29,-,18.01.06,Kab.,Lampung Selatan,Lampung,1
72,Kalirejo,34174,17,-,18.02.01,Kab.,Lampung Tengah,Lampung,1
73,Karya Penggawa,34878,12,-,18.13.05,Kab.,Pesisir Barat,Lampung,1
74,Kasui,34765,19,-,18.08.02,Kab.,Way Kanan,Lampung,1
75,Katibung,35452,12,3,18.01.08,Kab.,Lampung Selatan,Lampung,1
76,Kebun Tebu,34867,10,-,18.04.18,Kab.,Lampung Barat,Lampung,1
77,Kedamaian,35122 - 35133,7,-,18.71.18,Kota,Bandar Lampung,Lampung,1
78,Kedaton,35141 - 35148,7,-,18.71.01,Kota,Bandar Lampung,Lampung,1
79,Kedondong,35368,12,-,18.09.07,Kab.,Pesawaran,Lampung,1
80,Kelumbayan (Klumbayan),35388,8,24,18.06.17,Kab.,Tanggamus,Lampung,1
81,Kelumbayan Barat (Klumbayan Barat),35389,6,-,18.06.28,Kab.,Tanggamus,Lampung,1
82,Kemiling,35153 - 35158,9,-,18.71.13,Kota,Bandar Lampung,Lampung,1
83,Ketapang,35596,17,10,18.01.14,Kab.,Lampung Selatan,Lampung,1
84,Kota Agung (Kota Agung Pusat),35381,16,-,18.06.01,Kab.,Tanggamus,Lampung,1
85,Kota Agung Barat,35384,16,-,18.06.18,Kab.,Tanggamus,Lampung,1
86,Kota Agung Timur,35383,12,-,18.06.19,Kab.,Tanggamus,Lampung,1
87,Kota Gajah,34153,7,-,18.02.23,Kab.,Lampung Tengah,Lampung,1
88,Kotabumi,34511 - 34518,13,-,18.03.02,Kab.,Lampung Utara,Lampung,1
89,Kotabumi Selatan,34511 - 34519,14,-,18.03.10,Kab.,Lampung Utara,Lampung,1
90,Kotabumi Utara,34511,8,-,18.03.09,Kab.,Lampung Utara,Lampung,1
91,Krui Selatan,34874,10,-,18.13.08,Kab.,Pesisir Barat,Lampung,1
92,Labuhan Maringgai,34198,11,3,18.07.02,Kab.,Lampung Timur,Lampung,1
93,Labuhan Ratu,34375,11,-,18.07.21,Kab.,Lampung Timur,Lampung,1
94,Labuhan Ratu,35142 - 35149,6,-,18.71.14,Kota,Bandar Lampung,Lampung,1
95,Lambu Kibang,34787,10,-,18.12.07,Kab.,Tulang Bawang Barat,Lampung,1
96,Langkapura,35152 - 35157,5,-,18.71.16,Kota,Bandar Lampung,Lampung,1
97,Lemong,34877,13,-,18.13.03,Kab.,Pesisir Barat,Lampung,1
98,Limau,35613,11,1,18.06.24,Kab.,Tanggamus,Lampung,1
99,Lumbok Seminung,34879,11,-,18.04.22,Kab.,Lampung Barat,Lampung,1
100,Marga Punduh,35453,10,-,18.09.08,Kab.,Pesawaran,Lampung,1
101,Marga Sekampung,34383,8,-,18.07.24,Kab.,Lampung Timur,Lampung,1
102,Marga Tiga (Margatiga),34386,13,-,18.07.11,Kab.,Lampung Timur,Lampung,1
103,Mataram Baru,34199,7,-,18.07.16,Kab.,Lampung Timur,Lampung,1
104,Melinting,34377,6,-,18.07.17,Kab.,Lampung Timur,Lampung,1
105,Menggala,34611 - 34614,9,-,18.05.02,Kab.,Tulang Bawang,Lampung,1
106,Menggala Timur,34615 - 34619,10,-,18.05.30,Kab.,Tulang Bawang,Lampung,1
107,Meraksa Aji,34680,8,-,18.05.26,Kab.,Tulang Bawang,Lampung,1
108,Merbau Mataram,35357,15,-,18.01.18,Kab.,Lampung Selatan,Lampung,1
109,Mesuji,34697,11,-,18.11.01,Kab.,Mesuji,Lampung,1
110,Mesuji Timur,34695,20,-,18.11.02,Kab.,Mesuji,Lampung,1
111,Metro Barat,34114 - 34125,4,-,18.72.03,Kota,Metro,Lampung,1
112,Metro Kibang,34331 - 34335,7,-,18.07.10,Kab.,Lampung Timur,Lampung,1
113,Metro Pusat,34111 - 34113,5,-,18.72.01,Kota,Metro,Lampung,1
114,Metro Selatan,34119 - 34123,4,-,18.72.05,Kota,Metro,Lampung,1
115,Metro Timur,34111 - 34124,5,-,18.72.04,Kota,Metro,Lampung,1
116,Metro Utara,34117 - 34119,4,-,18.72.02,Kota,Metro,Lampung,1
117,Muara Sungkai,34559,11,-,18.03.15,Kab.,Lampung Utara,Lampung,1
118,Natar,35362,26,-,18.01.04,Kab.,Lampung Selatan,Lampung,1
119,Negara Batin,34769,15,-,18.08.11,Kab.,Way Kanan,Lampung,1
120,Negeri Agung,34773,19,-,18.08.07,Kab.,Way Kanan,Lampung,1
121,Negeri Besar,34774,13,-,18.08.12,Kab.,Way Kanan,Lampung,1
122,Negeri Katon,35353,21,-,18.09.02,Kab.,Pesawaran,Lampung,1
123,Ngambur,34883,9,-,18.13.09,Kab.,Pesisir Barat,Lampung,1
124,Ngaras (Bengkunat Belimbing),34888,9,-,18.13.10,Kab.,Pesisir Barat,Lampung,1
125,Padang Cermin,35451,12,6,18.09.05,Kab.,Pesawaran,Lampung,1
126,Padang Ratu,34175,15,-,18.02.03,Kab.,Lampung Tengah,Lampung,1
127,Pagar Dewa,34792,6,-,18.12.08,Kab.,Tulang Bawang Barat,Lampung,1
128,Pagar Dewa,34885,10,-,18.04.20,Kab.,Lampung Barat,Lampung,1
129,Pagelaran,35375,22,-,18.10.05,Kab.,Pringsewu,Lampung,1
130,Pagelaran Utara,35370,10,-,18.10.09,Kab.,Pringsewu,Lampung,1
131,Pakuan Ratu,34762,19,-,18.08.06,Kab.,Way Kanan,Lampung,1
132,Palas,35594,21,-,18.01.10,Kab.,Lampung Selatan,Lampung,1
133,Panca Jaya,34698,7,-,18.11.06,Kab.,Mesuji,Lampung,1
134,Panjang,35241 - 35246,8,-,18.71.04,Kota,Bandar Lampung,Lampung,1
135,Pardasuka,35681,13,-,18.10.04,Kab.,Pringsewu,Lampung,1
136,Pasir Sakti,34387,8,-,18.07.19,Kab.,Lampung Timur,Lampung,1
137,Pekalongan,34391,12,-,18.07.04,Kab.,Lampung Timur,Lampung,1
138,Pematang Sawa,35382,14,-,18.06.16,Kab.,Tanggamus,Lampung,1
139,Penawar Aji,34592,9,-,18.05.23,Kab.,Tulang Bawang,Lampung,1
140,Penawar Tama,34593,14,-,18.05.13,Kab.,Tulang Bawang,Lampung,1
141,Penengahan,35593,22,-,18.01.09,Kab.,Lampung Selatan,Lampung,1
142,Pesisir Selatan,34875,15,-,18.13.02,Kab.,Pesisir Barat,Lampung,1
143,Pesisir Tengah,34894,8,-,18.13.01,Kab.,Pesisir Barat,Lampung,1
144,Pesisir Utara,34876,12,-,18.13.04,Kab.,Pesisir Barat,Lampung,1
145,Pringsewu,35371,15,-,18.10.01,Kab.,Pringsewu,Lampung,1
146,Pubian,34176,20,-,18.02.19,Kab.,Lampung Tengah,Lampung,1
147,Pugung,35675,27,-,18.06.11,Kab.,Tanggamus,Lampung,1
148,Pulau Panggung,35678,21,-,18.06.04,Kab.,Tanggamus,Lampung,1
149,Pulau Pisang (Pulaupisang),34896,6,-,18.13.06,Kab.,Pesisir Barat,Lampung,1
150,Punduh Pidada,35454,11,23,18.09.06,Kab.,Pesawaran,Lampung,1
151,Punggur,34152,9,-,18.02.06,Kab.,Lampung Tengah,Lampung,1
152,Purbolinggo,34192,12,-,18.07.08,Kab.,Lampung Timur,Lampung,1
153,Putra Rumbia,34157,10,-,18.02.28,Kab.,Lampung Tengah,Lampung,1
154,Raja Basa (Rajabasa),35552,16,13,18.01.16,Kab.,Lampung Selatan,Lampung,1
155,Rajabasa,35144 - 35145,7,-,18.71.10,Kota,Bandar Lampung,Lampung,1
156,Raman Utara,34371,11,-,18.07.09,Kab.,Lampung Timur,Lampung,1
157,Rawa Jitu Selatan (Rawajitu Selatan),34591,9,-,18.05.12,Kab.,Tulang Bawang,Lampung,1
158,Rawa Jitu Timur (Rawajitu Timur),34590,8,-,18.05.18,Kab.,Tulang Bawang,Lampung,1
159,Rawa Jitu Utara,34696,13,-,18.11.03,Kab.,Mesuji,Lampung,1
160,Rawa Pitu,34594,9,-,18.05.22,Kab.,Tulang Bawang,Lampung,1
161,Rebang Tangkas,34771,10,-,18.08.09,Kab.,Way Kanan,Lampung,1
162,Rumbia,34154,9,-,18.02.09,Kab.,Lampung Tengah,Lampung,1
163,Sekampung,34382,17,-,18.07.05,Kab.,Lampung Timur,Lampung,1
164,Sekampung Udik,34385,15,-,18.07.12,Kab.,Lampung Timur,Lampung,1
165,Sekincau,34886,5,-,18.04.08,Kab.,Lampung Barat,Lampung,1
166,Selagai Lingga,34177,14,-,18.02.20,Kab.,Lampung Tengah,Lampung,1
167,Semaka,35386,22,-,18.06.12,Kab.,Tanggamus,Lampung,1
168,Sendang Agung,34178,9,-,18.02.22,Kab.,Lampung Tengah,Lampung,1
169,Seputih Agung,34166,10,-,18.02.16,Kab.,Lampung Tengah,Lampung,1
170,Seputih Banyak,34156,13,-,18.02.10,Kab.,Lampung Tengah,Lampung,1
171,Seputih Mataram,34164,12,-,18.02.11,Kab.,Lampung Tengah,Lampung,1
172,Seputih Raman,34155,14,-,18.02.08,Kab.,Lampung Tengah,Lampung,1
173,Seputih Surabaya,34158,13,-,18.02.12,Kab.,Lampung Tengah,Lampung,1
174,Sidomulyo,35352,16,-,18.01.07,Kab.,Lampung Selatan,Lampung,1
175,Simpang Pematang,34699,13,-,18.11.05,Kab.,Mesuji,Lampung,1
176,Sragi,35597,10,-,18.01.15,Kab.,Lampung Selatan,Lampung,1
177,Sukabumi,35122 - 35245,7,-,18.71.12,Kota,Bandar Lampung,Lampung,1
178,Sukadana,34194,20,-,18.07.01,Kab.,Lampung Timur,Lampung,1
179,Sukarame,35131,6,-,18.71.02,Kota,Bandar Lampung,Lampung,1
180,Sukau,34868,10,-,18.04.11,Kab.,Lampung Barat,Lampung,1
181,Sukoharjo,35673,16,-,18.10.08,Kab.,Pringsewu,Lampung,1
182,Sumber Jaya,34870,6,-,18.04.05,Kab.,Lampung Barat,Lampung,1
183,Sumberejo (Sumber Rejo),35374,13,-,18.06.13,Kab.,Tanggamus,Lampung,1
184,Sungkai Barat,34552,10,-,18.03.21,Kab.,Lampung Utara,Lampung,1
185,Sungkai Jaya,34553,9,-,18.03.20,Kab.,Lampung Utara,Lampung,1
186,Sungkai Selatan,34554,11,-,18.03.03,Kab.,Lampung Utara,Lampung,1
187,Sungkai Tengah,34562,8,-,18.03.18,Kab.,Lampung Utara,Lampung,1
188,Sungkai Utara,34563,15,-,18.03.08,Kab.,Lampung Utara,Lampung,1
189,Suoh,34880,7,-,18.04.09,Kab.,Lampung Barat,Lampung,1
190,Talang Padang,35377,20,-,18.06.02,Kab.,Tanggamus,Lampung,1
191,Tanjung Bintang,35361,16,-,18.01.05,Kab.,Lampung Selatan,Lampung,1
192,Tanjung Raja,34557,19,-,18.03.04,Kab.,Lampung Utara,Lampung,1
193,Tanjung Raya,34692,21,-,18.11.07,Kab.,Mesuji,Lampung,1
194,Tanjung Sari,35360,8,-,18.01.22,Kab.,Lampung Selatan,Lampung,1
195,Tanjung Senang,35141 - 35143,5,-,18.71.11,Kota,Bandar Lampung,Lampung,1
196,Tanjungkarang Barat (Tanjung Karang Barat),35151 - 35159,7,-,18.71.03,Kota,Bandar Lampung,Lampung,1
197,Tanjungkarang Pusat (Tanjung Karang Pusat),35111 - 35119,7,-,18.71.06,Kota,Bandar Lampung,Lampung,1
198,Tanjungkarang Timur (Tanjung Karang Timur),35121 - 35126,5,-,18.71.05,Kota,Bandar Lampung,Lampung,1
199,Tegineneng,35363,16,-,18.09.03,Kab.,Pesawaran,Lampung,1
200,Teluk Pandan,35450,10,-,18.09.10,Kab.,Pesawaran,Lampung,1
201,Telukbetung Barat,35232 - 35239,5,-,18.71.08,Kota,Bandar Lampung,Lampung,1
202,Telukbetung Selatan,35211 - 35229,6,2,18.71.07,Kota,Bandar Lampung,Lampung,1
203,Telukbetung Timur,35231 - 35237,6,-,18.71.19,Kota,Bandar Lampung,Lampung,1
204,Telukbetung Utara,35211 - 35215,6,-,18.71.09,Kota,Bandar Lampung,Lampung,1
205,Terbanggi Besar,34163,10,-,18.02.07,Kab.,Lampung Tengah,Lampung,1
206,Terusan Nunyai,34167,7,-,18.02.13,Kab.,Lampung Tengah,Lampung,1
207,Trimurjo,34171 - 34172,14,-,18.02.05,Kab.,Lampung Tengah,Lampung,1
208,Tulang Bawang Tengah,34793,21,-,18.12.01,Kab.,Tulang Bawang Barat,Lampung,1
209,Tulang Bawang Udik,34791,13,-,18.12.03,Kab.,Tulang Bawang Barat,Lampung,1
210,Tumijajar,34794,10,-,18.12.02,Kab.,Tulang Bawang Barat,Lampung,1
211,Ulu Belu (Ulubelu),35387,16,-,18.06.15,Kab.,Tanggamus,Lampung,1
212,Umpu Semenguk,34764,13,-,18.08.15,Kab.,Way Kanan,Lampung,1
213,Waway Karya,34376,11,-,18.07.20,Kab.,Lampung Timur,Lampung,1
214,Way Bungur,34373,8,-,18.07.23,Kab.,Lampung Timur,Lampung,1
215,Way Halim,35123 - 35141,6,-,18.71.15,Kota,Bandar Lampung,Lampung,1
216,Way Jepara,34396,16,-,18.07.07,Kab.,Lampung Timur,Lampung,1
217,Way Kenanga,34788,10,-,18.12.06,Kab.,Tulang Bawang Barat,Lampung,1
218,Way Khilau,35369,10,-,18.09.09,Kab.,Pesawaran,Lampung,1
219,Way Krui,34898,10,-,18.13.07,Kab.,Pesisir Barat,Lampung,1
220,Way Lima,35367,16,-,18.09.04,Kab.,Pesawaran,Lampung,1
221,Way Pangubuan,35213,8,-,18.02.17,Kab.,Lampung Tengah,Lampung,1
222,Way Panji,35354,4,-,18.01.24,Kab.,Lampung Selatan,Lampung,1
223,Way Ratai,35455,11,-,18.09.11,Kab.,Pesawaran,Lampung,1
224,Way Seputih,34179,6,-,18.02.25,Kab.,Lampung Tengah,Lampung,1
225,Way Serdang,34694,20,-,18.11.04,Kab.,Mesuji,Lampung,1
226,Way Sulan,35456,8,-,18.01.23,Kab.,Lampung Selatan,Lampung,1
227,Way Tenong,34884,9,-,18.04.07,Kab.,Lampung Barat,Lampung,1
228,Way Tuba,34772,13,-,18.08.08,Kab.,Way Kanan,Lampung,1
229,Wonosobo,35685,28,-,18.06.03,Kab.,Tanggamus,Lampung,1
1,Bacan,97791,14,3,82.04.08,Kab.,Halmahera Selatan,Maluku Utara,1
2,Bacan Barat,97791,7,56,82.04.09,Kab.,Halmahera Selatan,Maluku Utara,1
3,Bacan Barat Utara,97791,8,-,82.04.14,Kab.,Halmahera Selatan,Maluku Utara,1
4,Bacan Selatan,97791,10,-,82.04.17,Kab.,Halmahera Selatan,Maluku Utara,1
5,Bacan Timur,97791,10,8,82.04.07,Kab.,Halmahera Selatan,Maluku Utara,1
6,Bacan Timur Selatan,97791,7,1,82.04.21,Kab.,Halmahera Selatan,Maluku Utara,1
7,Bacan Timur Tengah,97791,7,2,82.04.22,Kab.,Halmahera Selatan,Maluku Utara,1
8,Galela,97761,7,-,82.03.04,Kab.,Halmahera Utara,Maluku Utara,1
9,Galela Barat,97761,9,-,82.03.14,Kab.,Halmahera Utara,Maluku Utara,1
10,Galela Selatan,97769,7,-,82.03.16,Kab.,Halmahera Utara,Maluku Utara,1
11,Galela Utara,97769,12,-,82.03.15,Kab.,Halmahera Utara,Maluku Utara,1
12,Gane Barat,97782,10,6,82.04.04,Kab.,Halmahera Selatan,Maluku Utara,1
13,Gane Barat Selatan,97782,8,15,82.04.23,Kab.,Halmahera Selatan,Maluku Utara,1
14,Gane Barat Utara,97789,12,-,82.04.24,Kab.,Halmahera Selatan,Maluku Utara,1
15,Gane Timur,97783,12,1,82.04.03,Kab.,Halmahera Selatan,Maluku Utara,1
16,Gane Timur Selatan,97787,5,87,82.04.26,Kab.,Halmahera Selatan,Maluku Utara,1
17,Gane Timur Tengah,97788,8,2,82.04.27,Kab.,Halmahera Selatan,Maluku Utara,1
18,Ibu,97754,17,1,82.01.03,Kab.,Halmahera Barat,Maluku Utara,1
19,Ibu Selatan,97756,16,-,82.01.08,Kab.,Halmahera Barat,Maluku Utara,1
20,Ibu Utara,97757,16,-,82.01.07,Kab.,Halmahera Barat,Maluku Utara,1
21,Jailolo,97752,34,3,82.01.01,Kab.,Halmahera Barat,Maluku Utara,1
22,Jailolo Selatan,97751,26,25,82.01.05,Kab.,Halmahera Barat,Maluku Utara,1
23,Kao,97764,14,-,82.03.07,Kab.,Halmahera Utara,Maluku Utara,1
24,Kao Barat,97764,21,-,82.03.21,Kab.,Halmahera Utara,Maluku Utara,1
25,Kao Teluk,97765,11,-,82.03.22,Kab.,Halmahera Utara,Maluku Utara,1
26,Kao Utara,97764,12,1,82.03.20,Kab.,Halmahera Utara,Maluku Utara,1
27,Kasiruta Barat,97790,10,25,82.04.15,Kab.,Halmahera Selatan,Maluku Utara,1
28,Kasiruta Timur,97790,8,6,82.04.16,Kab.,Halmahera Selatan,Maluku Utara,1
29,Kayoa,97780,14,45,82.04.02,Kab.,Halmahera Selatan,Maluku Utara,1
30,Kayoa Barat,97781,4,4,82.04.11,Kab.,Halmahera Selatan,Maluku Utara,1
31,Kayoa Selatan,97780,6,8,82.04.12,Kab.,Halmahera Selatan,Maluku Utara,1
32,Kayoa Utara,97781,6,2,82.04.13,Kab.,Halmahera Selatan,Maluku Utara,1
33,Kepulauan Botanglomang,97790,8,12,82.04.18,Kab.,Halmahera Selatan,Maluku Utara,1
34,Kepulauan Joronga,97786,7,27,82.04.25,Kab.,Halmahera Selatan,Maluku Utara,1
35,Kota Maba,97862,6,-,82.06.10,Kab.,Halmahera Timur,Maluku Utara,1
36,Kota Ternate Selatan,97713 - 97734,17,-,82.71.02,Kota,Ternate,Maluku Utara,1
37,Kota Ternate Tengah,97711 - 97732,16,-,82.71.06,Kota,Ternate,Maluku Utara,1
38,Kota Ternate Utara,97723 - 97738,14,-,82.71.03,Kota,Ternate,Maluku Utara,1
39,Lede,97794,5,-,82.08.03,Kab.,Pulau Taliabu,Maluku Utara,1
40,Loloda,97755,17,77,82.01.02,Kab.,Halmahera Barat,Maluku Utara,1
41,Loloda Kepulauan,97763,10,57,82.03.19,Kab.,Halmahera Utara,Maluku Utara,1
42,Loloda Tengah,97755,10,-,82.01.10,Kab.,Halmahera Barat,Maluku Utara,1
43,Loloda Utara,97763,18,1,82.03.09,Kab.,Halmahera Utara,Maluku Utara,1
44,Maba,97860,10,3,82.06.02,Kab.,Halmahera Timur,Maluku Utara,1
45,Maba Selatan,97861,9,26,82.06.03,Kab.,Halmahera Timur,Maluku Utara,1
46,Maba Tengah,97863,12,-,82.06.08,Kab.,Halmahera Timur,Maluku Utara,1
47,Maba Utara,97864,10,-,82.06.09,Kab.,Halmahera Timur,Maluku Utara,1
48,Makian Barat,97784,7,-,82.04.10,Kab.,Halmahera Selatan,Maluku Utara,1
49,Malifut,97766,22,-,82.03.08,Kab.,Halmahera Utara,Maluku Utara,1
50,Mandioli Selatan,97791,6,-,82.04.19,Kab.,Halmahera Selatan,Maluku Utara,1
51,Mandioli Utara,97791 - 97792,6,7,82.04.20,Kab.,Halmahera Selatan,Maluku Utara,1
52,Mangoli Barat,97793,7,2,82.05.06,Kab.,Kepulauan Sula,Maluku Utara,1
53,Mangoli Selatan,97793,5,-,82.05.12,Kab.,Kepulauan Sula,Maluku Utara,1
54,Mangoli Tengah,97793,9,-,82.05.11,Kab.,Kepulauan Sula,Maluku Utara,1
55,Mangoli Timur,97793,5,12,82.05.01,Kab.,Kepulauan Sula,Maluku Utara,1
56,Mangoli Utara,97793,7,-,82.05.13,Kab.,Kepulauan Sula,Maluku Utara,1
57,Mangoli Utara Timur,97793,4,-,82.05.10,Kab.,Kepulauan Sula,Maluku Utara,1
58,Morotai Jaya,97772,14,-,82.07.03,Kab.,Pulau Morotai,Maluku Utara,1
59,Morotai Selatan,97771,25,19,82.07.01,Kab.,Pulau Morotai,Maluku Utara,1
60,Morotai Selatan Barat,97770,15,11,82.07.02,Kab.,Pulau Morotai,Maluku Utara,1
61,Morotai Timur,97771 - 97777,15,-,82.07.05,Kab.,Pulau Morotai,Maluku Utara,1
62,Morotai Utara,97773,14,-,82.07.04,Kab.,Pulau Morotai,Maluku Utara,1
63,Moti,97741,6,1,82.71.04,Kota,Ternate,Maluku Utara,1
64,Oba,97824,13,6,82.72.03,Kota,Tidore Kepulauan,Maluku Utara,1
65,Oba Selatan,97825,7,-,82.72.07,Kota,Tidore Kepulauan,Maluku Utara,1
66,Oba Tengah,97826,14,-,82.72.06,Kota,Tidore Kepulauan,Maluku Utara,1
67,Oba Utara,97827,13,1,82.72.02,Kota,Tidore Kepulauan,Maluku Utara,1
68,Obi,97792,9,11,82.04.06,Kab.,Halmahera Selatan,Maluku Utara,1
69,Obi Barat,97792,6,4,82.04.28,Kab.,Halmahera Selatan,Maluku Utara,1
70,Obi Selatan,97792,8,3,82.04.05,Kab.,Halmahera Selatan,Maluku Utara,1
71,Obi Timur,97792,4,7,82.04.29,Kab.,Halmahera Selatan,Maluku Utara,1
72,Obi Utara,97792,7,5,82.04.30,Kab.,Halmahera Selatan,Maluku Utara,1
73,Patani,97855,5,3,82.02.02,Kab.,Halmahera Tengah,Maluku Utara,1
74,Patani Barat,97856,5,-,82.02.08,Kab.,Halmahera Tengah,Maluku Utara,1
75,Patani Timur,97857,6,-,82.02.10,Kab.,Halmahera Tengah,Maluku Utara,1
76,Patani Utara,97858,6,2,82.02.06,Kab.,Halmahera Tengah,Maluku Utara,1
77,Pulau Batang Dua,97743,6,-,82.71.05,Kota,Ternate,Maluku Utara,1
78,Pulau Gebe,97859,8,9,82.02.03,Kab.,Halmahera Tengah,Maluku Utara,1
79,Pulau Hiri,97745,6,-,82.71.07,Kota,Ternate,Maluku Utara,1
80,Pulau Makian,97785,15,1,82.04.01,Kab.,Halmahera Selatan,Maluku Utara,1
81,Pulau Rao,97770,5,-,82.07.06,Kab.,Pulau Morotai,Maluku Utara,1
82,Pulau Ternate,97747,6,7,82.71.01,Kota,Ternate,Maluku Utara,1
83,Sahu,97753,19,-,82.01.04,Kab.,Halmahera Barat,Maluku Utara,1
84,Sahu Timur,97758,18,-,82.01.09,Kab.,Halmahera Barat,Maluku Utara,1
85,Sanana,97795,11,-,82.05.02,Kab.,Kepulauan Sula,Maluku Utara,1
86,Sanana Utara,97796,7,-,82.05.18,Kab.,Kepulauan Sula,Maluku Utara,1
87,Sulabesi Barat,97797,6,-,82.05.03,Kab.,Kepulauan Sula,Maluku Utara,1
88,Sulabesi Selatan,97798,5,-,82.05.09,Kab.,Kepulauan Sula,Maluku Utara,1
89,Sulabesi Tengah,97799,6,-,82.05.07,Kab.,Kepulauan Sula,Maluku Utara,1
90,Sulabesi Timur,97795,6,-,82.05.08,Kab.,Kepulauan Sula,Maluku Utara,1
91,Tabona,97794,7,-,82.08.08,Kab.,Pulau Taliabu,Maluku Utara,1
92,Taliabu Barat,97794,13,-,82.08.01,Kab.,Pulau Taliabu,Maluku Utara,1
93,Taliabu Barat Laut,97794,5,-,82.08.02,Kab.,Pulau Taliabu,Maluku Utara,1
94,Taliabu Selatan,97794,9,-,82.08.07,Kab.,Pulau Taliabu,Maluku Utara,1
95,Taliabu Timur,97794,4,-,82.08.05,Kab.,Pulau Taliabu,Maluku Utara,1
96,Taliabu Timur Selatan,97794,9,-,82.08.06,Kab.,Pulau Taliabu,Maluku Utara,1
97,Taliabu Utara,97794,19,-,82.08.04,Kab.,Pulau Taliabu,Maluku Utara,1
98,Ternate Barat,97747,7,-,82.71.08,Kota,Ternate,Maluku Utara,1
99,Tidore,97811 - 97813,13,2,82.72.01,Kota,Tidore Kepulauan,Maluku Utara,1
100,Tidore Selatan,97821,8,1,82.72.04,Kota,Tidore Kepulauan,Maluku Utara,1
101,Tidore Timur,97822,7,-,82.72.08,Kota,Tidore Kepulauan,Maluku Utara,1
102,Tidore Utara,97823,14,1,82.72.05,Kota,Tidore Kepulauan,Maluku Utara,1
103,Tobelo,97762,10,7,82.03.05,Kab.,Halmahera Utara,Maluku Utara,1
104,Tobelo Barat,97762,5,-,82.03.13,Kab.,Halmahera Utara,Maluku Utara,1
105,Tobelo Selatan,97768,13,-,82.03.06,Kab.,Halmahera Utara,Maluku Utara,1
106,Tobelo Tengah,97768,9,6,82.03.11,Kab.,Halmahera Utara,Maluku Utara,1
107,Tobelo Timur,97767,6,6,82.03.12,Kab.,Halmahera Utara,Maluku Utara,1
108,Tobelo Utara,97767,10,3,82.03.10,Kab.,Halmahera Utara,Maluku Utara,1
109,Wasile,97865,7,-,82.06.01,Kab.,Halmahera Timur,Maluku Utara,1
110,Wasile Selatan,97866,24,10,82.06.04,Kab.,Halmahera Timur,Maluku Utara,1
111,Wasile Tengah,97867,8,-,82.06.05,Kab.,Halmahera Timur,Maluku Utara,1
112,Wasile Timur,97868,8,-,82.06.07,Kab.,Halmahera Timur,Maluku Utara,1
113,Wasile Utara,97869,8,-,82.06.06,Kab.,Halmahera Timur,Maluku Utara,1
114,Weda,97850,7,24,82.02.01,Kab.,Halmahera Tengah,Maluku Utara,1
115,Weda Selatan,97851,8,-,82.02.05,Kab.,Halmahera Tengah,Maluku Utara,1
116,Weda Tengah,97853,7,-,82.02.07,Kab.,Halmahera Tengah,Maluku Utara,1
117,Weda Timur,97852,4,-,82.02.09,Kab.,Halmahera Tengah,Maluku Utara,1
118,Weda Utara,97854,5,2,82.02.04,Kab.,Halmahera Tengah,Maluku Utara,1
1,Aikmel,83653,14,-,52.03.09,Kab.,Lombok Timur,Nusa Tenggara Barat (NTB),1
2,Alas,84353,8,4,52.04.05,Kab.,Sumbawa,Nusa Tenggara Barat (NTB),1
3,Alas Barat,84354,8,-,52.04.17,Kab.,Sumbawa,Nusa Tenggara Barat (NTB),1
4,Ambalawi,84153,6,-,52.06.10,Kab.,Bima,Nusa Tenggara Barat (NTB),1
5,Ampenan,83118 - 83511,10,-,52.71.01,Kota,Mataram,Nusa Tenggara Barat (NTB),1
6,Asakota,84119,6,-,52.72.03,Kota,Bima,Nusa Tenggara Barat (NTB),1
7,Batu Lanteh (Batulanteh),84361,6,-,52.04.07,Kab.,Sumbawa,Nusa Tenggara Barat (NTB),1
8,Batu Layar,83355,9,-,52.01.14,Kab.,Lombok Barat,Nusa Tenggara Barat (NTB),1
9,Batukliang,83552,11,-,52.02.03,Kab.,Lombok Tengah,Nusa Tenggara Barat (NTB),1
10,Batukliang Utara,83550,8,-,52.02.12,Kab.,Lombok Tengah,Nusa Tenggara Barat (NTB),1
11,Bayan,83354,12,-,52.08.04,Kab.,Lombok Utara,Nusa Tenggara Barat (NTB),1
12,Belo,84173,9,-,52.06.04,Kab.,Bima,Nusa Tenggara Barat (NTB),1
13,Bolo,84161,14,-,52.06.02,Kab.,Bima,Nusa Tenggara Barat (NTB),1
14,Brang Ene,84455,6,-,52.07.07,Kab.,Sumbawa Barat,Nusa Tenggara Barat (NTB),1
15,Brang Rea,84455 - 84458,9,-,52.07.05,Kab.,Sumbawa Barat,Nusa Tenggara Barat (NTB),1
16,Buer,84355,6,5,52.04.20,Kab.,Sumbawa,Nusa Tenggara Barat (NTB),1
17,Cakranegara,83238 - 83239,10,-,52.71.03,Kota,Mataram,Nusa Tenggara Barat (NTB),1
18,Dompu,84211 - 84219,15,-,52.05.01,Kab.,Dompu,Nusa Tenggara Barat (NTB),1
19,Donggo,84162,9,-,52.06.08,Kab.,Bima,Nusa Tenggara Barat (NTB),1
20,Empang,84384,10,1,52.04.14,Kab.,Sumbawa,Nusa Tenggara Barat (NTB),1
21,Gangga,83353,8,-,52.08.02,Kab.,Lombok Utara,Nusa Tenggara Barat (NTB),1
22,Gerung,83363,14,-,52.01.01,Kab.,Lombok Barat,Nusa Tenggara Barat (NTB),1
23,Gunungsari,83351,16,-,52.01.09,Kab.,Lombok Barat,Nusa Tenggara Barat (NTB),1
24,Hu&#039;u,84271,8,-,52.05.03,Kab.,Dompu,Nusa Tenggara Barat (NTB),1
25,Janapria,83554,16,-,52.02.07,Kab.,Lombok Tengah,Nusa Tenggara Barat (NTB),1
26,Jereweh,84456,4,-,52.07.01,Kab.,Sumbawa Barat,Nusa Tenggara Barat (NTB),1
27,Jerowaru,83672,15,1,52.03.20,Kab.,Lombok Timur,Nusa Tenggara Barat (NTB),1
28,Jonggat,83561,13,-,52.02.02,Kab.,Lombok Tengah,Nusa Tenggara Barat (NTB),1
29,Kayangan,83356,10,-,52.08.03,Kab.,Lombok Utara,Nusa Tenggara Barat (NTB),1
30,Kediri,83362,10,-,52.01.02,Kab.,Lombok Barat,Nusa Tenggara Barat (NTB),1
31,Kempo,84261,8,-,52.05.02,Kab.,Dompu,Nusa Tenggara Barat (NTB),1
32,Keruak,83673,15,-,52.03.01,Kab.,Lombok Timur,Nusa Tenggara Barat (NTB),1
33,Kilo,84252,6,-,52.05.04,Kab.,Dompu,Nusa Tenggara Barat (NTB),1
34,Kopang,83553,13,-,52.02.09,Kab.,Lombok Tengah,Nusa Tenggara Barat (NTB),1
35,Kuripan,83360,6,-,52.01.15,Kab.,Lombok Barat,Nusa Tenggara Barat (NTB),1
36,Labangka,84383,5,-,52.04.19,Kab.,Sumbawa,Nusa Tenggara Barat (NTB),1
37,Labuapi,83361,12,-,52.01.08,Kab.,Lombok Barat,Nusa Tenggara Barat (NTB),1
38,Labuhan Badas,84316,7,3,52.04.18,Kab.,Sumbawa,Nusa Tenggara Barat (NTB),1
39,Labuhan Haji,83615 - 83617,12,-,52.03.17,Kab.,Lombok Timur,Nusa Tenggara Barat (NTB),1
40,Lambitu,84181,6,-,52.06.17,Kab.,Bima,Nusa Tenggara Barat (NTB),1
41,Lambu,84182,14,8,52.06.12,Kab.,Bima,Nusa Tenggara Barat (NTB),1
42,Langgudu,84180,15,8,52.06.11,Kab.,Bima,Nusa Tenggara Barat (NTB),1
43,Lantung,84372,4,-,52.04.29,Kab.,Sumbawa,Nusa Tenggara Barat (NTB),1
44,Lape (Lape Lopok),84382,4,17,52.04.12,Kab.,Sumbawa,Nusa Tenggara Barat (NTB),1
45,Lembar,83364,10,-,52.01.13,Kab.,Lombok Barat,Nusa Tenggara Barat (NTB),1
46,Lenangguar,84370,4,-,52.04.27,Kab.,Sumbawa,Nusa Tenggara Barat (NTB),1
47,Lenek,83653,10,-,52.03.21,Kab.,Lombok Timur,Nusa Tenggara Barat (NTB),1
48,Lingsar,83371,15,-,52.01.12,Kab.,Lombok Barat,Nusa Tenggara Barat (NTB),1
49,Lopok,84388,7,-,52.04.26,Kab.,Sumbawa,Nusa Tenggara Barat (NTB),1
50,Lunyuk,84373,7,1,52.04.02,Kab.,Sumbawa,Nusa Tenggara Barat (NTB),1
51,Madapangga,84111,11,-,52.06.13,Kab.,Bima,Nusa Tenggara Barat (NTB),1
52,Maluk,84459,5,-,52.07.08,Kab.,Sumbawa Barat,Nusa Tenggara Barat (NTB),1
53,Manggalewa,84253,12,10,52.05.07,Kab.,Dompu,Nusa Tenggara Barat (NTB),1
54,Maronge,84387,4,4,52.04.24,Kab.,Sumbawa,Nusa Tenggara Barat (NTB),1
55,Masbagik,83661,10,-,52.03.05,Kab.,Lombok Timur,Nusa Tenggara Barat (NTB),1
56,Mataram,83117 - 83127,9,-,52.71.02,Kota,Mataram,Nusa Tenggara Barat (NTB),1
57,Monta,84172,14,-,52.06.01,Kab.,Bima,Nusa Tenggara Barat (NTB),1
58,Montong Gading,83663,8,-,52.03.11,Kab.,Lombok Timur,Nusa Tenggara Barat (NTB),1
59,Moyo Hilir,84381,10,1,52.04.09,Kab.,Sumbawa,Nusa Tenggara Barat (NTB),1
60,Moyo Hulu,84371,12,-,52.04.10,Kab.,Sumbawa,Nusa Tenggara Barat (NTB),1
61,Moyo Utara,84380,6,-,52.04.23,Kab.,Sumbawa,Nusa Tenggara Barat (NTB),1
62,Mpunda,84111 - 84119,10,-,52.72.05,Kota,Bima,Nusa Tenggara Barat (NTB),1
63,Narmada,83370,21,-,52.01.03,Kab.,Lombok Barat,Nusa Tenggara Barat (NTB),1
64,Orong Telu,84374,4,-,52.04.28,Kab.,Sumbawa,Nusa Tenggara Barat (NTB),1
65,Pajo,84272,6,-,52.05.08,Kab.,Dompu,Nusa Tenggara Barat (NTB),1
66,Palibelo,84174,12,-,52.06.18,Kab.,Bima,Nusa Tenggara Barat (NTB),1
67,Parado,84170,5,-,52.06.16,Kab.,Bima,Nusa Tenggara Barat (NTB),1
68,Pekat,84260,12,1,52.05.06,Kab.,Dompu,Nusa Tenggara Barat (NTB),1
69,Pemenang,83352,5,-,52.08.05,Kab.,Lombok Utara,Nusa Tenggara Barat (NTB),1
70,Plampang,84386,11,7,52.04.13,Kab.,Sumbawa,Nusa Tenggara Barat (NTB),1
71,Poto Tano,84454,8,7,52.07.06,Kab.,Sumbawa Barat,Nusa Tenggara Barat (NTB),1
72,Praya,83511 - 83522,15,-,52.02.01,Kab.,Lombok Tengah,Nusa Tenggara Barat (NTB),1
73,Praya Barat,83572,10,-,52.02.05,Kab.,Lombok Tengah,Nusa Tenggara Barat (NTB),1
74,Praya Barat Daya,83571,12,-,52.02.11,Kab.,Lombok Tengah,Nusa Tenggara Barat (NTB),1
75,Praya Tengah,83513 - 83582,13,-,52.02.10,Kab.,Lombok Tengah,Nusa Tenggara Barat (NTB),1
76,Praya Timur,83581,14,-,52.02.06,Kab.,Lombok Tengah,Nusa Tenggara Barat (NTB),1
77,Pringgabaya,83654,15,-,52.03.08,Kab.,Lombok Timur,Nusa Tenggara Barat (NTB),1
78,Pringgarata,83562,11,-,52.02.08,Kab.,Lombok Tengah,Nusa Tenggara Barat (NTB),1
79,Pringgasela,83660,10,-,52.03.12,Kab.,Lombok Timur,Nusa Tenggara Barat (NTB),1
80,Pujut,83573,18,-,52.02.04,Kab.,Lombok Tengah,Nusa Tenggara Barat (NTB),1
81,Raba,84113 - 84119,11,-,52.72.04,Kota,Bima,Nusa Tenggara Barat (NTB),1
82,Rasanae Barat,84111 - 84119,6,-,52.72.01,Kota,Bima,Nusa Tenggara Barat (NTB),1
83,Rasanae Timur,84114 - 84119,8,-,52.72.02,Kota,Bima,Nusa Tenggara Barat (NTB),1
84,Rhee,84352,4,-,52.04.21,Kab.,Sumbawa,Nusa Tenggara Barat (NTB),1
85,Ropang,84375,5,6,52.04.11,Kab.,Sumbawa,Nusa Tenggara Barat (NTB),1
86,Sakra,83671,12,-,52.03.02,Kab.,Lombok Timur,Nusa Tenggara Barat (NTB),1
87,Sakra Barat,83670,18,-,52.03.19,Kab.,Lombok Timur,Nusa Tenggara Barat (NTB),1
88,Sakra Timur,83674,10,-,52.03.18,Kab.,Lombok Timur,Nusa Tenggara Barat (NTB),1
89,Sambelia (Sambalia),83656,11,-,52.03.10,Kab.,Lombok Timur,Nusa Tenggara Barat (NTB),1
90,Sandubaya (Sandujaya),83232 - 83237,7,-,52.71.06,Kota,Mataram,Nusa Tenggara Barat (NTB),1
91,Sanggar,84191,6,-,52.06.09,Kab.,Bima,Nusa Tenggara Barat (NTB),1
92,Sape,84183,18,10,52.06.06,Kab.,Bima,Nusa Tenggara Barat (NTB),1
93,Sekarbela,83115 - 83116,5,-,52.71.04,Kota,Mataram,Nusa Tenggara Barat (NTB),1
94,Sekongkang,84457,7,2,52.07.04,Kab.,Sumbawa Barat,Nusa Tenggara Barat (NTB),1
95,Sekotong,83365,9,1,52.01.07,Kab.,Lombok Barat,Nusa Tenggara Barat (NTB),1
96,Selaprang (Selaparang),83126,9,-,52.71.05,Kota,Mataram,Nusa Tenggara Barat (NTB),1
97,Selong,83611 - 83619,12,-,52.03.07,Kab.,Lombok Timur,Nusa Tenggara Barat (NTB),1
98,Sembalun,83657,6,-,52.03.15,Kab.,Lombok Timur,Nusa Tenggara Barat (NTB),1
99,Seteluk (Sateluk),84453,10,-,52.07.03,Kab.,Sumbawa Barat,Nusa Tenggara Barat (NTB),1
100,Sikur,83662,14,-,52.03.04,Kab.,Lombok Timur,Nusa Tenggara Barat (NTB),1
101,Soromandi,84163,7,1,52.06.15,Kab.,Bima,Nusa Tenggara Barat (NTB),1
102,Sukamulia,83652,9,-,52.03.06,Kab.,Lombok Timur,Nusa Tenggara Barat (NTB),1
103,Sumbawa,84311 - 84318,8,-,52.04.08,Kab.,Sumbawa,Nusa Tenggara Barat (NTB),1
104,Suralaga,83651,15,-,52.03.13,Kab.,Lombok Timur,Nusa Tenggara Barat (NTB),1
105,Suwela (Suela),83655,8,-,52.03.16,Kab.,Lombok Timur,Nusa Tenggara Barat (NTB),1
106,Taliwang,84452,16,6,52.07.02,Kab.,Sumbawa Barat,Nusa Tenggara Barat (NTB),1
107,Tambora,84190,7,-,52.06.14,Kab.,Bima,Nusa Tenggara Barat (NTB),1
108,Tanjung,83350,8,-,52.08.01,Kab.,Lombok Utara,Nusa Tenggara Barat (NTB),1
109,Tarano,84385,8,6,52.04.25,Kab.,Sumbawa,Nusa Tenggara Barat (NTB),1
110,Terara,83664,16,-,52.03.03,Kab.,Lombok Timur,Nusa Tenggara Barat (NTB),1
111,Unter Iwes (Unterwiris),84310,8,-,52.04.22,Kab.,Sumbawa,Nusa Tenggara Barat (NTB),1
112,Utan,84351,9,4,52.04.06,Kab.,Sumbawa,Nusa Tenggara Barat (NTB),1
113,Wanasaba,83650,14,-,52.03.14,Kab.,Lombok Timur,Nusa Tenggara Barat (NTB),1
114,Wawo,84184,9,-,52.06.05,Kab.,Bima,Nusa Tenggara Barat (NTB),1
115,Wera,84152,14,1,52.06.07,Kab.,Bima,Nusa Tenggara Barat (NTB),1
116,Woha,84171,15,-,52.06.03,Kab.,Bima,Nusa Tenggara Barat (NTB),1
117,Woja,84219 - 84251,14,1,52.05.05,Kab.,Dompu,Nusa Tenggara Barat (NTB),1
1,Abepura,99321 - 99329,11,3,91.71.03,Kota,Jayapura,Papua,1
2,Aimando Padaido,98555,13,14,91.06.19,Kab.,Biak Numfor,Papua,1
3,Airu,99363,6,-,91.03.16,Kab.,Jayapura,Papua,1
4,Andey,98543,11,-,91.06.14,Kab.,Biak Numfor,Papua,1
5,Angkaisera,98655,11,-,91.05.04,Kab.,Kepulauan Yapen,Papua,1
6,Anotaurei,98631,8,-,91.05.15,Kab.,Kepulauan Yapen,Papua,1
7,Apawer Hulu,99374,10,-,91.10.09,Kab.,Sarmi,Papua,1
8,Arso,99471,12,-,91.11.02,Kab.,Keerom,Papua,1
9,Arso Barat,99473,8,-,91.11.08,Kab.,Keerom,Papua,1
10,Arso Timur,99472,9,-,91.11.06,Kab.,Keerom,Papua,1
11,Benuki,98683,7,-,91.20.07,Kab.,Mamberamo Raya,Papua,1
12,Biak Barat,98545,22,10,91.06.08,Kab.,Biak Numfor,Papua,1
13,Biak Kota,98511 - 98534,22,2,91.06.01,Kab.,Biak Numfor,Papua,1
14,Biak Timur,98541,26,3,91.06.03,Kab.,Biak Numfor,Papua,1
15,Biak Utara,98544,16,-,91.06.02,Kab.,Biak Numfor,Papua,1
16,Bondifuar,98554,5,2,91.06.21,Kab.,Biak Numfor,Papua,1
17,Bonggo,99381,10,5,91.10.05,Kab.,Sarmi,Papua,1
18,Bonggo Timur,99382,5,-,91.10.15,Kab.,Sarmi,Papua,1
19,Bruyadori,98561,10,22,91.06.16,Kab.,Biak Numfor,Papua,1
20,Demba,98672,10,-,91.15.13,Kab.,Waropen,Papua,1
21,Demta,99354,7,7,91.03.10,Kab.,Jayapura,Papua,1
22,Depapre,99353,8,4,91.03.03,Kab.,Jayapura,Papua,1
23,Ebungfao (Ebungfau / Ebungfa),99351,5,-,91.03.12,Kab.,Jayapura,Papua,1
24,Gresi Selatan,99357,4,-,91.03.18,Kab.,Jayapura,Papua,1
25,Heram,99331 - 99334,5,-,91.71.05,Kota,Jayapura,Papua,1
26,Inggerus,98661,7,-,91.15.09,Kab.,Waropen,Papua,1
27,Jayapura Selatan,99220 - 99229,7,-,91.71.02,Kota,Jayapura,Papua,1
28,Jayapura Utara,99111 - 99118,8,-,91.71.01,Kota,Jayapura,Papua,1
29,Kaisenar,99465,5,-,91.11.11,Kab.,Keerom,Papua,1
30,Kaureh,99364,5,-,91.03.11,Kab.,Jayapura,Papua,1
31,Kemtuk,99366,12,-,91.03.05,Kab.,Jayapura,Papua,1
32,Kemtuk Gresi,99367,12,-,91.03.06,Kab.,Jayapura,Papua,1
33,Kepulauan Ambai,98653,13,35,91.05.10,Kab.,Kepulauan Yapen,Papua,1
34,Kepulauan Aruri,98571,9,83,91.19.04,Kab.,Supiori,Papua,1
35,Kirihi,98673,10,-,91.15.10,Kab.,Waropen,Papua,1
36,Kosiwo,98632,15,1,91.05.06,Kab.,Kepulauan Yapen,Papua,1
37,Mamberamo Hilir,98691,8,-,91.20.05,Kab.,Mamberamo Raya,Papua,1
38,Mamberamo Hulu,98694,8,-,91.20.02,Kab.,Mamberamo Raya,Papua,1
39,Mamberamo Tengah,98692,11,-,91.20.01,Kab.,Mamberamo Raya,Papua,1
40,Mamberamo Tengah Timur,98693,7,-,91.20.04,Kab.,Mamberamo Raya,Papua,1
41,Mannem,99468,7,-,91.11.09,Kab.,Keerom,Papua,1
42,Masirei,98671,9,-,91.15.03,Kab.,Waropen,Papua,1
43,Muara Tami,99311 - 99318,8,8,91.71.04,Kota,Jayapura,Papua,1
44,Nambluong,99360,9,-,91.03.14,Kab.,Jayapura,Papua,1
45,Nimbokrang,99362,9,-,91.03.08,Kab.,Jayapura,Papua,1
46,Nimboran,99361,14,-,91.03.07,Kab.,Jayapura,Papua,1
47,Numfor Barat,98564,12,7,91.06.04,Kab.,Biak Numfor,Papua,1
48,Numfor Timur,98562,9,-,91.06.05,Kab.,Biak Numfor,Papua,1
49,Nusawani,98653,5,-,91.05.17,Kab.,Kepulauan Yapen,Papua,1
50,Oridek,98542,14,7,91.06.20,Kab.,Biak Numfor,Papua,1
51,Orkeri,98565,9,2,91.06.17,Kab.,Biak Numfor,Papua,1
52,Oudate,98665,8,-,91.15.11,Kab.,Waropen,Papua,1
53,Padaido,98556,11,31,91.06.10,Kab.,Biak Numfor,Papua,1
54,Pantai Barat,99375,16,-,91.10.03,Kab.,Sarmi,Papua,1
55,Pantai Timur,99370,7,5,91.10.04,Kab.,Sarmi,Papua,1
56,Pantai Timur Bagian Barat,99371,11,-,91.10.14,Kab.,Sarmi,Papua,1
57,Poiru,98563,9,-,91.06.18,Kab.,Biak Numfor,Papua,1
58,Poom,98652,8,5,91.05.05,Kab.,Kepulauan Yapen,Papua,1
59,Pulau Kurudu,98643,8,-,91.05.13,Kab.,Kepulauan Yapen,Papua,1
60,Pulau Yerui,98646,5,-,91.05.14,Kab.,Kepulauan Yapen,Papua,1
61,Raimbawi,98641,7,1,91.05.08,Kab.,Kepulauan Yapen,Papua,1
62,Raveni Rara (Ravenirara),99350,4,3,91.03.17,Kab.,Jayapura,Papua,1
63,Risei Sayati,98674,10,-,91.15.07,Kab.,Waropen,Papua,1
64,Rufaer,98695,6,-,91.20.03,Kab.,Mamberamo Raya,Papua,1
65,Samofa,98551,17,-,91.06.12,Kab.,Biak Numfor,Papua,1
66,Sarmi,99373,11,4,91.10.01,Kab.,Sarmi,Papua,1
67,Sarmi Selatan,99376,6,-,91.10.12,Kab.,Sarmi,Papua,1
68,Sarmi Timur,99377,8,-,91.10.13,Kab.,Sarmi,Papua,1
69,Sawai,98682,6,2,91.20.08,Kab.,Mamberamo Raya,Papua,1
70,Senggi,99464,7,-,91.11.03,Kab.,Keerom,Papua,1
71,Sentani,99352,10,-,91.03.01,Kab.,Jayapura,Papua,1
72,Sentani Barat,99358,5,-,91.03.04,Kab.,Jayapura,Papua,1
73,Sentani Timur,99359,7,-,91.03.02,Kab.,Jayapura,Papua,1
74,Skanto,99469,12,-,91.11.05,Kab.,Keerom,Papua,1
75,Soyoi Mambai,98675,10,-,91.15.15,Kab.,Waropen,Papua,1
76,Supiori Barat,98581,7,20,91.19.05,Kab.,Supiori,Papua,1
77,Supiori Selatan,98572,7,12,91.19.01,Kab.,Supiori,Papua,1
78,Supiori Timur,98573,10,3,91.19.03,Kab.,Supiori,Papua,1
79,Supiori Utara,98582,5,1,91.19.02,Kab.,Supiori,Papua,1
80,Swandiwe,98546,15,-,91.06.15,Kab.,Biak Numfor,Papua,1
81,Teluk Ampimoi,98642,11,2,91.05.09,Kab.,Kepulauan Yapen,Papua,1
82,Tor Atas,99372,10,-,91.10.02,Kab.,Sarmi,Papua,1
83,Towe,99466,10,-,91.11.07,Kab.,Keerom,Papua,1
84,Unurum Guay,99356,6,-,91.03.09,Kab.,Jayapura,Papua,1
85,Urei Faisei,98663,12,-,91.15.08,Kab.,Waropen,Papua,1
86,Waibu,99368,7,-,91.03.13,Kab.,Jayapura,Papua,1
87,Wapoga,98664,7,-,91.15.12,Kab.,Waropen,Papua,1
88,Waris,99467,8,-,91.11.01,Kab.,Keerom,Papua,1
89,Waropen Atas,98681,7,-,91.20.06,Kab.,Mamberamo Raya,Papua,1
90,Waropen Bawah,98662,7,1,91.15.01,Kab.,Waropen,Papua,1
91,Warsa,98553,20,1,91.06.09,Kab.,Biak Numfor,Papua,1
92,Web,99462,6,-,91.11.04,Kab.,Keerom,Papua,1
93,Windesi,98651,9,1,91.05.12,Kab.,Kepulauan Yapen,Papua,1
94,Wonawa,98647,10,37,91.05.11,Kab.,Kepulauan Yapen,Papua,1
95,Wonti,98676,10,-,91.15.14,Kab.,Waropen,Papua,1
96,Yaffi,99463,7,-,91.11.10,Kab.,Keerom,Papua,1
97,Yapen Barat,98648,17,20,91.05.02,Kab.,Kepulauan Yapen,Papua,1
98,Yapen Selatan,98612 - 98627,13,1,91.05.01,Kab.,Kepulauan Yapen,Papua,1
99,Yapen Timur,98644,11,1,91.05.03,Kab.,Kepulauan Yapen,Papua,1
100,Yapen Utara,98645,7,-,91.05.07,Kab.,Kepulauan Yapen,Papua,1
101,Yapsi,99365,9,-,91.03.15,Kab.,Jayapura,Papua,1
102,Yawakukat,98654,7,-,91.05.16,Kab.,Kepulauan Yapen,Papua,1
103,Yawosi,98552,8,-,91.06.13,Kab.,Biak Numfor,Papua,1
104,Yendidori,98547,19,4,91.06.11,Kab.,Biak Numfor,Papua,1
105,Yokari,99355,5,2,91.03.19,Kab.,Jayapura,Papua,1
1,Abad Selatan,85861,7,-,53.05.18,Kab.,Alor,Nusa Tenggara Timur (NTT),1
2,Adonara,86262,8,-,53.06.17,Kab.,Flores Timur,Nusa Tenggara Timur (NTT),1
3,Adonara Barat,86263,18,-,53.06.08,Kab.,Flores Timur,Nusa Tenggara Timur (NTT),1
4,Adonara Tengah,86264,13,-,53.06.18,Kab.,Flores Timur,Nusa Tenggara Timur (NTT),1
5,Adonara Timur,86261,21,-,53.06.10,Kab.,Flores Timur,Nusa Tenggara Timur (NTT),1
6,Aesesa,86472,18,1,53.16.01,Kab.,Nagekeo,Nusa Tenggara Timur (NTT),1
7,Aesesa Selatan,86470,7,-,53.16.07,Kab.,Nagekeo,Nusa Tenggara Timur (NTT),1
8,Aimere,86452,11,-,53.09.01,Kab.,Ngada,Nusa Tenggara Timur (NTT),1
9,Alak,85231 - 85239,12,-,53.71.01,Kota,Kupang,Nusa Tenggara Timur (NTT),1
10,Alok,86112 - 86118,7,-,53.07.05,Kab.,Sikka,Nusa Tenggara Timur (NTT),1
11,Alok Barat,86114 - 86115,4,-,53.07.14,Kab.,Sikka,Nusa Tenggara Timur (NTT),1
12,Alok Timur,86111 - 86215,11,-,53.07.15,Kab.,Sikka,Nusa Tenggara Timur (NTT),1
13,Alor Barat Daya,85861,13,-,53.05.03,Kab.,Alor,Nusa Tenggara Timur (NTT),1
14,Alor Barat Laut,85851,19,3,53.05.02,Kab.,Alor,Nusa Tenggara Timur (NTT),1
15,Alor Selatan,85871,14,-,53.05.04,Kab.,Alor,Nusa Tenggara Timur (NTT),1
16,Alor Tengah Utara,85870,14,-,53.05.07,Kab.,Alor,Nusa Tenggara Timur (NTT),1
17,Alor Timur,85872,10,-,53.05.05,Kab.,Alor,Nusa Tenggara Timur (NTT),1
18,Alor Timur Laut,85873,8,-,53.05.08,Kab.,Alor,Nusa Tenggara Timur (NTT),1
19,Amabi Oefeto,85362 - 85363,7,-,53.01.25,Kab.,Kupang,Nusa Tenggara Timur (NTT),1
20,Amabi Oefeto Timur,85363,10,-,53.01.20,Kab.,Kupang,Nusa Tenggara Timur (NTT),1
21,Amanatun Selatan,85573,13,-,53.02.08,Kab.,Timor Tengah Selatan,Nusa Tenggara Timur (NTT),1
22,Amanatun Utara,85574,9,-,53.02.09,Kab.,Timor Tengah Selatan,Nusa Tenggara Timur (NTT),1
23,Amanuban Barat,85514 - 85551,8,-,53.02.07,Kab.,Timor Tengah Selatan,Nusa Tenggara Timur (NTT),1
24,Amanuban Selatan,85562,10,-,53.02.06,Kab.,Timor Tengah Selatan,Nusa Tenggara Timur (NTT),1
25,Amanuban Tengah,85571,11,-,53.02.05,Kab.,Timor Tengah Selatan,Nusa Tenggara Timur (NTT),1
26,Amanuban Timur,85572,10,-,53.02.04,Kab.,Timor Tengah Selatan,Nusa Tenggara Timur (NTT),1
27,Amarasi,85367,9,-,53.01.09,Kab.,Kupang,Nusa Tenggara Timur (NTT),1
28,Amarasi Barat,85376,8,-,53.01.17,Kab.,Kupang,Nusa Tenggara Timur (NTT),1
29,Amarasi Selatan,85377,5,-,53.01.18,Kab.,Kupang,Nusa Tenggara Timur (NTT),1
30,Amarasi Timur,85378,4,-,53.01.19,Kab.,Kupang,Nusa Tenggara Timur (NTT),1
31,Amfoang Barat Daya,85364,4,-,53.01.21,Kab.,Kupang,Nusa Tenggara Timur (NTT),1
32,Amfoang Barat Laut,85372,6,-,53.01.22,Kab.,Kupang,Nusa Tenggara Timur (NTT),1
33,Amfoang Selatan,85373,7,-,53.01.12,Kab.,Kupang,Nusa Tenggara Timur (NTT),1
34,Amfoang Tengah,85374,4,-,53.01.30,Kab.,Kupang,Nusa Tenggara Timur (NTT),1
35,Amfoang Timur,85375,5,1,53.01.26,Kab.,Kupang,Nusa Tenggara Timur (NTT),1
36,Amfoang Utara,85365,6,-,53.01.13,Kab.,Kupang,Nusa Tenggara Timur (NTT),1
37,Atadei,86685,15,-,53.13.02,Kab.,Lembata,Nusa Tenggara Timur (NTT),1
38,Atambua Barat,85713 - 85718,4,-,53.04.21,Kab.,Belu,Nusa Tenggara Timur (NTT),1
39,Atambua Selatan,85716 - 85718,4,-,53.04.22,Kab.,Belu,Nusa Tenggara Timur (NTT),1
40,Bajawa,86411 - 86419,28,-,53.09.06,Kab.,Ngada,Nusa Tenggara Timur (NTT),1
41,Bajawa Utara,86413,12,-,53.09.15,Kab.,Ngada,Nusa Tenggara Timur (NTT),1
42,Batu Putih,85565,7,-,53.02.14,Kab.,Timor Tengah Selatan,Nusa Tenggara Timur (NTT),1
43,Biboki Anleu,85613,9,-,53.03.07,Kab.,Timor Tengah Utara,Nusa Tenggara Timur (NTT),1
44,Biboki Feotleu,85682,5,-,53.03.24,Kab.,Timor Tengah Utara,Nusa Tenggara Timur (NTT),1
45,Biboki Moenleu,85681,7,-,53.03.23,Kab.,Timor Tengah Utara,Nusa Tenggara Timur (NTT),1
46,Biboki Selatan,85680,8,-,53.03.03,Kab.,Timor Tengah Utara,Nusa Tenggara Timur (NTT),1
47,Biboki Tan Pah,85684,4,-,53.03.22,Kab.,Timor Tengah Utara,Nusa Tenggara Timur (NTT),1
48,Biboki Utara,85683,10,-,53.03.06,Kab.,Timor Tengah Utara,Nusa Tenggara Timur (NTT),1
49,Bikomi Nilulat,85651,6,-,53.03.16,Kab.,Timor Tengah Utara,Nusa Tenggara Timur (NTT),1
50,Bikomi Selatan,85650,10,-,53.03.14,Kab.,Timor Tengah Utara,Nusa Tenggara Timur (NTT),1
51,Bikomi Tengah,85652,9,-,53.03.15,Kab.,Timor Tengah Utara,Nusa Tenggara Timur (NTT),1
52,Bikomi Utara,85653,9,-,53.03.17,Kab.,Timor Tengah Utara,Nusa Tenggara Timur (NTT),1
53,Boawae,86462,27,-,53.16.03,Kab.,Nagekeo,Nusa Tenggara Timur (NTT),1
54,Boking,85584,7,-,53.02.15,Kab.,Timor Tengah Selatan,Nusa Tenggara Timur (NTT),1
55,Bola,86171,8,-,53.07.11,Kab.,Sikka,Nusa Tenggara Timur (NTT),1
56,Boleng,86754,11,2,53.15.06,Kab.,Manggarai Barat,Nusa Tenggara Timur (NTT),1
57,Borong,86571,18,-,53.19.01,Kab.,Manggarai Timur,Nusa Tenggara Timur (NTT),1
58,Botin Leobele,85765,5,-,53.21.12,Kab.,Malaka,Nusa Tenggara Timur (NTT),1
59,Buyasuri,86692,20,-,53.13.07,Kab.,Lembata,Nusa Tenggara Timur (NTT),1
60,Cibal,86591,17,-,53.10.06,Kab.,Manggarai,Nusa Tenggara Timur (NTT),1
61,Cibal Barat,86590,10,-,53.10.17,Kab.,Manggarai,Nusa Tenggara Timur (NTT),1
62,Congkar,86584,10,-,53.19.12,Kab.,Manggarai Timur,Nusa Tenggara Timur (NTT),1
63,Demon Pagong,86219,7,-,53.06.14,Kab.,Flores Timur,Nusa Tenggara Timur (NTT),1
64,Detukeli,86371,13,-,53.08.15,Kab.,Ende,Nusa Tenggara Timur (NTT),1
65,Detusoko,86370,21,-,53.08.06,Kab.,Ende,Nusa Tenggara Timur (NTT),1
66,Doreng,86170,9,-,53.07.20,Kab.,Sikka,Nusa Tenggara Timur (NTT),1
67,Elar,86581,15,-,53.19.05,Kab.,Manggarai Timur,Nusa Tenggara Timur (NTT),1
68,Elar Selatan,86580,14,-,53.19.09,Kab.,Manggarai Timur,Nusa Tenggara Timur (NTT),1
69,Ende,86319,32,2,53.08.03,Kab.,Ende,Nusa Tenggara Timur (NTT),1
70,Ende Selatan,86313 - 86316,5,1,53.08.04,Kab.,Ende,Nusa Tenggara Timur (NTT),1
71,Ende Tengah,86312 - 86319,4,-,53.08.19,Kab.,Ende,Nusa Tenggara Timur (NTT),1
72,Ende Timur,86317 - 86361,6,-,53.08.20,Kab.,Ende,Nusa Tenggara Timur (NTT),1
73,Ende Utara,86310,10,-,53.08.18,Kab.,Ende,Nusa Tenggara Timur (NTT),1
74,Fatukopa,85581,7,-,53.02.29,Kab.,Timor Tengah Selatan,Nusa Tenggara Timur (NTT),1
75,Fatuleu,85371,10,-,53.01.10,Kab.,Kupang,Nusa Tenggara Timur (NTT),1
76,Fatuleu Barat,85223,5,-,53.01.27,Kab.,Kupang,Nusa Tenggara Timur (NTT),1
77,Fatuleu Tengah,85220,4,-,53.01.28,Kab.,Kupang,Nusa Tenggara Timur (NTT),1
78,Fatumnasi,85561,5,-,53.02.12,Kab.,Timor Tengah Selatan,Nusa Tenggara Timur (NTT),1
79,Fautmolo,85582,7,-,53.02.28,Kab.,Timor Tengah Selatan,Nusa Tenggara Timur (NTT),1
80,Golewa,86461,22,-,53.09.02,Kab.,Ngada,Nusa Tenggara Timur (NTT),1
81,Golewa Barat,86460,13,-,53.09.19,Kab.,Ngada,Nusa Tenggara Timur (NTT),1
82,Golewa Selatan,86466,18,-,53.09.18,Kab.,Ngada,Nusa Tenggara Timur (NTT),1
83,Haharu,87153,7,-,53.11.02,Kab.,Sumba Timur,Nusa Tenggara Timur (NTT),1
84,Hawu Mehara,85391,10,-,53.20.05,Kab.,Sabu Raijua,Nusa Tenggara Timur (NTT),1
85,Hewokloang,86181,7,-,53.07.18,Kab.,Sikka,Nusa Tenggara Timur (NTT),1
86,Ile Ape,86683,17,-,53.13.03,Kab.,Lembata,Nusa Tenggara Timur (NTT),1
87,Ile Ape Timur,86687,9,-,53.13.09,Kab.,Lembata,Nusa Tenggara Timur (NTT),1
88,Ile Boleng,86253,21,-,53.06.13,Kab.,Flores Timur,Nusa Tenggara Timur (NTT),1
89,Ile Bura,86254,7,5,53.06.16,Kab.,Flores Timur,Nusa Tenggara Timur (NTT),1
90,Ile Mandiri,86211,8,-,53.06.04,Kab.,Flores Timur,Nusa Tenggara Timur (NTT),1
91,Inerie,86450,13,-,53.09.20,Kab.,Ngada,Nusa Tenggara Timur (NTT),1
92,Insana,85671,17,-,53.03.08,Kab.,Timor Tengah Utara,Nusa Tenggara Timur (NTT),1
93,Insana Barat,85670,12,-,53.03.20,Kab.,Timor Tengah Utara,Nusa Tenggara Timur (NTT),1
94,Insana Fafinesu,85672,6,-,53.03.19,Kab.,Timor Tengah Utara,Nusa Tenggara Timur (NTT),1
95,Insana Tengah,85673,7,-,53.03.21,Kab.,Timor Tengah Utara,Nusa Tenggara Timur (NTT),1
96,Insana Utara,85674,5,-,53.03.09,Kab.,Timor Tengah Utara,Nusa Tenggara Timur (NTT),1
97,Io Kufeu,85768,7,-,53.21.06,Kab.,Malaka,Nusa Tenggara Timur (NTT),1
98,Jerebuu,86451,14,-,53.09.12,Kab.,Ngada,Nusa Tenggara Timur (NTT),1
99,Kabola,85819 - 85851,5,2,53.05.10,Kab.,Alor,Nusa Tenggara Timur (NTT),1
100,Kahaungu Eti (Kahaunguweti),87171,9,-,53.11.14,Kab.,Sumba Timur,Nusa Tenggara Timur (NTT),1
101,Kakuluk Mesak,85752,6,-,53.04.05,Kab.,Belu,Nusa Tenggara Timur (NTT),1
102,Kambata Mapambuhang,87116 - 87171,6,-,53.11.17,Kab.,Sumba Timur,Nusa Tenggara Timur (NTT),1
103,Kambera,87113 - 87116,8,-,53.11.16,Kab.,Sumba Timur,Nusa Tenggara Timur (NTT),1
104,Kanatang,87154,5,-,53.11.20,Kab.,Sumba Timur,Nusa Tenggara Timur (NTT),1
105,Kangae,86180,9,-,53.07.19,Kab.,Sikka,Nusa Tenggara Timur (NTT),1
106,Karera,87172,7,8,53.11.13,Kab.,Sumba Timur,Nusa Tenggara Timur (NTT),1
107,Katala Hamu Lingu,87152,5,-,53.11.19,Kab.,Sumba Timur,Nusa Tenggara Timur (NTT),1
108,Katiku Tana,87282,7,4,53.17.01,Kab.,Sumba Tengah,Nusa Tenggara Timur (NTT),1
109,Katiku Tana Selatan (Katikutana Selatan),87280,9,-,53.17.05,Kab.,Sumba Tengah,Nusa Tenggara Timur (NTT),1
110,Kelapa Lima,85228,5,-,53.71.03,Kota,Kupang,Nusa Tenggara Timur (NTT),1
111,Kelimutu,86318,9,-,53.08.14,Kab.,Ende,Nusa Tenggara Timur (NTT),1
112,Kelubagolit,86265,12,-,53.06.11,Kab.,Flores Timur,Nusa Tenggara Timur (NTT),1
113,Keo Tengah,86464,16,-,53.16.06,Kab.,Nagekeo,Nusa Tenggara Timur (NTT),1
114,Kewapante,86182,9,-,53.07.10,Kab.,Sikka,Nusa Tenggara Timur (NTT),1
115,"KI&#039;E (Kie, Ki&#039;e)",85575,13,-,53.02.10,Kab.,Timor Tengah Selatan,Nusa Tenggara Timur (NTT),1
116,Kobalima,85766,8,-,53.21.11,Kab.,Malaka,Nusa Tenggara Timur (NTT),1
117,Kobalima Timur,85767,4,-,53.21.10,Kab.,Malaka,Nusa Tenggara Timur (NTT),1
118,Kodi,87261,19,-,53.18.07,Kab.,Sumba Barat Daya,Nusa Tenggara Timur (NTT),1
119,Kodi Balaghar,87262,8,-,53.18.11,Kab.,Sumba Barat Daya,Nusa Tenggara Timur (NTT),1
120,Kodi Bangedo,87264,21,-,53.18.06,Kab.,Sumba Barat Daya,Nusa Tenggara Timur (NTT),1
121,Kodi Utara,87260,21,-,53.18.08,Kab.,Sumba Barat Daya,Nusa Tenggara Timur (NTT),1
122,Kok Baun,85577,6,-,53.02.23,Kab.,Timor Tengah Selatan,Nusa Tenggara Timur (NTT),1
123,Kolbano,85563,12,-,53.02.19,Kab.,Timor Tengah Selatan,Nusa Tenggara Timur (NTT),1
124,Komodo,86763,19,128,53.15.05,Kab.,Manggarai Barat,Nusa Tenggara Timur (NTT),1
125,Kot Olin,85576,8,-,53.02.20,Kab.,Timor Tengah Selatan,Nusa Tenggara Timur (NTT),1
126,Kota Atambua (Atambua Kota),85711 - 85718,4,-,53.04.12,Kab.,Belu,Nusa Tenggara Timur (NTT),1
127,Kota Baru,86111,13,-,53.08.13,Kab.,Ende,Nusa Tenggara Timur (NTT),1
128,Kota Kefamenanu,85611 - 85617,9,-,53.03.05,Kab.,Timor Tengah Utara,Nusa Tenggara Timur (NTT),1
129,Kota Komba,86572,11,-,53.19.06,Kab.,Manggarai Timur,Nusa Tenggara Timur (NTT),1
130,Kota Komba Utara,86572,11,-,53.19.10,Kab.,Manggarai Timur,Nusa Tenggara Timur (NTT),1
131,Kota Lama,85221 - 85229,10,-,53.71.06,Kota,Kupang,Nusa Tenggara Timur (NTT),1
132,Kota Raja,85111 - 85119,8,-,53.71.05,Kota,Kupang,Nusa Tenggara Timur (NTT),1
133,Kota Soe,85511 - 85519,13,-,53.02.01,Kab.,Timor Tengah Selatan,Nusa Tenggara Timur (NTT),1
134,Kota Tambolaka,87255,10,-,53.18.09,Kab.,Sumba Barat Daya,Nusa Tenggara Timur (NTT),1
135,Kota Waikabubak,87211 - 87217,13,-,53.12.15,Kab.,Sumba Barat,Nusa Tenggara Timur (NTT),1
136,Kota Waingapu,87111 - 87116,7,-,53.11.01,Kab.,Sumba Timur,Nusa Tenggara Timur (NTT),1
137,Koting,86116,7,-,53.07.16,Kab.,Sikka,Nusa Tenggara Timur (NTT),1
138,Kualin,85566,8,-,53.02.21,Kab.,Timor Tengah Selatan,Nusa Tenggara Timur (NTT),1
139,Kuanfatu,85564,13,-,53.02.11,Kab.,Timor Tengah Selatan,Nusa Tenggara Timur (NTT),1
140,Kuatnana,85551,8,-,53.02.27,Kab.,Timor Tengah Selatan,Nusa Tenggara Timur (NTT),1
141,Kupang Barat,85351,12,-,53.01.05,Kab.,Kupang,Nusa Tenggara Timur (NTT),1
142,Kupang Tengah,85361,8,-,53.01.08,Kab.,Kupang,Nusa Tenggara Timur (NTT),1
143,Kupang Timur,85362,13,-,53.01.06,Kab.,Kupang,Nusa Tenggara Timur (NTT),1
144,Kuwus,86752,12,-,53.15.02,Kab.,Manggarai Barat,Nusa Tenggara Timur (NTT),1
145,Kuwus Barat,86751,10,-,53.15.12,Kab.,Manggarai Barat,Nusa Tenggara Timur (NTT),1
146,Laboya Barat (Lamboya Barat),87270,4,-,53.12.18,Kab.,Sumba Barat,Nusa Tenggara Timur (NTT),1
147,Laenmanen,85718,9,-,53.21.08,Kab.,Malaka,Nusa Tenggara Timur (NTT),1
148,Lamaknen,85772,9,-,53.04.01,Kab.,Belu,Nusa Tenggara Timur (NTT),1
149,Lamaknen Selatan,85770,8,-,53.04.18,Kab.,Belu,Nusa Tenggara Timur (NTT),1
150,Lamba Leda,86582,13,-,53.19.03,Kab.,Manggarai Timur,Nusa Tenggara Timur (NTT),1
151,Lamba Leda Selatan (Poco Ranaka),86583,24,-,53.19.02,Kab.,Manggarai Timur,Nusa Tenggara Timur (NTT),1
152,Lamba Leda Timur (Poco Ranaka Timur),86585,18,-,53.19.08,Kab.,Manggarai Timur,Nusa Tenggara Timur (NTT),1
153,Lamba Leda Utara,86582,11,-,53.19.11,Kab.,Manggarai Timur,Nusa Tenggara Timur (NTT),1
154,Lamboya,87271,11,-,53.12.12,Kab.,Sumba Barat,Nusa Tenggara Timur (NTT),1
155,Landu Leko,85974,7,-,53.14.10,Kab.,Rote Ndao,Nusa Tenggara Timur (NTT),1
156,Langke Rembong,86511 - 86519,20,-,53.10.12,Kab.,Manggarai,Nusa Tenggara Timur (NTT),1
157,Larantuka,86212 - 86219,20,1,53.06.03,Kab.,Flores Timur,Nusa Tenggara Timur (NTT),1
158,Lasiolat,85771,7,-,53.04.17,Kab.,Belu,Nusa Tenggara Timur (NTT),1
159,Lebatukan,86681,17,-,53.13.04,Kab.,Lembata,Nusa Tenggara Timur (NTT),1
160,Lela,86161,9,-,53.07.03,Kab.,Sikka,Nusa Tenggara Timur (NTT),1
161,Lelak,86521,10,-,53.10.15,Kab.,Manggarai,Nusa Tenggara Timur (NTT),1
162,Lembor,86753,15,-,53.15.03,Kab.,Manggarai Barat,Nusa Tenggara Timur (NTT),1
163,Lembor Selatan,86761,15,-,53.15.09,Kab.,Manggarai Barat,Nusa Tenggara Timur (NTT),1
164,Lembur,85875,6,-,53.05.15,Kab.,Alor,Nusa Tenggara Timur (NTT),1
165,Lepembusu Kelisoke,86374 - 86379,14,-,53.08.21,Kab.,Ende,Nusa Tenggara Timur (NTT),1
166,Lewa,87150,8,-,53.11.03,Kab.,Sumba Timur,Nusa Tenggara Timur (NTT),1
167,Lewa Tidahu,87151,6,2,53.11.18,Kab.,Sumba Timur,Nusa Tenggara Timur (NTT),1
168,Lewolema,86252,7,-,53.06.15,Kab.,Flores Timur,Nusa Tenggara Timur (NTT),1
169,Lio Timur,86361,13,-,53.08.12,Kab.,Ende,Nusa Tenggara Timur (NTT),1
170,Loaholu,85981,10,-,53.14.11,Kab.,Rote Ndao,Nusa Tenggara Timur (NTT),1
171,Lobalain,85912 - 85918,18,4,53.14.03,Kab.,Rote Ndao,Nusa Tenggara Timur (NTT),1
172,Loli,87284,14,-,53.12.10,Kab.,Sumba Barat,Nusa Tenggara Timur (NTT),1
173,Loura,87254,11,-,53.18.01,Kab.,Sumba Barat Daya,Nusa Tenggara Timur (NTT),1
174,Macang Pacar,86756,13,2,53.15.01,Kab.,Manggarai Barat,Nusa Tenggara Timur (NTT),1
175,Magepanda,86152,8,-,53.07.12,Kab.,Sikka,Nusa Tenggara Timur (NTT),1
176,Mahu,87170,6,-,53.11.22,Kab.,Sumba Timur,Nusa Tenggara Timur (NTT),1
177,Malaka Barat,85763,16,-,53.21.02,Kab.,Malaka,Nusa Tenggara Timur (NTT),1
178,Malaka Tengah,85762,17,-,53.21.01,Kab.,Malaka,Nusa Tenggara Timur (NTT),1
179,Malaka Timur,85761,6,-,53.21.09,Kab.,Malaka,Nusa Tenggara Timur (NTT),1
180,Mamboro,87258,13,-,53.17.03,Kab.,Sumba Tengah,Nusa Tenggara Timur (NTT),1
181,Mapitara,86172,4,-,53.07.21,Kab.,Sikka,Nusa Tenggara Timur (NTT),1
182,Mataru,85860,7,-,53.05.12,Kab.,Alor,Nusa Tenggara Timur (NTT),1
183,Matawai La Pawu (Lappau),87174,6,-,53.11.15,Kab.,Sumba Timur,Nusa Tenggara Timur (NTT),1
184,Maukaro,86352,11,2,53.08.11,Kab.,Ende,Nusa Tenggara Timur (NTT),1
185,Maulafa,85141 - 85148,9,-,53.71.02,Kota,Kupang,Nusa Tenggara Timur (NTT),1
186,Mauponggo,86463,21,-,53.16.04,Kab.,Nagekeo,Nusa Tenggara Timur (NTT),1
187,Maurole,86381,13,-,53.08.10,Kab.,Ende,Nusa Tenggara Timur (NTT),1
188,Mbeliling,86757,15,-,53.15.10,Kab.,Manggarai Barat,Nusa Tenggara Timur (NTT),1
189,Mego,86113,12,-,53.07.02,Kab.,Sikka,Nusa Tenggara Timur (NTT),1
190,Miomaffo Barat (Miomafo Barat),85661,13,-,53.03.02,Kab.,Timor Tengah Utara,Nusa Tenggara Timur (NTT),1
191,Miomaffo Tengah (Miomafo Tengah),85660,6,-,53.03.11,Kab.,Timor Tengah Utara,Nusa Tenggara Timur (NTT),1
192,Miomaffo Timur (Miomafo Timur),85654,11,-,53.03.01,Kab.,Timor Tengah Utara,Nusa Tenggara Timur (NTT),1
193,Mollo Barat,85541,5,-,53.02.22,Kab.,Timor Tengah Selatan,Nusa Tenggara Timur (NTT),1
194,Mollo Selatan,85542,7,-,53.02.02,Kab.,Timor Tengah Selatan,Nusa Tenggara Timur (NTT),1
195,Mollo Tengah,85543,6,-,53.02.30,Kab.,Timor Tengah Selatan,Nusa Tenggara Timur (NTT),1
196,Mollo Utara,85552,18,-,53.02.03,Kab.,Timor Tengah Selatan,Nusa Tenggara Timur (NTT),1
197,Musi,85662,6,-,53.03.12,Kab.,Timor Tengah Utara,Nusa Tenggara Timur (NTT),1
198,Mutis,85663,4,-,53.03.13,Kab.,Timor Tengah Utara,Nusa Tenggara Timur (NTT),1
199,Naga Wutung,86684,18,1,53.13.01,Kab.,Lembata,Nusa Tenggara Timur (NTT),1
200,Naibenu,85655,4,-,53.03.18,Kab.,Timor Tengah Utara,Nusa Tenggara Timur (NTT),1
201,Nanaet Duabesi,85751,4,-,53.04.23,Kab.,Belu,Nusa Tenggara Timur (NTT),1
202,Nangapanda,86351,29,-,53.08.01,Kab.,Ende,Nusa Tenggara Timur (NTT),1
203,Nangaroro,86465,19,-,53.16.02,Kab.,Nagekeo,Nusa Tenggara Timur (NTT),1
204,Ndao Nuse,85983,5,-,53.14.09,Kab.,Rote Ndao,Nusa Tenggara Timur (NTT),1
205,Ndona,86360,14,-,53.08.05,Kab.,Ende,Nusa Tenggara Timur (NTT),1
206,Ndona Timur,86363,7,-,53.08.16,Kab.,Ende,Nusa Tenggara Timur (NTT),1
207,Ndori,86372,10,-,53.08.17,Kab.,Ende,Nusa Tenggara Timur (NTT),1
208,Ndoso,86750,15,-,53.15.08,Kab.,Manggarai Barat,Nusa Tenggara Timur (NTT),1
209,Nekamese,85390,11,7,53.01.16,Kab.,Kupang,Nusa Tenggara Timur (NTT),1
210,Nelle (Maumerei),86119,5,11,53.07.07,Kab.,Sikka,Nusa Tenggara Timur (NTT),1
211,Ngadu Ngala,87172,5,-,53.11.21,Kab.,Sumba Timur,Nusa Tenggara Timur (NTT),1
212,Nggaha Ori Angu (Nggaha Oriangu),87155,8,-,53.11.04,Kab.,Sumba Timur,Nusa Tenggara Timur (NTT),1
213,Nita,86151,15,1,53.07.04,Kab.,Sikka,Nusa Tenggara Timur (NTT),1
214,Noebana,85585,5,-,53.02.24,Kab.,Timor Tengah Selatan,Nusa Tenggara Timur (NTT),1
215,Noebeba,85567,7,-,53.02.26,Kab.,Timor Tengah Selatan,Nusa Tenggara Timur (NTT),1
216,Noemuti,85664,12,-,53.03.04,Kab.,Timor Tengah Utara,Nusa Tenggara Timur (NTT),1
217,Noemuti Timur,85665,4,-,53.03.10,Kab.,Timor Tengah Utara,Nusa Tenggara Timur (NTT),1
218,Nubatukan,86616 - 86682,18,-,53.13.05,Kab.,Lembata,Nusa Tenggara Timur (NTT),1
219,Nunbena,85544,6,-,53.02.32,Kab.,Timor Tengah Selatan,Nusa Tenggara Timur (NTT),1
220,Nunkolo,85586,9,-,53.02.17,Kab.,Timor Tengah Selatan,Nusa Tenggara Timur (NTT),1
221,Oebobo,85111 - 85112,7,-,53.71.04,Kota,Kupang,Nusa Tenggara Timur (NTT),1
222,Oenino,85583,7,-,53.02.18,Kab.,Timor Tengah Selatan,Nusa Tenggara Timur (NTT),1
223,Omesuri,86691,22,-,53.13.06,Kab.,Lembata,Nusa Tenggara Timur (NTT),1
224,Paberiwai,87175,7,-,53.11.12,Kab.,Sumba Timur,Nusa Tenggara Timur (NTT),1
225,Pacar,86755,13,-,53.15.11,Kab.,Manggarai Barat,Nusa Tenggara Timur (NTT),1
226,Paga,86153,14,3,53.07.01,Kab.,Sikka,Nusa Tenggara Timur (NTT),1
227,Pahunga Lodu,87182,8,-,53.11.10,Kab.,Sumba Timur,Nusa Tenggara Timur (NTT),1
228,Palue,86110,8,1,53.07.06,Kab.,Sikka,Nusa Tenggara Timur (NTT),1
229,Pandawai,87176,7,-,53.11.07,Kab.,Sumba Timur,Nusa Tenggara Timur (NTT),1
230,Pantai Baru,85973,15,-,53.14.05,Kab.,Rote Ndao,Nusa Tenggara Timur (NTT),1
231,Pantar,85881,11,-,53.05.06,Kab.,Alor,Nusa Tenggara Timur (NTT),1
232,Pantar Barat,85880,7,3,53.05.09,Kab.,Alor,Nusa Tenggara Timur (NTT),1
233,Pantar Baru Laut,85882,7,4,53.05.17,Kab.,Alor,Nusa Tenggara Timur (NTT),1
234,Pantar Tengah,85883,10,-,53.05.16,Kab.,Alor,Nusa Tenggara Timur (NTT),1
235,Pantar Timur,85884,11,1,53.05.14,Kab.,Alor,Nusa Tenggara Timur (NTT),1
236,Pinu Pahar (Pinupahar / Pirapahar),87161,6,8,53.11.06,Kab.,Sumba Timur,Nusa Tenggara Timur (NTT),1
237,Polen,85545,11,-,53.02.13,Kab.,Timor Tengah Selatan,Nusa Tenggara Timur (NTT),1
238,Pulau Ende,86362,9,-,53.08.02,Kab.,Ende,Nusa Tenggara Timur (NTT),1
239,Pulau Pura,85850,6,2,53.05.11,Kab.,Alor,Nusa Tenggara Timur (NTT),1
240,Pureman,85874,4,-,53.05.13,Kab.,Alor,Nusa Tenggara Timur (NTT),1
241,Rahong Utara,86522,12,-,53.10.14,Kab.,Manggarai,Nusa Tenggara Timur (NTT),1
242,Raihat,85773,6,-,53.04.03,Kab.,Belu,Nusa Tenggara Timur (NTT),1
243,Raijua,85393,5,2,53.20.06,Kab.,Sabu Raijua,Nusa Tenggara Timur (NTT),1
244,Raimanuk,85760,9,-,53.04.13,Kab.,Belu,Nusa Tenggara Timur (NTT),1
245,Rana Mese,86570,21,-,53.19.07,Kab.,Manggarai Timur,Nusa Tenggara Timur (NTT),1
246,Reok,86592,10,-,53.10.11,Kab.,Manggarai,Nusa Tenggara Timur (NTT),1
247,Reok Barat,86593,10,-,53.10.16,Kab.,Manggarai,Nusa Tenggara Timur (NTT),1
248,Rindi,87181,8,3,53.11.09,Kab.,Sumba Timur,Nusa Tenggara Timur (NTT),1
249,Rinhat,85764,20,-,53.21.05,Kab.,Malaka,Nusa Tenggara Timur (NTT),1
250,Riung,86419,29,24,53.09.09,Kab.,Ngada,Nusa Tenggara Timur (NTT),1
251,Riung Barat,86421,19,-,53.09.14,Kab.,Ngada,Nusa Tenggara Timur (NTT),1
252,Rote Barat,85981 - 85982,7,1,53.14.07,Kab.,Rote Ndao,Nusa Tenggara Timur (NTT),1
253,Rote Barat Daya,85982,19,19,53.14.01,Kab.,Rote Ndao,Nusa Tenggara Timur (NTT),1
254,Rote Barat Laut,85981,12,3,53.14.02,Kab.,Rote Ndao,Nusa Tenggara Timur (NTT),1
255,Rote Selatan,85972,7,1,53.14.08,Kab.,Rote Ndao,Nusa Tenggara Timur (NTT),1
256,Rote Tengah,85971,8,1,53.14.04,Kab.,Rote Ndao,Nusa Tenggara Timur (NTT),1
257,Rote Timur,85975,11,31,53.14.06,Kab.,Rote Ndao,Nusa Tenggara Timur (NTT),1
258,Ruteng,86523,19,-,53.10.03,Kab.,Manggarai,Nusa Tenggara Timur (NTT),1
259,Sabu Barat,85395,18,-,53.20.01,Kab.,Sabu Raijua,Nusa Tenggara Timur (NTT),1
260,Sabu Liae,85396,12,2,53.20.04,Kab.,Sabu Raijua,Nusa Tenggara Timur (NTT),1
261,Sabu Tengah,85392,8,-,53.20.02,Kab.,Sabu Raijua,Nusa Tenggara Timur (NTT),1
262,Sabu Timur,85394,10,1,53.20.03,Kab.,Sabu Raijua,Nusa Tenggara Timur (NTT),1
263,Sambi Rampas,86584,10,-,53.19.04,Kab.,Manggarai Timur,Nusa Tenggara Timur (NTT),1
264,Sano Nggoang,86758,15,-,53.15.04,Kab.,Manggarai Barat,Nusa Tenggara Timur (NTT),1
265,Santian,85587,5,-,53.02.25,Kab.,Timor Tengah Selatan,Nusa Tenggara Timur (NTT),1
266,Sasitamean,85769,9,-,53.21.07,Kab.,Malaka,Nusa Tenggara Timur (NTT),1
267,Satar Mese,86561,23,-,53.10.05,Kab.,Manggarai,Nusa Tenggara Timur (NTT),1
268,Satar Mese Barat,86560,12,1,53.10.13,Kab.,Manggarai,Nusa Tenggara Timur (NTT),1
269,Satar Mese Utara,86562,11,-,53.10.18,Kab.,Manggarai,Nusa Tenggara Timur (NTT),1
270,Semau,85352,8,2,53.01.04,Kab.,Kupang,Nusa Tenggara Timur (NTT),1
271,Semau Selatan,85353,6,2,53.01.23,Kab.,Kupang,Nusa Tenggara Timur (NTT),1
272,Soa,86422,16,-,53.09.07,Kab.,Ngada,Nusa Tenggara Timur (NTT),1
273,Solor Barat,86272,15,5,53.06.06,Kab.,Flores Timur,Nusa Tenggara Timur (NTT),1
274,Solor Selatan,86273,7,-,53.06.19,Kab.,Flores Timur,Nusa Tenggara Timur (NTT),1
275,Solor Timur,86271,17,-,53.06.07,Kab.,Flores Timur,Nusa Tenggara Timur (NTT),1
276,Sulamu,85368,7,2,53.01.07,Kab.,Kupang,Nusa Tenggara Timur (NTT),1
277,Tabundung,87160,10,8,53.11.05,Kab.,Sumba Timur,Nusa Tenggara Timur (NTT),1
278,Taebenu,85360,8,-,53.01.24,Kab.,Kupang,Nusa Tenggara Timur (NTT),1
279,Takari,85369,10,-,53.01.11,Kab.,Kupang,Nusa Tenggara Timur (NTT),1
280,Talibura,86183,20,-,53.07.08,Kab.,Sikka,Nusa Tenggara Timur (NTT),1
281,Tana Righu,87257,18,-,53.12.04,Kab.,Sumba Barat,Nusa Tenggara Timur (NTT),1
282,Tana Wawo,86154,10,-,53.07.17,Kab.,Sikka,Nusa Tenggara Timur (NTT),1
283,Tanjung Bunga,86251,16,1,53.06.05,Kab.,Flores Timur,Nusa Tenggara Timur (NTT),1
284,Tasifeto Barat,85753,8,-,53.04.04,Kab.,Belu,Nusa Tenggara Timur (NTT),1
285,Tasifeto Timur,85711 - 85771,12,-,53.04.02,Kab.,Belu,Nusa Tenggara Timur (NTT),1
286,Teluk Mutiara,85811 - 85819,16,1,53.05.01,Kab.,Alor,Nusa Tenggara Timur (NTT),1
287,Titehena,86255,14,1,53.06.02,Kab.,Flores Timur,Nusa Tenggara Timur (NTT),1
288,Tobu,85552 - 85561,8,-,53.02.31,Kab.,Timor Tengah Selatan,Nusa Tenggara Timur (NTT),1
289,Toianas,85578,9,-,53.02.16,Kab.,Timor Tengah Selatan,Nusa Tenggara Timur (NTT),1
290,Umalulu,87180,10,-,53.11.08,Kab.,Sumba Timur,Nusa Tenggara Timur (NTT),1
291,Umbu Ratu Nggay,87283,11,-,53.17.04,Kab.,Sumba Tengah,Nusa Tenggara Timur (NTT),1
292,Umbu Ratu Nggay Barat,87281,15,-,53.17.02,Kab.,Sumba Tengah,Nusa Tenggara Timur (NTT),1
293,Umbu Ratu Nggay Tengah,87281 - 87283,10,-,53.17.06,Kab.,Sumba Tengah,Nusa Tenggara Timur (NTT),1
294,Wae Rii,86594,17,-,53.10.01,Kab.,Manggarai,Nusa Tenggara Timur (NTT),1
295,Waiblama,86184,7,-,53.07.13,Kab.,Sikka,Nusa Tenggara Timur (NTT),1
296,Waigete,86185,11,-,53.07.09,Kab.,Sikka,Nusa Tenggara Timur (NTT),1
297,Wanokaka,87272,14,-,53.12.11,Kab.,Sumba Barat,Nusa Tenggara Timur (NTT),1
298,Welak,86762,16,-,53.15.07,Kab.,Manggarai Barat,Nusa Tenggara Timur (NTT),1
299,Weliman,85774,14,-,53.21.04,Kab.,Malaka,Nusa Tenggara Timur (NTT),1
300,Wewaria,86353,22,-,53.08.07,Kab.,Ende,Nusa Tenggara Timur (NTT),1
301,Wewewa Barat,87253,20,-,53.18.04,Kab.,Sumba Barat Daya,Nusa Tenggara Timur (NTT),1
302,Wewewa Selatan,87263,14,-,53.18.05,Kab.,Sumba Barat Daya,Nusa Tenggara Timur (NTT),1
303,Wewewa Tengah,87252,20,-,53.18.10,Kab.,Sumba Barat Daya,Nusa Tenggara Timur (NTT),1
304,Wewewa Timur,87250,19,-,53.18.03,Kab.,Sumba Barat Daya,Nusa Tenggara Timur (NTT),1
305,Wewewa Utara,87251,12,-,53.18.02,Kab.,Sumba Barat Daya,Nusa Tenggara Timur (NTT),1
306,Wewiku,85775,12,-,53.21.03,Kab.,Malaka,Nusa Tenggara Timur (NTT),1
307,Witihama,86266,16,6,53.06.12,Kab.,Flores Timur,Nusa Tenggara Timur (NTT),1
308,Wolojita,86382,6,-,53.08.09,Kab.,Ende,Nusa Tenggara Timur (NTT),1
309,Wolomeze (Riung Selatan),86423,11,-,53.09.16,Kab.,Ngada,Nusa Tenggara Timur (NTT),1
310,Wolowae,86471,5,1,53.16.05,Kab.,Nagekeo,Nusa Tenggara Timur (NTT),1
311,Wolowaru,86373,17,-,53.08.08,Kab.,Ende,Nusa Tenggara Timur (NTT),1
312,Wotan Ulumando,86260,12,-,53.06.09,Kab.,Flores Timur,Nusa Tenggara Timur (NTT),1
313,Wulandoni,86686,15,3,53.13.08,Kab.,Lembata,Nusa Tenggara Timur (NTT),1
314,Wulanggitang,86256,11,-,53.06.01,Kab.,Flores Timur,Nusa Tenggara Timur (NTT),1
315,Wulla Waijelu (Wula Waijelu),87183,7,1,53.11.11,Kab.,Sumba Timur,Nusa Tenggara Timur (NTT),1
1,Anggi,98355,13,-,92.12.01,Kab.,Pegunungan Arfak,Papua Barat,1
2,Anggi Gida,98356,8,-,92.12.02,Kab.,Pegunungan Arfak,Papua Barat,1
3,Aranday,98151,4,-,92.06.04,Kab.,Teluk Bintuni,Papua Barat,1
4,Arguni,98014,5,-,92.03.13,Kab.,Fak Fak,Papua Barat,1
5,Aroba,98131,5,-,92.06.16,Kab.,Teluk Bintuni,Papua Barat,1
6,Babo,98132,4,4,92.06.03,Kab.,Teluk Bintuni,Papua Barat,1
7,Bintuni,98141,8,5,92.06.01,Kab.,Teluk Bintuni,Papua Barat,1
8,Biscoop,98161,7,-,92.06.18,Kab.,Teluk Bintuni,Papua Barat,1
9,Bomberay,98026,7,-,92.03.07,Kab.,Fak Fak,Papua Barat,1
10,Buruway,98123,10,11,92.08.02,Kab.,Kaimana,Papua Barat,1
11,Catubouw,98352,21,-,92.12.07,Kab.,Pegunungan Arfak,Papua Barat,1
12,Dataran Beimes,98142,6,-,92.06.13,Kab.,Teluk Bintuni,Papua Barat,1
13,Dataran Isim,98326,12,-,92.11.04,Kab.,Manokwari Selatan,Papua Barat,1
14,Didohu,98359,14,-,92.12.05,Kab.,Pegunungan Arfak,Papua Barat,1
15,Fafurwar (Irorutu),98133,3,-,92.06.08,Kab.,Teluk Bintuni,Papua Barat,1
16,Fak-Fak (Fakfak),98011,5,3,92.03.01,Kab.,Fak Fak,Papua Barat,1
17,Fak-Fak Barat (Fakfak Barat),98022,9,26,92.03.02,Kab.,Fak Fak,Papua Barat,1
18,Fak-Fak Tengah (Fakfak Tengah),98012,14,2,92.03.05,Kab.,Fak Fak,Papua Barat,1
19,Fak-Fak Timur (Fakfak Timur),98027,6,26,92.03.03,Kab.,Fak Fak,Papua Barat,1
20,Fakfak Timur Tengah,98031,10,-,92.03.12,Kab.,Fak Fak,Papua Barat,1
21,Furwagi,98023,8,-,92.03.16,Kab.,Fak Fak,Papua Barat,1
22,Hingk,98353,29,-,92.12.10,Kab.,Pegunungan Arfak,Papua Barat,1
23,Kaimana,98113,19,256,92.08.01,Kab.,Kaimana,Papua Barat,1
24,Kaitaro,98134,5,-,92.06.15,Kab.,Teluk Bintuni,Papua Barat,1
25,Kambrau (Kambraw / Kamberau),98114,7,4,92.08.05,Kab.,Kaimana,Papua Barat,1
26,Kamundan,98152,4,-,92.06.20,Kab.,Teluk Bintuni,Papua Barat,1
27,Karas,98032,7,97,92.03.06,Kab.,Fak Fak,Papua Barat,1
28,Kayauni,98015,9,-,92.03.15,Kab.,Fak Fak,Papua Barat,1
29,Kokas,98016,15,219,92.03.04,Kab.,Fak Fak,Papua Barat,1
30,Kramongmongga,98017,10,-,92.03.08,Kab.,Fak Fak,Papua Barat,1
31,Kuri,98135,5,3,92.06.10,Kab.,Teluk Bintuni,Papua Barat,1
32,Kuri Wamesa,98341,6,22,92.07.09,Kab.,Teluk Wondama,Papua Barat,1
33,Manimeri,98143,6,-,92.06.11,Kab.,Teluk Bintuni,Papua Barat,1
34,Manokwari Barat,98312,10,-,92.02.12,Kab.,Manokwari,Papua Barat,1
35,Manokwari Selatan,98313,18,1,92.02.15,Kab.,Manokwari,Papua Barat,1
36,Manokwari Timur,98311,7,2,92.02.13,Kab.,Manokwari,Papua Barat,1
37,Manokwari Utara,98314,22,4,92.02.14,Kab.,Manokwari,Papua Barat,1
38,Masni,98318,33,-,92.02.05,Kab.,Manokwari,Papua Barat,1
39,Masyeta,98162,4,-,92.06.17,Kab.,Teluk Bintuni,Papua Barat,1
40,Mbahamdandara,98021,7,-,92.03.14,Kab.,Fak Fak,Papua Barat,1
41,Membey,98354,6,-,92.12.03,Kab.,Pegunungan Arfak,Papua Barat,1
42,Merdey,98163,9,-,92.06.02,Kab.,Teluk Bintuni,Papua Barat,1
43,Meyado (Mayado),98153,4,-,92.06.23,Kab.,Teluk Bintuni,Papua Barat,1
44,Minyambaouw,98351,37,-,92.12.09,Kab.,Pegunungan Arfak,Papua Barat,1
45,Momi Waren,98322,7,-,92.11.05,Kab.,Manokwari Selatan,Papua Barat,1
46,Moskona Barat,98154,4,-,92.06.22,Kab.,Teluk Bintuni,Papua Barat,1
47,Moskona Selatan,98155,5,-,92.06.05,Kab.,Teluk Bintuni,Papua Barat,1
48,Moskona Timur,98164,3,-,92.06.24,Kab.,Teluk Bintuni,Papua Barat,1
49,Moskona Utara,98165,4,-,92.06.06,Kab.,Teluk Bintuni,Papua Barat,1
50,Naikere,98342,6,-,92.07.07,Kab.,Teluk Wondama,Papua Barat,1
51,Neney,98323,7,-,92.11.03,Kab.,Manokwari Selatan,Papua Barat,1
52,Nikiwar,98331,5,-,92.07.12,Kab.,Teluk Wondama,Papua Barat,1
53,Oransbari,98321,14,-,92.11.02,Kab.,Manokwari Selatan,Papua Barat,1
54,Pariwari,98013,9,-,92.03.10,Kab.,Fak Fak,Papua Barat,1
55,Prafi,98316,16,-,92.02.04,Kab.,Manokwari,Papua Barat,1
56,Ransiki,98324,13,-,92.11.01,Kab.,Manokwari Selatan,Papua Barat,1
57,Rasiei,98343,9,-,92.07.08,Kab.,Teluk Wondama,Papua Barat,1
58,Roon,98344,7,21,92.07.10,Kab.,Teluk Wondama,Papua Barat,1
59,Roswar,98332,3,6,92.07.11,Kab.,Teluk Wondama,Papua Barat,1
60,Rumberpon,98333,7,91,92.07.06,Kab.,Teluk Wondama,Papua Barat,1
61,Sidey,98319,12,-,92.02.21,Kab.,Manokwari,Papua Barat,1
62,Soug Jaya,98334,5,-,92.07.13,Kab.,Teluk Wondama,Papua Barat,1
63,Sumuri (Simuri),98136,5,-,92.06.14,Kab.,Teluk Bintuni,Papua Barat,1
64,Sururey,98358,12,-,92.12.04,Kab.,Pegunungan Arfak,Papua Barat,1
65,Tahota,98325,4,-,92.11.06,Kab.,Manokwari Selatan,Papua Barat,1
66,Taige,98357,11,-,92.12.06,Kab.,Pegunungan Arfak,Papua Barat,1
67,Tanah Rubuh,98315,24,-,92.02.17,Kab.,Manokwari,Papua Barat,1
68,Teluk Arguni Atas,98111,24,-,92.08.03,Kab.,Kaimana,Papua Barat,1
69,Teluk Arguni Bawah (Yerusi),98112,15,29,92.08.06,Kab.,Kaimana,Papua Barat,1
70,Teluk Duairi,98345,4,3,92.07.03,Kab.,Teluk Wondama,Papua Barat,1
71,Teluk Etna,98121,5,57,92.08.04,Kab.,Kaimana,Papua Barat,1
72,Teluk Patipi,98024,13,56,92.03.09,Kab.,Fak Fak,Papua Barat,1
73,Tembuni,98144,4,-,92.06.09,Kab.,Teluk Bintuni,Papua Barat,1
74,Testega,98350,15,-,92.12.08,Kab.,Pegunungan Arfak,Papua Barat,1
75,Tomage,98033,9,-,92.03.17,Kab.,Fak Fak,Papua Barat,1
76,Tomu,98156,4,-,92.06.19,Kab.,Teluk Bintuni,Papua Barat,1
77,Tuhiba,98145,5,-,92.06.12,Kab.,Teluk Bintuni,Papua Barat,1
78,Wamesa,98335,5,4,92.07.05,Kab.,Teluk Wondama,Papua Barat,1
79,Wamesa (Idoor),98146,4,-,92.06.07,Kab.,Teluk Bintuni,Papua Barat,1
80,Warmare,98317,31,-,92.02.03,Kab.,Manokwari,Papua Barat,1
81,Wartutin,98025,6,-,92.03.11,Kab.,Fak Fak,Papua Barat,1
82,Wasior,98346,10,-,92.07.01,Kab.,Teluk Wondama,Papua Barat,1
83,Weriagar,98157,5,-,92.06.21,Kab.,Teluk Bintuni,Papua Barat,1
84,Windesi,98336,5,37,92.07.02,Kab.,Teluk Wondama,Papua Barat,1
85,Wondiboy,98347,4,-,92.07.04,Kab.,Teluk Wondama,Papua Barat,1
86,Yamor,98122,6,-,92.08.07,Kab.,Kaimana,Papua Barat,1
1,Abun,98363,5,-,92.09.06,Kab.,Tambrauw,Papua Barat Daya,1
2,Aifat,98271,23,-,92.10.01,Kab.,Maybrat,Papua Barat Daya,1
3,Aifat Selatan,98272,16,-,92.10.04,Kab.,Maybrat,Papua Barat Daya,1
4,Aifat Timur,98273,9,-,92.10.03,Kab.,Maybrat,Papua Barat Daya,1
5,Aifat Timur Jauh,98274,7,-,92.10.13,Kab.,Maybrat,Papua Barat Daya,1
6,Aifat Timur Selatan,98275,6,-,92.10.14,Kab.,Maybrat,Papua Barat Daya,1
7,Aifat Timur Tengah,98276,12,-,92.10.12,Kab.,Maybrat,Papua Barat Daya,1
8,Aifat Utara,98277,20,-,92.10.02,Kab.,Maybrat,Papua Barat Daya,1
9,Aimas,98444,14,-,92.01.07,Kab.,Sorong,Papua Barat Daya,1
10,Aitinyo,98261,17,-,92.10.06,Kab.,Maybrat,Papua Barat Daya,1
11,Aitinyo Barat,98262,9,-,92.10.05,Kab.,Maybrat,Papua Barat Daya,1
12,Aitinyo Raya,98263,10,-,92.10.23,Kab.,Maybrat,Papua Barat Daya,1
13,Aitinyo Tengah,98264,14,-,92.10.22,Kab.,Maybrat,Papua Barat Daya,1
14,Aitinyo Utara,98265,12,-,92.10.07,Kab.,Maybrat,Papua Barat Daya,1
15,Amberbaken,98381,9,-,92.09.10,Kab.,Tambrauw,Papua Barat Daya,1
16,Amberbaken Barat,98382,5,-,92.09.27,Kab.,Tambrauw,Papua Barat Daya,1
17,Ases,98364,4,-,92.09.15,Kab.,Tambrauw,Papua Barat Daya,1
18,Ayamaru,98240,8,-,92.10.08,Kab.,Maybrat,Papua Barat Daya,1
19,Ayamaru Barat,98241,8,-,92.10.21,Kab.,Maybrat,Papua Barat Daya,1
20,Ayamaru Jaya,98242,10,-,92.10.16,Kab.,Maybrat,Papua Barat Daya,1
21,Ayamaru Selatan,98243,10,-,92.10.15,Kab.,Maybrat,Papua Barat Daya,1
22,Ayamaru Selatan Jaya,98244,7,-,92.10.17,Kab.,Maybrat,Papua Barat Daya,1
23,Ayamaru Tengah,98245,10,-,92.10.20,Kab.,Maybrat,Papua Barat Daya,1
24,Ayamaru Timur,98246,8,-,92.10.10,Kab.,Maybrat,Papua Barat Daya,1
25,Ayamaru Timur Selatan,98247,7,-,92.10.18,Kab.,Maybrat,Papua Barat Daya,1
26,Ayamaru Utara,98248,12,-,92.10.09,Kab.,Maybrat,Papua Barat Daya,1
27,Ayamaru Utara Timur,98249,7,-,92.10.19,Kab.,Maybrat,Papua Barat Daya,1
28,Ayau,98461,4,32,92.05.24,Kab.,Raja Ampat,Papua Barat Daya,1
29,Bagun,98431,9,-,92.01.44,Kab.,Sorong,Papua Barat Daya,1
30,Bamusbama,98378,6,-,92.09.14,Kab.,Tambrauw,Papua Barat Daya,1
31,Batanta Selatan,98491,4,-,92.05.25,Kab.,Raja Ampat,Papua Barat Daya,1
32,Batanta Utara,98492,4,-,92.05.20,Kab.,Raja Ampat,Papua Barat Daya,1
33,Beraur,98432,13,-,92.01.04,Kab.,Sorong,Papua Barat Daya,1
34,Bikar,98365,10,-,92.09.13,Kab.,Tambrauw,Papua Barat Daya,1
35,Botain,98433,5,-,92.01.54,Kab.,Sorong,Papua Barat Daya,1
36,Buk,98434,7,-,92.01.47,Kab.,Sorong,Papua Barat Daya,1
37,Fef,98366,10,-,92.09.01,Kab.,Tambrauw,Papua Barat Daya,1
38,Fokour,98231,4,-,92.04.24,Kab.,Sorong Selatan,Papua Barat Daya,1
39,Hobard,98435,7,-,92.01.52,Kab.,Sorong,Papua Barat Daya,1
40,Inanwatan,98223,9,-,92.04.04,Kab.,Sorong Selatan,Papua Barat Daya,1
41,Ireres,98367,7,-,92.09.17,Kab.,Tambrauw,Papua Barat Daya,1
42,Kais,98222,5,-,92.04.14,Kab.,Sorong Selatan,Papua Barat Daya,1
43,Kais Darat,98226,7,-,92.04.26,Kab.,Sorong Selatan,Papua Barat Daya,1
44,Kasi,98383,12,-,92.09.28,Kab.,Tambrauw,Papua Barat Daya,1
45,Kebar,98391,9,-,92.09.09,Kab.,Tambrauw,Papua Barat Daya,1
46,Kebar Selatan,98392,10,-,92.09.24,Kab.,Tambrauw,Papua Barat Daya,1
47,Kebar Timur,98393,10,-,92.09.23,Kab.,Tambrauw,Papua Barat Daya,1
48,Kepulauan Ayau,98462,5,-,92.05.05,Kab.,Raja Ampat,Papua Barat Daya,1
49,Kepulauan Sembilan,98481,4,12,92.05.17,Kab.,Raja Ampat,Papua Barat Daya,1
50,Klabot,98436,8,-,92.01.17,Kab.,Sorong,Papua Barat Daya,1
51,Klamono,98441,10,-,92.01.08,Kab.,Sorong,Papua Barat Daya,1
52,Klasafet,98442,5,-,92.01.51,Kab.,Sorong,Papua Barat Daya,1
53,Klaso,98456,7,-,92.01.41,Kab.,Sorong,Papua Barat Daya,1
54,Klaurung,98417,4,-,92.71.08,Kota,Sorong,Papua Barat Daya,1
55,Klawak,98437,11,-,92.01.18,Kab.,Sorong,Papua Barat Daya,1
56,Klayili,98451,8,-,92.01.40,Kab.,Sorong,Papua Barat Daya,1
57,Kofiau,98482,5,18,92.05.10,Kab.,Raja Ampat,Papua Barat Daya,1
58,Kokoda,98221,16,-,92.04.09,Kab.,Sorong Selatan,Papua Barat Daya,1
59,Kokoda Utara,98224,9,-,92.04.21,Kab.,Sorong Selatan,Papua Barat Daya,1
60,Konda,98211,5,-,92.04.15,Kab.,Sorong Selatan,Papua Barat Daya,1
61,Konhir,98438,9,-,92.01.50,Kab.,Sorong,Papua Barat Daya,1
62,Kota Waisai,98471,4,-,92.05.18,Kab.,Raja Ampat,Papua Barat Daya,1
63,Kwesefo,98368,9,-,92.09.21,Kab.,Tambrauw,Papua Barat Daya,1
64,Kwoor,98369,5,-,92.09.04,Kab.,Tambrauw,Papua Barat Daya,1
65,Makbon,98452,15,-,92.01.01,Kab.,Sorong,Papua Barat Daya,1
66,Malabotom,98443,9,-,92.01.49,Kab.,Sorong,Papua Barat Daya,1
67,Maladum Mes,98411,4,-,92.71.10,Kota,Sorong,Papua Barat Daya,1
68,Malaimsimsa,98419,4,-,92.71.09,Kota,Sorong,Papua Barat Daya,1
69,Manekar,98394,10,-,92.09.25,Kab.,Tambrauw,Papua Barat Daya,1
70,Mare,98251,9,-,92.10.11,Kab.,Maybrat,Papua Barat Daya,1
71,Mare Selatan,98252,9,-,92.10.24,Kab.,Maybrat,Papua Barat Daya,1
72,Mariat,98445,11,-,92.01.39,Kab.,Sorong,Papua Barat Daya,1
73,Matemani,98225,6,-,92.04.20,Kab.,Sorong Selatan,Papua Barat Daya,1
74,Maudus,98457,9,-,92.01.20,Kab.,Sorong,Papua Barat Daya,1
75,Mawabuan,98395,6,-,92.09.22,Kab.,Tambrauw,Papua Barat Daya,1
76,Mayamuk,98421,11,-,92.01.13,Kab.,Sorong,Papua Barat Daya,1
77,Meos Mansar,98472,9,-,92.05.11,Kab.,Raja Ampat,Papua Barat Daya,1
78,Misool (Misool Utara),98483,5,34,92.05.01,Kab.,Raja Ampat,Papua Barat Daya,1
79,Misool Barat,98484,5,76,92.05.16,Kab.,Raja Ampat,Papua Barat Daya,1
80,Misool Selatan,98485,5,249,92.05.13,Kab.,Raja Ampat,Papua Barat Daya,1
81,Misool Timur,98486,6,124,92.05.06,Kab.,Raja Ampat,Papua Barat Daya,1
82,Miyah,98371,5,-,92.09.02,Kab.,Tambrauw,Papua Barat Daya,1
83,Miyah Selatan,98372,9,-,92.09.16,Kab.,Tambrauw,Papua Barat Daya,1
84,Moisegen,98422,9,-,92.01.42,Kab.,Sorong,Papua Barat Daya,1
85,Moraid,98361,9,-,92.09.08,Kab.,Tambrauw,Papua Barat Daya,1
86,Moswaren,98212,7,-,92.04.10,Kab.,Sorong Selatan,Papua Barat Daya,1
87,Mpur,98384,7,-,92.09.26,Kab.,Tambrauw,Papua Barat Daya,1
88,Mubrani,98385,10,-,92.09.12,Kab.,Tambrauw,Papua Barat Daya,1
89,Saengkeduk,98458,6,-,92.01.48,Kab.,Sorong,Papua Barat Daya,1
90,Saifi,98213,9,-,92.04.22,Kab.,Sorong Selatan,Papua Barat Daya,1
91,Salawati,98423,7,-,92.01.05,Kab.,Sorong,Papua Barat Daya,1
92,Salawati Barat,98493,4,-,92.05.21,Kab.,Raja Ampat,Papua Barat Daya,1
93,Salawati Selatan,98424,6,-,92.01.14,Kab.,Sorong,Papua Barat Daya,1
94,Salawati Tengah,98494,7,-,92.05.22,Kab.,Raja Ampat,Papua Barat Daya,1
95,Salawati Tengah,98425,10,-,92.01.53,Kab.,Sorong,Papua Barat Daya,1
96,Salawati Utara,98495,6,43,92.05.04,Kab.,Raja Ampat,Papua Barat Daya,1
97,Salkma,98233,5,-,92.04.25,Kab.,Sorong Selatan,Papua Barat Daya,1
98,Sausapor,98373,10,1,92.09.05,Kab.,Tambrauw,Papua Barat Daya,1
99,Sawiat,98232,8,-,92.04.06,Kab.,Sorong Selatan,Papua Barat Daya,1
100,Sayosa,98453,6,-,92.01.10,Kab.,Sorong,Papua Barat Daya,1
101,Sayosa Timur,98454,6,-,92.01.55,Kab.,Sorong,Papua Barat Daya,1
102,Seget,98426,9,-,92.01.06,Kab.,Sorong,Papua Barat Daya,1
103,Segun,98427,9,-,92.01.12,Kab.,Sorong,Papua Barat Daya,1
104,Selemkai,98362,5,-,92.09.29,Kab.,Tambrauw,Papua Barat Daya,1
105,Senopi,98396,9,-,92.09.11,Kab.,Tambrauw,Papua Barat Daya,1
106,Seremuk,98214,8,-,92.04.11,Kab.,Sorong Selatan,Papua Barat Daya,1
107,Sorong,98416,4,-,92.71.01,Kota,Sorong,Papua Barat Daya,1
108,Sorong,98446,4,-,92.01.43,Kab.,Sorong,Papua Barat Daya,1
109,Sorong Barat,98412,4,-,92.71.03,Kota,Sorong,Papua Barat Daya,1
110,Sorong Kepulauan,98413,4,23,92.71.04,Kota,Sorong,Papua Barat Daya,1
111,Sorong Kota,98414,4,-,92.71.07,Kota,Sorong,Papua Barat Daya,1
112,Sorong Manoi,98415,5,-,92.71.06,Kota,Sorong,Papua Barat Daya,1
113,Sorong Timur,98418,4,-,92.71.02,Kota,Sorong,Papua Barat Daya,1
114,Sorong Utara,98410,4,-,92.71.05,Kota,Sorong,Papua Barat Daya,1
115,Sunook,98459,7,-,92.01.46,Kab.,Sorong,Papua Barat Daya,1
116,Supnin,98463,4,-,92.05.23,Kab.,Raja Ampat,Papua Barat Daya,1
117,Syujak,98374,4,-,92.09.07,Kab.,Tambrauw,Papua Barat Daya,1
118,Teluk Mayalibit,98473,4,2,92.05.09,Kab.,Raja Ampat,Papua Barat Daya,1
119,Teminabuan,98216,16,-,92.04.01,Kab.,Sorong Selatan,Papua Barat Daya,1
120,Tinggouw,98375,5,-,92.09.20,Kab.,Tambrauw,Papua Barat Daya,1
121,Tiplol Mayalibit,98474,6,-,92.05.19,Kab.,Raja Ampat,Papua Barat Daya,1
122,Tobouw,98376,6,-,92.09.18,Kab.,Tambrauw,Papua Barat Daya,1
123,Waigeo Barat,98464,5,165,92.05.07,Kab.,Raja Ampat,Papua Barat Daya,1
124,Waigeo Barat Kepulauan,98465,6,21,92.05.15,Kab.,Raja Ampat,Papua Barat Daya,1
125,Waigeo Selatan,98475,5,157,92.05.03,Kab.,Raja Ampat,Papua Barat Daya,1
126,Waigeo Timur,98476,4,22,92.05.08,Kab.,Raja Ampat,Papua Barat Daya,1
127,Waigeo Utara,98466,6,-,92.05.02,Kab.,Raja Ampat,Papua Barat Daya,1
128,Warwarbomi,98467,4,-,92.05.14,Kab.,Raja Ampat,Papua Barat Daya,1
129,Wayer,98215,8,-,92.04.12,Kab.,Sorong Selatan,Papua Barat Daya,1
130,Wemak,98455,6,-,92.01.45,Kab.,Sorong,Papua Barat Daya,1
131,Wilhem Roumbouts,98377,4,-,92.09.19,Kab.,Tambrauw,Papua Barat Daya,1
132,Yembun,98379,6,-,92.09.03,Kab.,Tambrauw,Papua Barat Daya,1
1,Abenaho,99085,108,-,95.06.03,Kab.,Yalimo,Papua Pegunungan,1
2,Aboy,99401,7,-,95.02.08,Kab.,Pegunungan Bintang,Papua Pegunungan,1
3,Airgaram,99021,8,-,95.04.28,Kab.,Tolikara,Papua Pegunungan,1
4,Alama,99901,4,-,95.08.15,Kab.,Nduga,Papua Pegunungan,1
5,Alemsom,99411,12,-,95.02.11,Kab.,Pegunungan Bintang,Papua Pegunungan,1
6,Amuma,99701,13,-,95.03.11,Kab.,Yahukimo,Papua Pegunungan,1
7,Anawi,99022,10,-,95.04.36,Kab.,Tolikara,Papua Pegunungan,1
8,Anggruk,99751,12,-,95.03.02,Kab.,Yahukimo,Papua Pegunungan,1
9,Apalapsili,99084,50,-,95.06.02,Kab.,Yalimo,Papua Pegunungan,1
10,Asologaima,99531,10,-,95.01.03,Kab.,Jayawijaya,Papua Pegunungan,1
11,Asolokobal,99501,9,-,95.01.09,Kab.,Jayawijaya,Papua Pegunungan,1
12,Asotipo,99502,10,-,95.01.36,Kab.,Jayawijaya,Papua Pegunungan,1
13,Aweku,99041,10,-,95.04.42,Kab.,Tolikara,Papua Pegunungan,1
14,Awina,99572,9,-,95.07.21,Kab.,Lanny Jaya,Papua Pegunungan,1
15,Awinbon,99431,5,-,95.02.18,Kab.,Pegunungan Bintang,Papua Pegunungan,1
16,Ayumnati,99573,9,-,95.07.22,Kab.,Lanny Jaya,Papua Pegunungan,1
17,Balingga,99583,10,-,95.07.07,Kab.,Lanny Jaya,Papua Pegunungan,1
18,Balingga Barat,99584,8,-,95.07.26,Kab.,Lanny Jaya,Papua Pegunungan,1
19,Batani,99441,7,-,95.02.26,Kab.,Pegunungan Bintang,Papua Pegunungan,1
20,Batom,99442,11,-,95.02.05,Kab.,Pegunungan Bintang,Papua Pegunungan,1
21,Benawa,99081,37,-,95.06.04,Kab.,Yalimo,Papua Pegunungan,1
22,Bewani,99011,14,-,95.04.16,Kab.,Tolikara,Papua Pegunungan,1
23,Bime,99451,10,-,95.02.10,Kab.,Pegunungan Bintang,Papua Pegunungan,1
24,Biuk,99023,11,-,95.04.45,Kab.,Tolikara,Papua Pegunungan,1
25,Bogonuk,99042,10,-,95.04.43,Kab.,Tolikara,Papua Pegunungan,1
26,Bokondini,99012,11,-,95.04.02,Kab.,Tolikara,Papua Pegunungan,1
27,Bokoneri,99013,17,-,95.04.15,Kab.,Tolikara,Papua Pegunungan,1
28,Bolakme,99541,12,-,95.01.05,Kab.,Jayawijaya,Papua Pegunungan,1
29,Bomela,99731,6,-,95.03.40,Kab.,Yahukimo,Papua Pegunungan,1
30,Borme,99452,13,-,95.02.06,Kab.,Pegunungan Bintang,Papua Pegunungan,1
31,Bpiri,99542,7,-,95.01.34,Kab.,Jayawijaya,Papua Pegunungan,1
32,Bruwa,99585,9,-,95.07.25,Kab.,Lanny Jaya,Papua Pegunungan,1
33,Bugi,99543,8,-,95.01.33,Kab.,Jayawijaya,Papua Pegunungan,1
34,Buguk Gona,99574,13,-,95.07.38,Kab.,Lanny Jaya,Papua Pegunungan,1
35,Dal,99902,6,-,95.08.18,Kab.,Nduga,Papua Pegunungan,1
36,Danime,99014,10,-,95.04.39,Kab.,Tolikara,Papua Pegunungan,1
37,Dekai,99702,12,-,95.03.07,Kab.,Yahukimo,Papua Pegunungan,1
38,Dimba,99575,8,-,95.07.05,Kab.,Lanny Jaya,Papua Pegunungan,1
39,Dirwemna,99752,5,-,95.03.33,Kab.,Yahukimo,Papua Pegunungan,1
40,Dow,99051,11,-,95.04.30,Kab.,Tolikara,Papua Pegunungan,1
41,Dundu,99052,10,-,95.04.23,Kab.,Tolikara,Papua Pegunungan,1
42,Duram,99753,6,-,95.03.48,Kab.,Yahukimo,Papua Pegunungan,1
43,Egiam,99053,10,-,95.04.25,Kab.,Tolikara,Papua Pegunungan,1
44,Eipumek,99453,14,-,95.02.32,Kab.,Pegunungan Bintang,Papua Pegunungan,1
45,Elelim,99082,44,-,95.06.01,Kab.,Yalimo,Papua Pegunungan,1
46,Embetpen,99920,5,-,95.08.24,Kab.,Nduga,Papua Pegunungan,1
47,Endomen,99754,8,-,95.03.31,Kab.,Yahukimo,Papua Pegunungan,1
48,Eragayam,99071,15,-,95.05.03,Kab.,Mamberamo Tengah,Papua Pegunungan,1
49,Gamelia,99566,8,-,95.07.04,Kab.,Lanny Jaya,Papua Pegunungan,1
50,Gearek,99921,7,-,95.08.08,Kab.,Nduga,Papua Pegunungan,1
51,Gelok Beam,99561,9,-,95.07.29,Kab.,Lanny Jaya,Papua Pegunungan,1
52,Geselma,99903,3,-,95.08.05,Kab.,Nduga,Papua Pegunungan,1
53,Geya,99024,12,-,95.04.24,Kab.,Tolikara,Papua Pegunungan,1
54,Gika,99054,10,-,95.04.34,Kab.,Tolikara,Papua Pegunungan,1
55,Gilubandu,99043,10,-,95.04.18,Kab.,Tolikara,Papua Pegunungan,1
56,Goa Balim,99586,7,-,95.07.24,Kab.,Lanny Jaya,Papua Pegunungan,1
57,Gollo,99576,11,-,95.07.20,Kab.,Lanny Jaya,Papua Pegunungan,1
58,Goyage,99025,19,-,95.04.05,Kab.,Tolikara,Papua Pegunungan,1
59,Guna,99567,7,-,95.07.34,Kab.,Lanny Jaya,Papua Pegunungan,1
60,Gundagi,99055,17,-,95.04.20,Kab.,Tolikara,Papua Pegunungan,1
61,Gupura,99562,12,-,95.07.27,Kab.,Lanny Jaya,Papua Pegunungan,1
62,Hereapini,99755,11,-,95.03.27,Kab.,Yahukimo,Papua Pegunungan,1
63,Hilipuk,99732,7,-,95.03.47,Kab.,Yahukimo,Papua Pegunungan,1
64,Hogio,99703,8,-,95.03.14,Kab.,Yahukimo,Papua Pegunungan,1
65,Holuwon,99733,7,-,95.03.34,Kab.,Yahukimo,Papua Pegunungan,1
66,Hubikiak,99551,8,-,95.01.16,Kab.,Jayawijaya,Papua Pegunungan,1
67,Hubikosi,99552,11,-,95.01.04,Kab.,Jayawijaya,Papua Pegunungan,1
68,Ibele,99553,10,-,95.01.17,Kab.,Jayawijaya,Papua Pegunungan,1
69,Ilugwa,99073,6,-,95.05.05,Kab.,Mamberamo Tengah,Papua Pegunungan,1
70,Inikgal,99904,8,-,95.08.20,Kab.,Nduga,Papua Pegunungan,1
71,Iniye,99905,6,-,95.08.21,Kab.,Nduga,Papua Pegunungan,1
72,Itlay Hisage,99503,9,-,95.01.19,Kab.,Jayawijaya,Papua Pegunungan,1
73,Iwur,99432,10,-,95.02.04,Kab.,Pegunungan Bintang,Papua Pegunungan,1
74,Jetfa,99402,6,-,95.02.30,Kab.,Pegunungan Bintang,Papua Pegunungan,1
75,Kabianggama,99734,7,-,95.03.44,Kab.,Yahukimo,Papua Pegunungan,1
76,Kai,99026,10,-,95.04.41,Kab.,Tolikara,Papua Pegunungan,1
77,Kalomdol,99412,5,-,95.02.13,Kab.,Pegunungan Bintang,Papua Pegunungan,1
78,Kamboneri,99015,8,-,95.04.27,Kab.,Tolikara,Papua Pegunungan,1
79,Kanggime,99044,10,-,95.04.03,Kab.,Tolikara,Papua Pegunungan,1
80,Karu,99568,8,-,95.07.32,Kab.,Lanny Jaya,Papua Pegunungan,1
81,Karubaga,99027,23,-,95.04.01,Kab.,Tolikara,Papua Pegunungan,1
82,Kawor,99433,7,-,95.02.17,Kab.,Pegunungan Bintang,Papua Pegunungan,1
83,Kayo,99704,7,-,95.03.50,Kab.,Yahukimo,Papua Pegunungan,1
84,Kegayem,99906,13,-,95.08.10,Kab.,Nduga,Papua Pegunungan,1
85,Kelila,99072,19,-,95.05.02,Kab.,Mamberamo Tengah,Papua Pegunungan,1
86,Kelulome,99577,10,-,95.07.35,Kab.,Lanny Jaya,Papua Pegunungan,1
87,Kembu,99056,11,-,95.04.04,Kab.,Tolikara,Papua Pegunungan,1
88,Kenyam,99922,9,-,95.08.01,Kab.,Nduga,Papua Pegunungan,1
89,Kilmid,99907,4,-,95.08.14,Kab.,Nduga,Papua Pegunungan,1
90,Kiwirok,99421,12,-,95.02.02,Kab.,Pegunungan Bintang,Papua Pegunungan,1
91,Kiwirok Timur,99422,9,-,95.02.07,Kab.,Pegunungan Bintang,Papua Pegunungan,1
92,Kobakma,99074,15,-,95.05.01,Kab.,Mamberamo Tengah,Papua Pegunungan,1
93,Kolawa,99563,10,-,95.07.28,Kab.,Lanny Jaya,Papua Pegunungan,1
94,Kona,99721,5,-,95.03.32,Kab.,Yahukimo,Papua Pegunungan,1
95,Konda/ Kondaga,99028,11,-,95.04.12,Kab.,Tolikara,Papua Pegunungan,1
96,Kora,99923,5,-,95.08.25,Kab.,Nduga,Papua Pegunungan,1
97,Koragi,99544,5,-,95.01.26,Kab.,Jayawijaya,Papua Pegunungan,1
98,Koroptak,99908,6,-,95.08.09,Kab.,Nduga,Papua Pegunungan,1
99,Korupun,99735,12,-,95.03.38,Kab.,Yahukimo,Papua Pegunungan,1
100,Kosarek,99756,11,-,95.03.21,Kab.,Yahukimo,Papua Pegunungan,1
101,Krepkuri,99924,6,-,95.08.31,Kab.,Nduga,Papua Pegunungan,1
102,Kuari,99029,17,-,95.04.14,Kab.,Tolikara,Papua Pegunungan,1
103,Kubu,99030,9,-,95.04.11,Kab.,Tolikara,Papua Pegunungan,1
104,Kuly Lanny,99564,8,-,95.07.30,Kab.,Lanny Jaya,Papua Pegunungan,1
105,Kurima,99705,23,-,95.03.01,Kab.,Yahukimo,Papua Pegunungan,1
106,Kurulu,99521,12,-,95.01.02,Kab.,Jayawijaya,Papua Pegunungan,1
107,Kuyawage,99587,8,-,95.07.09,Kab.,Lanny Jaya,Papua Pegunungan,1
108,Kwelamdua,99736,10,-,95.03.45,Kab.,Yahukimo,Papua Pegunungan,1
109,Kwikma,99737,10,-,95.03.46,Kab.,Yahukimo,Papua Pegunungan,1
110,Langda,99738,9,-,95.03.39,Kab.,Yahukimo,Papua Pegunungan,1
111,Lannyna,99578,11,-,95.07.31,Kab.,Lanny Jaya,Papua Pegunungan,1
112,Li Anogomma,99031,10,-,95.04.44,Kab.,Tolikara,Papua Pegunungan,1
113,Libarek,99522,5,-,95.01.23,Kab.,Jayawijaya,Papua Pegunungan,1
114,Lolat,99739,8,-,95.03.35,Kab.,Yahukimo,Papua Pegunungan,1
115,Maima,99504,7,-,95.01.37,Kab.,Jayawijaya,Papua Pegunungan,1
116,Makki,99565,8,-,95.07.03,Kab.,Lanny Jaya,Papua Pegunungan,1
117,Mam,99941,14,-,95.08.17,Kab.,Nduga,Papua Pegunungan,1
118,Mapenduma,99909,10,-,95.08.02,Kab.,Nduga,Papua Pegunungan,1
119,Mbua Tengah,99925,9,-,95.08.23,Kab.,Nduga,Papua Pegunungan,1
120,Mbulmu Yalma,99911,7,-,95.08.22,Kab.,Nduga,Papua Pegunungan,1
121,Mbuwa,99910,6,-,95.08.07,Kab.,Nduga,Papua Pegunungan,1
122,Mebarok,99912,14,-,95.08.12,Kab.,Nduga,Papua Pegunungan,1
123,Megambilis,99075,4,-,95.05.04,Kab.,Mamberamo Tengah,Papua Pegunungan,1
124,Melagi,99588,8,-,95.07.39,Kab.,Lanny Jaya,Papua Pegunungan,1
125,Melagineri,99589,8,-,95.07.06,Kab.,Lanny Jaya,Papua Pegunungan,1
126,Milimbo,99579,8,-,95.07.18,Kab.,Lanny Jaya,Papua Pegunungan,1
127,Moba,99926,8,-,95.08.28,Kab.,Nduga,Papua Pegunungan,1
128,Mofinop,99443,5,-,95.02.29,Kab.,Pegunungan Bintang,Papua Pegunungan,1
129,Mokoni,99590,9,-,95.07.16,Kab.,Lanny Jaya,Papua Pegunungan,1
130,Molagalome,99545,6,-,95.01.28,Kab.,Jayawijaya,Papua Pegunungan,1
131,Muara,99569,10,-,95.07.37,Kab.,Lanny Jaya,Papua Pegunungan,1
132,Mugi,99913,18,-,95.08.06,Kab.,Nduga,Papua Pegunungan,1
133,Mugi,99706,20,-,95.03.15,Kab.,Yahukimo,Papua Pegunungan,1
134,Muliama,99532,12,-,95.01.32,Kab.,Jayawijaya,Papua Pegunungan,1
135,Murkim,99444,4,-,95.02.28,Kab.,Pegunungan Bintang,Papua Pegunungan,1
136,Musaik,99707,10,-,95.03.12,Kab.,Yahukimo,Papua Pegunungan,1
137,Musatfak,99533,10,-,95.01.07,Kab.,Jayawijaya,Papua Pegunungan,1
138,Nabunage,99045,11,-,95.04.17,Kab.,Tolikara,Papua Pegunungan,1
139,Nalca,99757,8,-,95.03.06,Kab.,Yahukimo,Papua Pegunungan,1
140,Napua,99505,9,-,95.01.13,Kab.,Jayawijaya,Papua Pegunungan,1
141,Nelawi,99032,12,-,95.04.13,Kab.,Tolikara,Papua Pegunungan,1
142,Nenggeagin,99914,5,-,95.08.30,Kab.,Nduga,Papua Pegunungan,1
143,Nikogwe,99580,9,-,95.07.36,Kab.,Lanny Jaya,Papua Pegunungan,1
144,Niname,99591,7,-,95.07.11,Kab.,Lanny Jaya,Papua Pegunungan,1
145,Ninia,99740,10,-,95.03.03,Kab.,Yahukimo,Papua Pegunungan,1
146,Nipsan,99758,8,-,95.03.22,Kab.,Yahukimo,Papua Pegunungan,1
147,Nirkuri,99915,10,-,95.08.19,Kab.,Nduga,Papua Pegunungan,1
148,Nogi,99592,8,-,95.07.12,Kab.,Lanny Jaya,Papua Pegunungan,1
149,Nongme,99445,7,-,95.02.34,Kab.,Pegunungan Bintang,Papua Pegunungan,1
150,Numba,99033,10,-,95.04.21,Kab.,Tolikara,Papua Pegunungan,1
151,Nunggawi,99046,26,-,95.04.19,Kab.,Tolikara,Papua Pegunungan,1
152,Obio,99708,13,-,95.03.08,Kab.,Yahukimo,Papua Pegunungan,1
153,Ok Aom,99413,6,-,95.02.16,Kab.,Pegunungan Bintang,Papua Pegunungan,1
154,Okbab,99403,12,-,95.02.25,Kab.,Pegunungan Bintang,Papua Pegunungan,1
155,Okbape,99414,6,-,95.02.12,Kab.,Pegunungan Bintang,Papua Pegunungan,1
156,Okbemtau,99423,9,-,95.02.23,Kab.,Pegunungan Bintang,Papua Pegunungan,1
157,Okbibab,99404,8,-,95.02.03,Kab.,Pegunungan Bintang,Papua Pegunungan,1
158,Okhika,99424,4,-,95.02.20,Kab.,Pegunungan Bintang,Papua Pegunungan,1
159,Oklip,99425,7,-,95.02.22,Kab.,Pegunungan Bintang,Papua Pegunungan,1
160,Oksamol,99426,12,-,95.02.21,Kab.,Pegunungan Bintang,Papua Pegunungan,1
161,Oksebang,99427,4,-,95.02.24,Kab.,Pegunungan Bintang,Papua Pegunungan,1
162,Oksibil,99415,8,-,95.02.01,Kab.,Pegunungan Bintang,Papua Pegunungan,1
163,Oksop,99416,5,-,95.02.14,Kab.,Pegunungan Bintang,Papua Pegunungan,1
164,Pamek,99454,11,-,95.02.33,Kab.,Pegunungan Bintang,Papua Pegunungan,1
165,Panaga,99057,9,-,95.04.09,Kab.,Tolikara,Papua Pegunungan,1
166,Panggema,99759,13,-,95.03.20,Kab.,Yahukimo,Papua Pegunungan,1
167,Paro,99916,5,-,95.08.11,Kab.,Nduga,Papua Pegunungan,1
168,Pasema,99709,7,-,95.03.13,Kab.,Yahukimo,Papua Pegunungan,1
169,Pasir Putih,99927,4,-,95.08.32,Kab.,Nduga,Papua Pegunungan,1
170,Pelebaga,99554,13,-,95.01.10,Kab.,Jayawijaya,Papua Pegunungan,1
171,Pepera,99417,7,-,95.02.09,Kab.,Pegunungan Bintang,Papua Pegunungan,1
172,Pija,99928,5,-,95.08.27,Kab.,Nduga,Papua Pegunungan,1
173,Piramid,99534,10,-,95.01.31,Kab.,Jayawijaya,Papua Pegunungan,1
174,Pirime,99581,8,-,95.07.02,Kab.,Lanny Jaya,Papua Pegunungan,1
175,Pisugi,99523,7,-,95.01.25,Kab.,Jayawijaya,Papua Pegunungan,1
176,Poga,99570,13,-,95.07.10,Kab.,Lanny Jaya,Papua Pegunungan,1
177,Poganeri,99058,10,-,95.04.26,Kab.,Tolikara,Papua Pegunungan,1
178,Popugoba,99506,4,-,95.01.38,Kab.,Jayawijaya,Papua Pegunungan,1
179,Pronggoli,99760,8,-,95.03.24,Kab.,Yahukimo,Papua Pegunungan,1
180,Puldama,99761,8,-,95.03.30,Kab.,Yahukimo,Papua Pegunungan,1
181,Samenage,99710,9,-,95.03.05,Kab.,Yahukimo,Papua Pegunungan,1
182,Sela,99741,16,-,95.03.37,Kab.,Yahukimo,Papua Pegunungan,1
183,Seradala,99711,9,-,95.03.42,Kab.,Yahukimo,Papua Pegunungan,1
184,Serambakon,99418,8,-,95.02.15,Kab.,Pegunungan Bintang,Papua Pegunungan,1
185,Siepkosi,99507,9,-,95.01.20,Kab.,Jayawijaya,Papua Pegunungan,1
186,Silimo,99712,20,-,95.03.04,Kab.,Yahukimo,Papua Pegunungan,1
187,Silo Karno Doga,99535,8,-,95.01.30,Kab.,Jayawijaya,Papua Pegunungan,1
188,Soba,99713,6,-,95.03.16,Kab.,Yahukimo,Papua Pegunungan,1
189,Sobaham,99742,13,-,95.03.43,Kab.,Yahukimo,Papua Pegunungan,1
190,Soloikma,99743,8,-,95.03.36,Kab.,Yahukimo,Papua Pegunungan,1
191,Sumo,99714,11,-,95.03.51,Kab.,Yahukimo,Papua Pegunungan,1
192,Suntamon,99744,8,-,95.03.41,Kab.,Yahukimo,Papua Pegunungan,1
193,Suru Suru,99715,7,-,95.03.09,Kab.,Yahukimo,Papua Pegunungan,1
194,Taelarek,99555,8,-,95.01.18,Kab.,Jayawijaya,Papua Pegunungan,1
195,Tagime,99016,10,-,95.04.40,Kab.,Tolikara,Papua Pegunungan,1
196,Tagime,99546,11,-,95.01.27,Kab.,Jayawijaya,Papua Pegunungan,1
197,Tagineri,99017,10,-,95.04.31,Kab.,Tolikara,Papua Pegunungan,1
198,Tagineri,99547,9,-,95.01.29,Kab.,Jayawijaya,Papua Pegunungan,1
199,Talambo,99762,9,-,95.03.29,Kab.,Yahukimo,Papua Pegunungan,1
200,Tangma,99716,10,-,95.03.18,Kab.,Yahukimo,Papua Pegunungan,1
201,Tarup,99434,7,-,95.02.19,Kab.,Pegunungan Bintang,Papua Pegunungan,1
202,Teiraplu,99405,10,-,95.02.31,Kab.,Pegunungan Bintang,Papua Pegunungan,1
203,Telenggeme,99059,10,-,95.04.35,Kab.,Tolikara,Papua Pegunungan,1
204,Timori,99060,12,-,95.04.22,Kab.,Tolikara,Papua Pegunungan,1
205,Tiom,99593,11,-,95.07.01,Kab.,Lanny Jaya,Papua Pegunungan,1
206,Tiom Ollo,99594,10,-,95.07.14,Kab.,Lanny Jaya,Papua Pegunungan,1
207,Tiomneri,99595,9,-,95.07.08,Kab.,Lanny Jaya,Papua Pegunungan,1
208,Trikora,99508,6,-,95.01.12,Kab.,Jayawijaya,Papua Pegunungan,1
209,Ubahak,99763,17,-,95.03.23,Kab.,Yahukimo,Papua Pegunungan,1
210,Ubalihi,99764,11,-,95.03.28,Kab.,Yahukimo,Papua Pegunungan,1
211,Ukha,99717,10,-,95.03.19,Kab.,Yahukimo,Papua Pegunungan,1
212,Umagi,99061,12,-,95.04.08,Kab.,Tolikara,Papua Pegunungan,1
213,Usilimo,99524,10,-,95.01.21,Kab.,Jayawijaya,Papua Pegunungan,1
214,Wadangku,99525,5,-,95.01.24,Kab.,Jayawijaya,Papua Pegunungan,1
215,Wakuwo,99047,12,-,95.04.33,Kab.,Tolikara,Papua Pegunungan,1
216,Walaik,99509,5,-,95.01.14,Kab.,Jayawijaya,Papua Pegunungan,1
217,Walelagama,99510,6,-,95.01.06,Kab.,Jayawijaya,Papua Pegunungan,1
218,Walma,99765,8,-,95.03.25,Kab.,Yahukimo,Papua Pegunungan,1
219,Wame,99536,4,-,95.01.39,Kab.,Jayawijaya,Papua Pegunungan,1
220,Wamena,99511,11,-,95.01.01,Kab.,Jayawijaya,Papua Pegunungan,1
221,Wano Barat,99596,11,-,95.07.23,Kab.,Lanny Jaya,Papua Pegunungan,1
222,Wari/Taiyeve II,99062,17,-,95.04.29,Kab.,Tolikara,Papua Pegunungan,1
223,Weime,99446,9,-,95.02.27,Kab.,Pegunungan Bintang,Papua Pegunungan,1
224,Welarek,99083,61,-,95.06.05,Kab.,Yalimo,Papua Pegunungan,1
225,Welesi,99512,7,-,95.01.35,Kab.,Jayawijaya,Papua Pegunungan,1
226,Wenam,99034,10,-,95.04.37,Kab.,Tolikara,Papua Pegunungan,1
227,Wereka,99597,9,-,95.07.17,Kab.,Lanny Jaya,Papua Pegunungan,1
228,Werima,99718,14,-,95.03.17,Kab.,Yahukimo,Papua Pegunungan,1
229,Wesaput,99513,8,-,95.01.40,Kab.,Jayawijaya,Papua Pegunungan,1
230,Wina,99063,13,-,95.04.07,Kab.,Tolikara,Papua Pegunungan,1
231,Wiringgambut,99582,10,-,95.07.19,Kab.,Lanny Jaya,Papua Pegunungan,1
232,Wita Waya,99526,5,-,95.01.22,Kab.,Jayawijaya,Papua Pegunungan,1
233,Wolo,99548,8,-,95.01.08,Kab.,Jayawijaya,Papua Pegunungan,1
234,Woniki,99048,10,-,95.04.10,Kab.,Tolikara,Papua Pegunungan,1
235,Wosak,99929,5,-,95.08.04,Kab.,Nduga,Papua Pegunungan,1
236,Wouma,99514,7,-,95.01.15,Kab.,Jayawijaya,Papua Pegunungan,1
237,Wugi,99035,11,-,95.04.38,Kab.,Tolikara,Papua Pegunungan,1
238,Wunim,99036,9,-,95.04.06,Kab.,Tolikara,Papua Pegunungan,1
239,Wusama,99719,11,-,95.03.10,Kab.,Yahukimo,Papua Pegunungan,1
240,Wusi,99930,4,-,95.08.26,Kab.,Nduga,Papua Pegunungan,1
241,Wutpaga,99917,6,-,95.08.29,Kab.,Nduga,Papua Pegunungan,1
242,Yahuliambut,99745,5,-,95.03.26,Kab.,Yahukimo,Papua Pegunungan,1
243,Yal,99942,20,-,95.08.16,Kab.,Nduga,Papua Pegunungan,1
244,Yalengga,99549,11,-,95.01.11,Kab.,Jayawijaya,Papua Pegunungan,1
245,Yenggelo,99918,4,-,95.08.13,Kab.,Nduga,Papua Pegunungan,1
246,Yigi,99919,12,-,95.08.03,Kab.,Nduga,Papua Pegunungan,1
247,Yiginua,99598,7,-,95.07.13,Kab.,Lanny Jaya,Papua Pegunungan,1
248,Yiluk,99571,8,-,95.07.33,Kab.,Lanny Jaya,Papua Pegunungan,1
249,Yogosem,99720,7,-,95.03.49,Kab.,Yahukimo,Papua Pegunungan,1
250,Yugungwi,99599,9,-,95.07.15,Kab.,Lanny Jaya,Papua Pegunungan,1
251,Yuko,99064,11,-,95.04.46,Kab.,Tolikara,Papua Pegunungan,1
252,Yuneri,99037,11,-,95.04.32,Kab.,Tolikara,Papua Pegunungan,1
1,Agats,99777,12,-,93.04.01,Kab.,Asmat,Papua Selatan,1
2,Akat,99779,5,-,93.04.04,Kab.,Asmat,Papua Selatan,1
3,Ambatkwi (Ambatkui),99681,5,-,93.02.11,Kab.,Boven Digoel,Papua Selatan,1
4,Animha,99644,5,-,93.01.13,Kab.,Merauke,Papua Selatan,1
5,Arimop,99671,7,-,93.02.09,Kab.,Boven Digoel,Papua Selatan,1
6,Assue,99874,18,-,93.03.06,Kab.,Mappi,Papua Selatan,1
7,Aswi,99782,10,-,93.04.21,Kab.,Asmat,Papua Selatan,1
8,Atsj (Atsy),99775,9,-,93.04.02,Kab.,Asmat,Papua Selatan,1
9,Awyu,99771 - 99776,6,-,93.04.22,Kab.,Asmat,Papua Selatan,1
10,Ayip,99776,6,-,93.04.18,Kab.,Asmat,Papua Selatan,1
11,Bamgi,99851,5,-,93.03.13,Kab.,Mappi,Papua Selatan,1
12,Betcbamu,99786,7,-,93.04.19,Kab.,Asmat,Papua Selatan,1
13,Bomakia,99672,5,-,93.02.06,Kab.,Boven Digoel,Papua Selatan,1
14,Citak-Mitak (Citakmitak),99875,7,-,93.03.03,Kab.,Mappi,Papua Selatan,1
15,Der Koumur,99771,6,-,93.04.14,Kab.,Asmat,Papua Selatan,1
16,Edera,99852,7,-,93.03.04,Kab.,Mappi,Papua Selatan,1
17,Elikobal,99633,12,-,93.01.10,Kab.,Merauke,Papua Selatan,1
18,Fayit,99782,13,-,93.04.05,Kab.,Asmat,Papua Selatan,1
19,Firiwage,99691,4,-,93.02.13,Kab.,Boven Digoel,Papua Selatan,1
20,Fofi,99673,8,-,93.02.10,Kab.,Boven Digoel,Papua Selatan,1
21,Haju,99881,19,-,93.03.05,Kab.,Mappi,Papua Selatan,1
22,Ilwayab (Ilyawab),99640,4,-,93.01.20,Kab.,Merauke,Papua Selatan,1
23,Iniyandit,99661,5,-,93.02.08,Kab.,Boven Digoel,Papua Selatan,1
24,Jagebob,99645,14,-,93.01.07,Kab.,Merauke,Papua Selatan,1
25,Jair,99651,6,-,93.02.05,Kab.,Boven Digoel,Papua Selatan,1
26,Jetsy,99785,8,-,93.04.13,Kab.,Asmat,Papua Selatan,1
27,Joerat,99784,6,-,93.04.11,Kab.,Asmat,Papua Selatan,1
28,Joutu,99792,7,-,93.04.20,Kab.,Asmat,Papua Selatan,1
29,Kaibar,99876,7,-,93.03.07,Kab.,Mappi,Papua Selatan,1
30,Kaptel,99636,5,-,93.01.17,Kab.,Merauke,Papua Selatan,1
31,Kawagit,99654,6,-,93.02.20,Kab.,Boven Digoel,Papua Selatan,1
32,Ki,99652,4,-,93.02.19,Kab.,Boven Digoel,Papua Selatan,1
33,Kimaam,99641,13,-,93.01.04,Kab.,Merauke,Papua Selatan,1
34,Kolf Braza,99791,9,-,93.04.09,Kab.,Asmat,Papua Selatan,1
35,Kombay,99682,5,-,93.02.16,Kab.,Boven Digoel,Papua Selatan,1
36,Kombut,99662,4,-,93.02.07,Kab.,Boven Digoel,Papua Selatan,1
37,Kontuar,99643,5,-,93.01.22,Kab.,Merauke,Papua Selatan,1
38,Kopay,99772,10,-,93.04.15,Kab.,Asmat,Papua Selatan,1
39,Koroway Buluanop,99791 - 99792,8,-,93.04.23,Kab.,Asmat,Papua Selatan,1
40,Kouh,99655,3,-,93.02.04,Kab.,Boven Digoel,Papua Selatan,1
41,Kurik,99646,13,-,93.01.11,Kab.,Merauke,Papua Selatan,1
42,Malind,99647,7,-,93.01.14,Kab.,Merauke,Papua Selatan,1
43,Mambioman Bapai,99873,15,-,93.03.02,Kab.,Mappi,Papua Selatan,1
44,Mandobo,99674,5,-,93.02.01,Kab.,Boven Digoel,Papua Selatan,1
45,Manggelum,99692,6,-,93.02.12,Kab.,Boven Digoel,Papua Selatan,1
46,Merauke,99604 - 99619,16,-,93.01.01,Kab.,Merauke,Papua Selatan,1
47,Mindiptana,99663,13,-,93.02.02,Kab.,Boven Digoel,Papua Selatan,1
48,Minyamur,99872,12,-,93.03.09,Kab.,Mappi,Papua Selatan,1
49,Muting,99634,12,-,93.01.02,Kab.,Merauke,Papua Selatan,1
50,Naukenjerai,99621,5,-,93.01.12,Kab.,Merauke,Papua Selatan,1
51,Ngguti,99637,6,-,93.01.16,Kab.,Merauke,Papua Selatan,1
52,Ninati,99683,5,-,93.02.17,Kab.,Boven Digoel,Papua Selatan,1
53,Obaa,99870,24,-,93.03.01,Kab.,Mappi,Papua Selatan,1
54,Okaba,99638,9,-,93.01.03,Kab.,Merauke,Papua Selatan,1
55,Padua,99640 - 99642,5,-,93.01.21,Kab.,Merauke,Papua Selatan,1
56,Pantai Kasuari,99773,9,-,93.04.06,Kab.,Asmat,Papua Selatan,1
57,Passue,99871,13,-,93.03.08,Kab.,Mappi,Papua Selatan,1
58,Passue Bawah,99877,8,-,93.03.14,Kab.,Mappi,Papua Selatan,1
59,Pulau Tiga,99778,11,-,93.04.12,Kab.,Asmat,Papua Selatan,1
60,Safan,99774,12,-,93.04.16,Kab.,Asmat,Papua Selatan,1
61,Sawa Erma,99783,10,4,93.04.03,Kab.,Asmat,Papua Selatan,1
62,Semangga,99631,10,-,93.01.05,Kab.,Merauke,Papua Selatan,1
63,Sesnuk,99664,5,-,93.02.18,Kab.,Boven Digoel,Papua Selatan,1
64,Sirets,99787,8,-,93.04.17,Kab.,Asmat,Papua Selatan,1
65,Sor Ep,99779,6,-,93.04.25,Kab.,Asmat,Papua Selatan,1
66,Sota,99648,5,-,93.01.08,Kab.,Merauke,Papua Selatan,1
67,Suator,99792,14,-,93.04.07,Kab.,Asmat,Papua Selatan,1
68,Subur,99653,4,-,93.02.15,Kab.,Boven Digoel,Papua Selatan,1
69,Suru-suru,99781,18,-,93.04.08,Kab.,Asmat,Papua Selatan,1
70,Syahcame,99853,6,-,93.03.11,Kab.,Mappi,Papua Selatan,1
71,Tabonji,99642,7,-,93.01.18,Kab.,Merauke,Papua Selatan,1
72,Tanah Miring,99632,14,-,93.01.06,Kab.,Merauke,Papua Selatan,1
73,Ti Zain,99878,8,-,93.03.15,Kab.,Mappi,Papua Selatan,1
74,Tomor Birip,99780 - 99781,8,-,93.04.24,Kab.,Asmat,Papua Selatan,1
75,Tubang,99639,6,1,93.01.15,Kab.,Merauke,Papua Selatan,1
76,Ulilin,99635,11,-,93.01.09,Kab.,Merauke,Papua Selatan,1
77,Unir Sirau,99780,6,-,93.04.10,Kab.,Asmat,Papua Selatan,1
78,Venaha,99854,8,-,93.03.10,Kab.,Mappi,Papua Selatan,1
79,Waan,99643,6,1,93.01.19,Kab.,Merauke,Papua Selatan,1
80,Waropko,99684,9,-,93.02.03,Kab.,Boven Digoel,Papua Selatan,1
81,Yakomi,99855,7,-,93.03.12,Kab.,Mappi,Papua Selatan,1
82,Yaniruma,99685,3,-,93.02.14,Kab.,Boven Digoel,Papua Selatan,1
1,Agandugume,98970,7,-,94.05.07,Kab.,Puncak,Papua Tengah,1
2,Agimuga,99964,8,-,94.04.02,Kab.,Mimika,Papua Tengah,1
3,Agisiga,98782,10,-,94.07.05,Kab.,Intan Jaya,Papua Tengah,1
4,Alama,99966,11,-,94.04.18,Kab.,Mimika,Papua Tengah,1
5,Amar,99973,6,-,94.04.17,Kab.,Mimika,Papua Tengah,1
6,Amungkalpia,98961,6,-,94.05.23,Kab.,Puncak,Papua Tengah,1
7,Aradide,98731,9,-,94.03.03,Kab.,Paniai,Papua Tengah,1
8,Aweida,98732,6,-,94.03.22,Kab.,Paniai,Papua Tengah,1
9,Baya Biru,98735,6,-,94.03.19,Kab.,Paniai,Papua Tengah,1
10,Beoga,98951,8,-,94.05.03,Kab.,Puncak,Papua Tengah,1
11,Beoga Barat,98952,6,-,94.05.10,Kab.,Puncak,Papua Tengah,1
12,Beoga Timur,98953,8,-,94.05.11,Kab.,Puncak,Papua Tengah,1
13,Biandoga,98784,16,-,94.07.04,Kab.,Intan Jaya,Papua Tengah,1
14,Bibida,98741,7,-,94.03.05,Kab.,Paniai,Papua Tengah,1
15,Bina,98971,7,-,94.05.14,Kab.,Puncak,Papua Tengah,1
16,Bogabaida,98736,9,-,94.03.04,Kab.,Paniai,Papua Tengah,1
17,Bowobado,98751,6,-,94.08.03,Kab.,Deiyai,Papua Tengah,1
18,Dagai,98941,10,-,94.02.25,Kab.,Puncak Jaya,Papua Tengah,1
19,Deiyai Miyo,98725,6,-,94.03.20,Kab.,Paniai,Papua Tengah,1
20,Dervos,98981,7,-,94.05.09,Kab.,Puncak,Papua Tengah,1
21,Dipa,98843,5,-,94.01.14,Kab.,Nabire,Papua Tengah,1
22,Dogiyai,98881,9,-,94.06.10,Kab.,Dogiyai,Papua Tengah,1
23,Dogomo,98742,5,-,94.03.21,Kab.,Paniai,Papua Tengah,1
24,Dokome,98924,9,-,94.02.17,Kab.,Puncak Jaya,Papua Tengah,1
25,Doufo,98982,7,-,94.05.04,Kab.,Puncak,Papua Tengah,1
26,Dumadama,98743,5,-,94.03.06,Kab.,Paniai,Papua Tengah,1
27,Ekadide,98733,12,-,94.03.10,Kab.,Paniai,Papua Tengah,1
28,Erelmakawia,98962,9,-,94.05.25,Kab.,Puncak,Papua Tengah,1
29,Fajar Timur,98731 - 98732,7,-,94.03.24,Kab.,Paniai,Papua Tengah,1
30,Fawi,98942,9,-,94.02.03,Kab.,Puncak Jaya,Papua Tengah,1
31,Gome,98963,10,-,94.05.08,Kab.,Puncak,Papua Tengah,1
32,Gome Utara,98964,5,-,94.05.24,Kab.,Puncak,Papua Tengah,1
33,Gubume,98931,17,-,94.02.23,Kab.,Puncak Jaya,Papua Tengah,1
34,Gurage,98911,11,-,94.02.10,Kab.,Puncak Jaya,Papua Tengah,1
35,Hitadipa,98792,9,-,94.07.06,Kab.,Intan Jaya,Papua Tengah,1
36,Homeyo,98791,21,-,94.07.02,Kab.,Intan Jaya,Papua Tengah,1
37,Hoya,99960,6,-,94.04.14,Kab.,Mimika,Papua Tengah,1
38,Ilaga,98965,9,-,94.05.01,Kab.,Puncak,Papua Tengah,1
39,Ilaga Utara,98966,9,-,94.05.18,Kab.,Puncak,Papua Tengah,1
40,Ilamburawi,98912,5,-,94.02.13,Kab.,Puncak Jaya,Papua Tengah,1
41,Ilu,98935,21,-,94.02.02,Kab.,Puncak Jaya,Papua Tengah,1
42,Irimuli,98913,9,-,94.02.11,Kab.,Puncak Jaya,Papua Tengah,1
43,Iwaka,99968,7,-,94.04.15,Kab.,Mimika,Papua Tengah,1
44,Jila,99961,12,-,94.04.06,Kab.,Mimika,Papua Tengah,1
45,Jita,99965,10,-,94.04.05,Kab.,Mimika,Papua Tengah,1
46,Kalome,98921,16,-,94.02.18,Kab.,Puncak Jaya,Papua Tengah,1
47,Kamu,98882,8,-,94.06.01,Kab.,Dogiyai,Papua Tengah,1
48,Kamu Selatan,98883,12,-,94.06.07,Kab.,Dogiyai,Papua Tengah,1
49,Kamu Timur,98884,7,-,94.06.08,Kab.,Dogiyai,Papua Tengah,1
50,Kamu Utara,98885,10,-,94.06.04,Kab.,Dogiyai,Papua Tengah,1
51,Kapiraya,98752,5,-,94.08.05,Kab.,Deiyai,Papua Tengah,1
52,Kebo,98715,13,-,94.03.08,Kab.,Paniai,Papua Tengah,1
53,Kembru,98972,7,-,94.05.13,Kab.,Puncak,Papua Tengah,1
54,Kiyage,98943,8,-,94.02.26,Kab.,Puncak Jaya,Papua Tengah,1
55,Kuala Kencana,99969,10,-,94.04.09,Kab.,Mimika,Papua Tengah,1
56,Kwamki Narama,99951,10,-,94.04.13,Kab.,Mimika,Papua Tengah,1
57,Lambewi,98973,7,-,94.05.21,Kab.,Puncak,Papua Tengah,1
58,Lumo,98944,9,-,94.02.15,Kab.,Puncak Jaya,Papua Tengah,1
59,Mabugi,98967,8,-,94.05.19,Kab.,Puncak,Papua Tengah,1
60,Mage&#039;abume,98974,11,-,94.05.16,Kab.,Puncak,Papua Tengah,1
61,Makimi,98863,6,-,94.01.07,Kab.,Nabire,Papua Tengah,1
62,Mapia,98871,7,-,94.06.02,Kab.,Dogiyai,Papua Tengah,1
63,Mapia Barat,98872,4,-,94.06.06,Kab.,Dogiyai,Papua Tengah,1
64,Mapia Tengah,98873,10,-,94.06.09,Kab.,Dogiyai,Papua Tengah,1
65,Menou,98855,4,-,94.01.15,Kab.,Nabire,Papua Tengah,1
66,Mewoluk,98945,8,-,94.02.04,Kab.,Puncak Jaya,Papua Tengah,1
67,Mimika Barat,99975,7,-,94.04.04,Kab.,Mimika,Papua Tengah,1
68,Mimika Barat Jauh,99974,5,-,94.04.11,Kab.,Mimika,Papua Tengah,1
69,Mimika Barat Tengah,99976,9,-,94.04.12,Kab.,Mimika,Papua Tengah,1
70,Mimika Baru,99952,14,-,94.04.01,Kab.,Mimika,Papua Tengah,1
71,Mimika Tengah,99972,5,-,94.04.08,Kab.,Mimika,Papua Tengah,1
72,Mimika Timur,99962,6,-,94.04.03,Kab.,Mimika,Papua Tengah,1
73,Mimika Timur Jauh,99971,5,6,94.04.07,Kab.,Mimika,Papua Tengah,1
74,Molanikime,98946,5,-,94.02.16,Kab.,Puncak Jaya,Papua Tengah,1
75,Moora,98864,5,-,94.01.13,Kab.,Nabire,Papua Tengah,1
76,Muara,98914,8,-,94.02.12,Kab.,Puncak Jaya,Papua Tengah,1
77,Mulia,98915,11,-,94.02.01,Kab.,Puncak Jaya,Papua Tengah,1
78,Muye,98721,10,-,94.03.14,Kab.,Paniai,Papua Tengah,1
79,Nabire,98811 - 98822,12,-,94.01.01,Kab.,Nabire,Papua Tengah,1
80,Nabire Barat,98856,5,8,94.01.12,Kab.,Nabire,Papua Tengah,1
81,Nakama,98722,7,-,94.03.15,Kab.,Paniai,Papua Tengah,1
82,Napan,98862,3,13,94.01.02,Kab.,Nabire,Papua Tengah,1
83,Nioga,98932,11,-,94.02.22,Kab.,Puncak Jaya,Papua Tengah,1
84,Nume,98933,13,-,94.02.06,Kab.,Puncak Jaya,Papua Tengah,1
85,Ogamanim,98954,7,-,94.05.12,Kab.,Puncak,Papua Tengah,1
86,Omukia,98968,14,-,94.05.20,Kab.,Puncak,Papua Tengah,1
87,Oneri,98975,6,-,94.05.22,Kab.,Puncak,Papua Tengah,1
88,Pagaleme,98916,5,-,94.02.09,Kab.,Puncak Jaya,Papua Tengah,1
89,Paniai Barat,98723,13,-,94.03.02,Kab.,Paniai,Papua Tengah,1
90,Paniai Timur,98711 - 98714,26,-,94.03.01,Kab.,Paniai,Papua Tengah,1
91,Piyaiye,98874,8,-,94.06.03,Kab.,Dogiyai,Papua Tengah,1
92,Pogoma,98976,9,-,94.05.05,Kab.,Puncak,Papua Tengah,1
93,Pugo Dagi,98719,9,-,94.03.13,Kab.,Paniai,Papua Tengah,1
94,Sinak,98977,11,-,94.05.06,Kab.,Puncak,Papua Tengah,1
95,Sinak Barat,98978,7,-,94.05.15,Kab.,Puncak,Papua Tengah,1
96,Siriwo,98841,6,-,94.01.06,Kab.,Nabire,Papua Tengah,1
97,Siriwo,98724,14,-,94.03.07,Kab.,Paniai,Papua Tengah,1
98,Sugapa,98793,17,-,94.07.01,Kab.,Intan Jaya,Papua Tengah,1
99,Sukikai Selatan,98875,4,-,94.06.05,Kab.,Dogiyai,Papua Tengah,1
100,Taganombak,98934,10,-,94.02.24,Kab.,Puncak Jaya,Papua Tengah,1
101,Teluk Deya,98727,6,-,94.03.16,Kab.,Paniai,Papua Tengah,1
102,Teluk Kimi,98831 - 98835,5,-,94.01.09,Kab.,Nabire,Papua Tengah,1
103,Teluk Umar,98851,4,-,94.01.08,Kab.,Nabire,Papua Tengah,1
104,Tembagapura,99967,14,-,94.04.10,Kab.,Mimika,Papua Tengah,1
105,Tigi,98764,20,-,94.08.01,Kab.,Deiyai,Papua Tengah,1
106,Tigi Barat,98761,22,-,94.08.04,Kab.,Deiyai,Papua Tengah,1
107,Tigi Timur,98771,14,-,94.08.02,Kab.,Deiyai,Papua Tengah,1
108,Tingginambut,98922,22,-,94.02.08,Kab.,Puncak Jaya,Papua Tengah,1
109,Tomosiga,98783,9,-,94.07.08,Kab.,Intan Jaya,Papua Tengah,1
110,Topiyai,98734,10,-,94.03.23,Kab.,Paniai,Papua Tengah,1
111,Torere,98926,13,-,94.02.07,Kab.,Puncak Jaya,Papua Tengah,1
112,Ugimba,98794,6,-,94.07.07,Kab.,Intan Jaya,Papua Tengah,1
113,Uwapa,98842,6,-,94.01.04,Kab.,Nabire,Papua Tengah,1
114,Waegi,98936,19,-,94.02.21,Kab.,Puncak Jaya,Papua Tengah,1
115,Wandai,98785,9,-,94.07.03,Kab.,Intan Jaya,Papua Tengah,1
116,Wangbe,98955,11,-,94.05.02,Kab.,Puncak,Papua Tengah,1
117,Wanggar,98854,3,-,94.01.05,Kab.,Nabire,Papua Tengah,1
118,Wania,99963,7,-,94.04.16,Kab.,Mimika,Papua Tengah,1
119,Wanwi,98923,17,-,94.02.19,Kab.,Puncak Jaya,Papua Tengah,1
120,Wapoga,98861,5,1,94.01.11,Kab.,Nabire,Papua Tengah,1
121,Wegee Bino,98716,9,-,94.03.12,Kab.,Paniai,Papua Tengah,1
122,Wegee Muka,98717,11,-,94.03.11,Kab.,Paniai,Papua Tengah,1
123,Yagai,98718,10,-,94.03.17,Kab.,Paniai,Papua Tengah,1
124,Yambi,98917,9,-,94.02.14,Kab.,Puncak Jaya,Papua Tengah,1
125,Yamo,98925,14,-,94.02.05,Kab.,Puncak Jaya,Papua Tengah,1
126,Yamoneri,98937,16,-,94.02.20,Kab.,Puncak Jaya,Papua Tengah,1
127,Yaro,98853,8,-,94.01.10,Kab.,Nabire,Papua Tengah,1
128,Yatamo,98726,5,-,94.03.09,Kab.,Paniai,Papua Tengah,1
129,Yaur,98852,4,18,94.01.03,Kab.,Nabire,Papua Tengah,1
130,Youtadi,98737,6,-,94.03.18,Kab.,Paniai,Papua Tengah,1
131,Yugumuak,98979,10,-,94.05.17,Kab.,Puncak,Papua Tengah,1
1,Allu (Alu),91325,8,-,76.04.15,Kab.,Polewali Mandar,Sulawesi Barat,1
2,Anreapi,91315,5,-,76.04.13,Kab.,Polewali Mandar,Sulawesi Barat,1
3,Aralle,91373,12,-,76.03.02,Kab.,Mamasa,Sulawesi Barat,1
4,Balanipa,91354,11,-,76.04.12,Kab.,Polewali Mandar,Sulawesi Barat,1
5,Balla,91366,8,-,76.03.12,Kab.,Mamasa,Sulawesi Barat,1
6,Bambaira,91574,4,-,76.01.10,Kab.,Pasangkayu (Mamuju Utara),Sulawesi Barat,1
7,Bambalamotu,91575,6,-,76.01.01,Kab.,Pasangkayu (Mamuju Utara),Sulawesi Barat,1
8,Bambang,91371,20,-,76.03.11,Kab.,Mamasa,Sulawesi Barat,1
9,Banggae,91411 - 91415,8,-,76.05.01,Kab.,Majene,Sulawesi Barat,1
10,Banggae Timur,91411 - 91414,9,-,76.05.08,Kab.,Majene,Sulawesi Barat,1
11,Baras,91572,6,-,76.01.03,Kab.,Pasangkayu (Mamuju Utara),Sulawesi Barat,1
12,Binuang,91311 - 91351,10,8,76.04.06,Kab.,Polewali Mandar,Sulawesi Barat,1
13,Bonehau,91562,9,-,76.02.15,Kab.,Mamuju,Sulawesi Barat,1
14,Budong-Budong,91461,11,-,76.06.03,Kab.,Mamuju Tengah,Sulawesi Barat,1
15,Bulo,91353,9,-,76.04.16,Kab.,Polewali Mandar,Sulawesi Barat,1
16,Bulu Taba,91578,7,-,76.01.07,Kab.,Pasangkayu (Mamuju Utara),Sulawesi Barat,1
17,Buntumalangka,91374,11,-,76.03.16,Kab.,Mamasa,Sulawesi Barat,1
18,Campalagian,91357,18,-,76.04.02,Kab.,Polewali Mandar,Sulawesi Barat,1
19,Dapurang,91581,5,-,76.01.05,Kab.,Pasangkayu (Mamuju Utara),Sulawesi Barat,1
20,Duripoku,91573,4,-,76.01.06,Kab.,Pasangkayu (Mamuju Utara),Sulawesi Barat,1
21,Kalukku,91561,14,4,76.02.03,Kab.,Mamuju,Sulawesi Barat,1
22,Kalumpang,91560,13,-,76.02.04,Kab.,Mamuju,Sulawesi Barat,1
23,Karossa,91460,11,-,76.06.05,Kab.,Mamuju Tengah,Sulawesi Barat,1
24,Kep. Bala Balakang,91512,2,-,76.02.16,Kab.,Mamuju,Sulawesi Barat,1
25,Lariang,91577,7,-,76.01.12,Kab.,Pasangkayu (Mamuju Utara),Sulawesi Barat,1
26,Limboro,91321,11,-,76.04.11,Kab.,Polewali Mandar,Sulawesi Barat,1
27,Luyo,91358,11,-,76.04.10,Kab.,Polewali Mandar,Sulawesi Barat,1
28,Malunda,91453,12,-,76.05.04,Kab.,Majene,Sulawesi Barat,1
29,Mamasa,91362,12,-,76.03.03,Kab.,Mamasa,Sulawesi Barat,1
30,Mambi,91370,13,-,76.03.01,Kab.,Mamasa,Sulawesi Barat,1
31,Mamuju,91511 - 91515,8,1,76.02.01,Kab.,Mamuju,Sulawesi Barat,1
32,Mapilli,91359,12,-,76.04.08,Kab.,Polewali Mandar,Sulawesi Barat,1
33,Matakali,91352,7,-,76.04.14,Kab.,Polewali Mandar,Sulawesi Barat,1
34,Matangnga,91350,7,-,76.04.09,Kab.,Polewali Mandar,Sulawesi Barat,1
35,Mehalaan,91375,11,-,76.03.17,Kab.,Mamasa,Sulawesi Barat,1
36,Messawa,91361,9,-,76.03.07,Kab.,Mamasa,Sulawesi Barat,1
37,Nosu,91363,7,-,76.03.13,Kab.,Mamasa,Sulawesi Barat,1
38,Pamboang,91451,15,-,76.05.02,Kab.,Majene,Sulawesi Barat,1
39,Pana,91369,13,-,76.03.04,Kab.,Mamasa,Sulawesi Barat,1
40,Pangale,91462,9,-,76.06.02,Kab.,Mamuju Tengah,Sulawesi Barat,1
41,Papalang,91565,9,-,76.02.07,Kab.,Mamuju,Sulawesi Barat,1
42,Pasangkayu,91571,6,-,76.01.02,Kab.,Pasangkayu (Mamuju Utara),Sulawesi Barat,1
43,Pedongga,91570,4,-,76.01.09,Kab.,Pasangkayu (Mamuju Utara),Sulawesi Barat,1
44,Polewali,91311 - 91315,9,-,76.04.04,Kab.,Polewali Mandar,Sulawesi Barat,1
45,Rantebulahan Timur,91376,8,-,76.03.15,Kab.,Mamasa,Sulawesi Barat,1
46,Sampaga,91563,7,-,76.02.08,Kab.,Mamuju,Sulawesi Barat,1
47,Sarjo,91591,4,-,76.01.11,Kab.,Pasangkayu (Mamuju Utara),Sulawesi Barat,1
48,Sarudu,91576,5,-,76.01.04,Kab.,Pasangkayu (Mamuju Utara),Sulawesi Barat,1
49,Sendana,91452,16,-,76.05.03,Kab.,Majene,Sulawesi Barat,1
50,Sesenapadang,91365,10,-,76.03.08,Kab.,Mamasa,Sulawesi Barat,1
51,Simboro (Simboro dan Kepulauan),91512 - 91513,8,21,76.02.12,Kab.,Mamuju,Sulawesi Barat,1
52,Sumarorong,91360,10,-,76.03.06,Kab.,Mamasa,Sulawesi Barat,1
53,Tabang,91364,7,-,76.03.10,Kab.,Mamasa,Sulawesi Barat,1
54,Tabulahan,91372,14,-,76.03.05,Kab.,Mamasa,Sulawesi Barat,1
55,Tammerodo Sendana (Tammeredo Sendana),91450,7,-,76.05.06,Kab.,Majene,Sulawesi Barat,1
56,Tanduk Kalua,91367,12,-,76.03.09,Kab.,Mamasa,Sulawesi Barat,1
57,Tapalang,91551,10,-,76.02.02,Kab.,Mamuju,Sulawesi Barat,1
58,Tapalang Barat,91552,7,-,76.02.13,Kab.,Mamuju,Sulawesi Barat,1
59,Tapango,91341,14,-,76.04.07,Kab.,Polewali Mandar,Sulawesi Barat,1
60,Tawalian,91368,4,-,76.03.14,Kab.,Mamasa,Sulawesi Barat,1
61,Tikke Raya,91579,5,-,76.01.08,Kab.,Pasangkayu (Mamuju Utara),Sulawesi Barat,1
62,Tinambung,91356,8,-,76.04.01,Kab.,Polewali Mandar,Sulawesi Barat,1
63,Tobadak,91463,8,-,76.06.01,Kab.,Mamuju Tengah,Sulawesi Barat,1
64,Tommo,91564,14,-,76.02.11,Kab.,Mamuju,Sulawesi Barat,1
65,Topoyo,91464,15,-,76.06.04,Kab.,Mamuju Tengah,Sulawesi Barat,1
66,Tubo Sendana,91455,7,-,76.05.07,Kab.,Majene,Sulawesi Barat,1
67,"Tutar (Tubbi Taramanu, Tutallu)",91355,13,-,76.04.05,Kab.,Polewali Mandar,Sulawesi Barat,1
68,Ulumanda (Ulumunda),91454,8,-,76.05.05,Kab.,Majene,Sulawesi Barat,1
69,Wonomulyo,91342,14,-,76.04.03,Kab.,Polewali Mandar,Sulawesi Barat,1
1,Bagan Sinembah Raya,28992,10,-,14.07.17,Kab.,Rokan Hilir,Riau,1
2,Bagansinembah (Bagan Sinembah),28992,13,-,14.07.05,Kab.,Rokan Hilir,Riau,1
3,Balai Jaya,28992,11,-,14.07.18,Kab.,Rokan Hilir,Riau,1
4,Bandar Laksamana,28762,7,-,14.03.14,Kab.,Bengkalis,Riau,1
5,Bandar Petalangan,28384,11,-,14.05.12,Kab.,Pelalawan,Riau,1
6,Bandar Sei Kijang,28383,5,-,14.05.11,Kab.,Pelalawan,Riau,1
7,Bangkinang,28463,9,-,14.01.15,Kab.,Kampar,Riau,1
8,Bangkinang Kota,28411 - 28412,4,-,14.01.01,Kab.,Kampar,Riau,1
9,Bangko,28911 - 28914,15,2,14.07.02,Kab.,Rokan Hilir,Riau,1
10,Bangko Pusako / Pusaka,28993,16,-,14.07.10,Kab.,Rokan Hilir,Riau,1
11,Bangun Purba,28557,7,-,14.06.10,Kab.,Rokan Hulu,Riau,1
12,Bantan,28763,23,-,14.03.02,Kab.,Bengkalis,Riau,1
13,Batang Cenaku,29355,20,-,14.02.07,Kab.,Indragiri Hulu,Riau,1
14,Batang Gangsal (Batang Gansal),29356,10,-,14.02.08,Kab.,Indragiri Hulu,Riau,1
15,Batang Peranap,29354,10,-,14.02.14,Kab.,Indragiri Hulu,Riau,1
16,Batang Tuaka,29252,13,-,14.04.11,Kab.,Indragiri Hilir,Riau,1
17,Bathin Solapan,28785,13,-,14.03.16,Kab.,Bengkalis,Riau,1
18,Batu Hampar,28912,5,-,14.07.12,Kab.,Rokan Hilir,Riau,1
19,Benai,29566,16,-,14.09.06,Kab.,Kuantan Singingi,Riau,1
20,Bengkalis,28711 - 28741,31,-,14.03.01,Kab.,Bengkalis,Riau,1
21,Binawidya,28290 - 28299,5,-,14.71.08,Kota,Pekanbaru,Riau,1
22,Bonai Darussalam,28559,7,-,14.06.13,Kab.,Rokan Hulu,Riau,1
23,Bukit Batu,28761,10,-,14.03.03,Kab.,Bengkalis,Riau,1
24,Bukit Kapur,28882,7,-,14.72.03,Kota,Dumai,Riau,1
25,Bukit Raya,28281 - 28289,5,-,14.71.07,Kota,Pekanbaru,Riau,1
26,Bunga Raya,28764,10,-,14.08.08,Kab.,Siak,Riau,1
27,Bunut,28386,10,-,14.05.08,Kab.,Pelalawan,Riau,1
28,Cerenti,29555,13,-,14.09.05,Kab.,Kuantan Singingi,Riau,1
29,Concong,29281,6,-,14.04.18,Kab.,Indragiri Hilir,Riau,1
30,Dayun,28671,11,-,14.08.06,Kab.,Siak,Riau,1
31,Dumai Barat,28821 - 28824,4,-,14.72.01,Kota,Dumai,Riau,1
32,Dumai Kota,28811 - 28822,5,-,14.72.06,Kota,Dumai,Riau,1
33,Dumai Selatan,28813 - 28826,5,-,14.72.07,Kota,Dumai,Riau,1
34,Dumai Timur,28811 - 28816,5,-,14.72.02,Kota,Dumai,Riau,1
35,Enok,29272,14,-,14.04.02,Kab.,Indragiri Hilir,Riau,1
36,Gaung,29282,16,-,14.04.12,Kab.,Indragiri Hilir,Riau,1
37,Gaung Anak Serka,29253,12,-,14.04.06,Kab.,Indragiri Hilir,Riau,1
38,Gunung Sahilan,28471,9,-,14.01.20,Kab.,Kampar,Riau,1
39,Gunungtoar (Gunung Toar),29565,14,-,14.09.07,Kab.,Kuantan Singingi,Riau,1
40,Hulu Kuantan,29568,12,-,14.09.12,Kab.,Kuantan Singingi,Riau,1
41,Inuman,29569,14,-,14.09.11,Kab.,Kuantan Singingi,Riau,1
42,Kabun,28554,6,-,14.06.12,Kab.,Rokan Hulu,Riau,1
43,Kampa (Kampar Timur),28460,9,-,14.01.17,Kab.,Kampar,Riau,1
44,Kampar,28461,18,-,14.01.02,Kab.,Kampar,Riau,1
45,Kampar Kiri,28472,20,-,14.01.07,Kab.,Kampar,Riau,1
46,Kampar Kiri Hilir,28473,8,-,14.01.08,Kab.,Kampar,Riau,1
47,Kampar Kiri Hulu,28474,24,-,14.01.09,Kab.,Kampar,Riau,1
48,Kampar Kiri Tengah,28475,11,-,14.01.19,Kab.,Kampar,Riau,1
49,Kampar Utara,28469,8,-,14.01.18,Kab.,Kampar,Riau,1
50,Kandis,28686,11,-,14.08.10,Kab.,Siak,Riau,1
51,Kateman,29255,11,1,14.04.08,Kab.,Indragiri Hilir,Riau,1
52,Kelayang,29352,17,-,14.02.03,Kab.,Indragiri Hulu,Riau,1
53,Kempas,29261,12,-,14.04.19,Kab.,Indragiri Hilir,Riau,1
54,Kemuning,29274,12,-,14.04.14,Kab.,Indragiri Hilir,Riau,1
55,Kepenuhan,28563,10,-,14.06.05,Kab.,Rokan Hulu,Riau,1
56,Kepenuhan Hulu,28564,5,-,14.06.15,Kab.,Rokan Hulu,Riau,1
57,Kerinci Kanan,28654,12,-,14.08.07,Kab.,Siak,Riau,1
58,Keritang,29275,17,-,14.04.09,Kab.,Indragiri Hilir,Riau,1
59,Kerumutan,28352,10,-,14.05.07,Kab.,Pelalawan,Riau,1
60,Koto Gasib,28672,11,-,14.08.09,Kab.,Siak,Riau,1
61,Koto Kampar Hulu,28453,6,-,14.01.21,Kab.,Kampar,Riau,1
62,Kuala Cenaku,29335,10,-,14.02.10,Kab.,Indragiri Hulu,Riau,1
63,Kuala Indragiri,29280,8,2,14.04.03,Kab.,Indragiri Hilir,Riau,1
64,Kuala Kampar,28385,10,9,14.05.10,Kab.,Pelalawan,Riau,1
65,Kuantan Hilir,29561,16,-,14.09.04,Kab.,Kuantan Singingi,Riau,1
66,Kuantan Hilir Seberang,29562,14,-,14.09.13,Kab.,Kuantan Singingi,Riau,1
67,Kuantan Mudik,29564,24,-,14.09.01,Kab.,Kuantan Singingi,Riau,1
68,Kuantan Tengah,29511 - 29516,23,-,14.09.02,Kab.,Kuantan Singingi,Riau,1
69,Kubu,28991,10,-,14.07.01,Kab.,Rokan Hilir,Riau,1
70,Kubu Babussalam,28990,12,-,14.07.15,Kab.,Rokan Hilir,Riau,1
71,Kulim,28286 - 28289,5,-,14.71.14,Kota,Pekanbaru,Riau,1
72,Kunto Darussalam,28556,10,-,14.06.06,Kab.,Rokan Hulu,Riau,1
73,Kuok,28467,9,-,14.01.05,Kab.,Kampar,Riau,1
74,Langgam,28380,8,-,14.05.05,Kab.,Pelalawan,Riau,1
75,Lima Puluh,28141 - 28144,4,-,14.71.04,Kota,Pekanbaru,Riau,1
76,Lirik,29353,17,-,14.02.09,Kab.,Indragiri Hulu,Riau,1
77,Logas Tanah Darat,29556,15,-,14.09.10,Kab.,Kuantan Singingi,Riau,1
78,Lubuk Batu Jaya,29350,9,-,14.02.12,Kab.,Indragiri Hulu,Riau,1
79,Lubuk Dalam,28655,7,-,14.08.11,Kab.,Siak,Riau,1
80,Mandah,29254,17,6,14.04.07,Kab.,Indragiri Hilir,Riau,1
81,Mandau,28783,11,-,14.03.09,Kab.,Bengkalis,Riau,1
82,Marpoyan Damai,28125 - 28282,6,-,14.71.09,Kota,Pekanbaru,Riau,1
83,Medang Kampai,28825,4,-,14.72.05,Kota,Dumai,Riau,1
84,Mempura,28773,8,-,14.08.13,Kab.,Siak,Riau,1
85,Merbau,28752,10,3,14.10.05,Kab.,Kepulauan Meranti,Riau,1
86,Minas,28685,5,-,14.08.03,Kab.,Siak,Riau,1
87,Pagaran Tapah Darussalam,28550,3,-,14.06.14,Kab.,Rokan Hulu,Riau,1
88,Pangean,29553,17,-,14.09.09,Kab.,Kuantan Singingi,Riau,1
89,Pangkalan Kerinci,28381,7,2,14.05.02,Kab.,Pelalawan,Riau,1
90,Pangkalan Kuras,28382,17,-,14.05.03,Kab.,Pelalawan,Riau,1
91,Pangkalan Lesung,28387,10,-,14.05.04,Kab.,Pelalawan,Riau,1
92,Pasir Limau Kapas,28995,8,13,14.07.06,Kab.,Rokan Hilir,Riau,1
93,Pasir Penyu,29358,13,-,14.02.04,Kab.,Indragiri Hulu,Riau,1
94,Payung Sekaki,28292,6,-,14.71.11,Kota,Pekanbaru,Riau,1
95,Pekaitan,28913,10,-,14.07.14,Kab.,Rokan Hilir,Riau,1
96,Pekanbaru Kota,28111 - 28116,6,-,14.71.02,Kota,Pekanbaru,Riau,1
97,Pelalawan,28353,9,9,14.05.06,Kab.,Pelalawan,Riau,1
98,Pelangiran,29257,16,-,14.04.15,Kab.,Indragiri Hilir,Riau,1
99,Pendalian IV Koto,28555,5,-,14.06.16,Kab.,Rokan Hulu,Riau,1
100,Peranap,29357,12,-,14.02.05,Kab.,Indragiri Hulu,Riau,1
101,Perhentian Raja,28462,5,-,14.01.16,Kab.,Kampar,Riau,1
102,Pinggir,28784,10,-,14.03.13,Kab.,Bengkalis,Riau,1
103,Pucuk Rantau,29557,10,-,14.09.15,Kab.,Kuantan Singingi,Riau,1
104,Pujud,28983,11,-,14.07.08,Kab.,Rokan Hilir,Riau,1
105,Pulau Burung,29256,14,1,14.04.17,Kab.,Indragiri Hilir,Riau,1
106,Pulaumerbau,28750,11,-,14.10.06,Kab.,Kepulauan Meranti,Riau,1
107,Pusako,28765,7,-,14.08.14,Kab.,Siak,Riau,1
108,Rakit Kulim,29359,19,-,14.02.13,Kab.,Indragiri Hulu,Riau,1
109,Rambah,28560,14,-,14.06.03,Kab.,Rokan Hulu,Riau,1
110,Rambah Hilir,28561,13,-,14.06.08,Kab.,Rokan Hulu,Riau,1
111,Rambah Samo,28565,14,-,14.06.07,Kab.,Rokan Hulu,Riau,1
112,Rangsang,28755,14,5,14.10.03,Kab.,Kepulauan Meranti,Riau,1
113,Rangsang Barat,28756,12,-,14.10.02,Kab.,Kepulauan Meranti,Riau,1
114,Rangsang Pesisir,28757,11,-,14.10.09,Kab.,Kepulauan Meranti,Riau,1
115,Rantau Kopar,28984,4,-,14.07.13,Kab.,Rokan Hilir,Riau,1
116,Rengat,29311 - 29319,16,-,14.02.01,Kab.,Indragiri Hulu,Riau,1
117,Rengat Barat,29345 - 29351,18,-,14.02.02,Kab.,Indragiri Hulu,Riau,1
118,Reteh,29273,14,2,14.04.01,Kab.,Indragiri Hilir,Riau,1
119,Rimba Melintang,28953,12,-,14.07.04,Kab.,Rokan Hilir,Riau,1
120,Rokan IV Koto,28551,14,-,14.06.02,Kab.,Rokan Hulu,Riau,1
121,Rumbai (Rumbai Pesisir),28261 - 28287,6,-,14.71.12,Kota,Pekanbaru,Riau,1
122,Rumbai Barat,28261 - 28267,6,-,14.71.06,Kota,Pekanbaru,Riau,1
123,Rumbai Timur,28261 - 28287,5,-,14.71.15,Kota,Pekanbaru,Riau,1
124,Rumbio Jaya,28458,7,-,14.01.14,Kab.,Kampar,Riau,1
125,Rupat,28781,16,7,14.03.10,Kab.,Bengkalis,Riau,1
126,Rupat Utara,28782,8,7,14.03.11,Kab.,Bengkalis,Riau,1
127,Sabak Auh,28684,8,-,14.08.12,Kab.,Siak,Riau,1
128,Sail,28131 - 28133,3,-,14.71.03,Kota,Pekanbaru,Riau,1
129,Salo,28451,6,-,14.01.13,Kab.,Kampar,Riau,1
130,Senapelan,28151 - 28156,6,-,14.71.05,Kota,Pekanbaru,Riau,1
131,Sentajo Raya,29567,15,-,14.09.14,Kab.,Kuantan Singingi,Riau,1
132,Siak,28673,8,-,14.08.01,Kab.,Siak,Riau,1
133,Siak Hulu,28452,12,-,14.01.06,Kab.,Kampar,Riau,1
134,Siak Kecil,28771,17,-,14.03.12,Kab.,Bengkalis,Riau,1
135,Siberida (Seberida),29371,11,-,14.02.06,Kab.,Indragiri Hulu,Riau,1
136,Simpang Kanan,28994,6,-,14.07.11,Kab.,Rokan Hilir,Riau,1
137,Sinaboi (Senaboi),28914,6,1,14.07.07,Kab.,Rokan Hilir,Riau,1
138,Singingi,29563,14,-,14.09.03,Kab.,Kuantan Singingi,Riau,1
139,Singingi Hilir,29560,12,-,14.09.08,Kab.,Kuantan Singingi,Riau,1
140,Sukajadi,28121 - 28128,7,-,14.71.01,Kota,Pekanbaru,Riau,1
141,Sungai Apit,28662,15,-,14.08.02,Kab.,Siak,Riau,1
142,Sungai Batang,29270,8,1,14.04.20,Kab.,Indragiri Hilir,Riau,1
143,Sungai Lala,29363,12,-,14.02.11,Kab.,Indragiri Hulu,Riau,1
144,Sungai Mandau,28674,9,-,14.08.05,Kab.,Siak,Riau,1
145,Sungai Sembilan,28826,6,-,14.72.04,Kota,Dumai,Riau,1
146,Talang Muandau,28786,9,-,14.03.15,Kab.,Bengkalis,Riau,1
147,Tambang,28468,17,-,14.01.03,Kab.,Kampar,Riau,1
148,Tambusai,28558,12,-,14.06.04,Kab.,Rokan Hulu,Riau,1
149,Tambusai Utara,28562,11,-,14.06.09,Kab.,Rokan Hulu,Riau,1
150,Tanah Merah,29271,10,-,14.04.10,Kab.,Indragiri Hilir,Riau,1
151,Tanah Putih,28985,17,-,14.07.03,Kab.,Rokan Hilir,Riau,1
152,Tanah Putih Tanjung Melawan,28986,6,-,14.07.09,Kab.,Rokan Hilir,Riau,1
153,Tandun,28552,9,-,14.06.11,Kab.,Rokan Hulu,Riau,1
154,Tanjung Medan,28983,12,-,14.07.16,Kab.,Rokan Hilir,Riau,1
155,Tapung,28464,25,-,14.01.10,Kab.,Kampar,Riau,1
156,Tapung Hilir,28465,16,-,14.01.11,Kab.,Kampar,Riau,1
157,Tapung Hulu,28466,14,-,14.01.12,Kab.,Kampar,Riau,1
158,Tasik Putri Puyu,28751,10,-,14.10.08,Kab.,Kepulauan Meranti,Riau,1
159,Tebing Tinggi,28753,9,1,14.10.01,Kab.,Kepulauan Meranti,Riau,1
160,Tebing Tinggi Barat,28758,14,-,14.10.04,Kab.,Kepulauan Meranti,Riau,1
161,Tebing Tinggi Timur,28754,10,-,14.10.07,Kab.,Kepulauan Meranti,Riau,1
162,Teluk Belengkong,29258,13,-,14.04.16,Kab.,Indragiri Hilir,Riau,1
163,Teluk Meranti,28354,9,8,14.05.09,Kab.,Pelalawan,Riau,1
164,Tembilahan,29211 - 29214,8,-,14.04.04,Kab.,Indragiri Hilir,Riau,1
165,Tembilahan Hulu,29213,6,-,14.04.13,Kab.,Indragiri Hilir,Riau,1
166,Tempuling,29262,9,-,14.04.05,Kab.,Indragiri Hilir,Riau,1
167,Tenayan Raya,28281 - 28289,8,-,14.71.10,Kota,Pekanbaru,Riau,1
168,Tuahmadani,28291 - 28299,5,-,14.71.13,Kota,Pekanbaru,Riau,1
169,Tualang,28772,9,-,14.08.04,Kab.,Siak,Riau,1
170,Ujung Batu,28553,5,-,14.06.01,Kab.,Rokan Hulu,Riau,1
171,Ukui,28388,12,-,14.05.01,Kab.,Pelalawan,Riau,1
172,XIII Koto Kampar,28454,13,-,14.01.04,Kab.,Kampar,Riau,1
1,Ajangale,92755,14,-,73.08.18,Kab.,Bone,Sulawesi Selatan,1
2,Alla,91754,8,-,73.16.05,Kab.,Enrekang,Sulawesi Selatan,1
3,Amali,92756,15,-,73.08.24,Kab.,Bone,Sulawesi Selatan,1
4,Anggeraja,91752,15,-,73.16.04,Kab.,Enrekang,Sulawesi Selatan,1
5,Angkona,92985,10,-,73.24.05,Kab.,Luwu Timur,Sulawesi Selatan,1
6,Arungkeke,92361,7,-,73.04.09,Kab.,Jeneponto,Sulawesi Selatan,1
7,Awan Rante Karua,91854,4,-,73.26.21,Kab.,Toraja Utara,Sulawesi Selatan,1
8,Awangpone,92776,18,-,73.08.16,Kab.,Bone,Sulawesi Selatan,1
9,Bacukiki,91121 - 91125,4,-,73.72.01,Kota,Pare Pare,Sulawesi Selatan,1
10,Bacukiki Barat,91125 - 91126,6,-,73.72.04,Kota,Pare Pare,Sulawesi Selatan,1
11,Baebunta,92965,11,-,73.22.11,Kab.,Luwu Utara,Sulawesi Selatan,1
12,Baebunta Selatan,92965,10,-,73.22.14,Kab.,Luwu Utara,Sulawesi Selatan,1
13,Bajeng,92152,14,-,73.06.02,Kab.,Gowa,Sulawesi Selatan,1
14,Bajeng Barat,92151,7,-,73.06.18,Kab.,Gowa,Sulawesi Selatan,1
15,Bajo,91995,12,-,73.17.04,Kab.,Luwu,Sulawesi Selatan,1
16,Bajo Barat,91996,9,-,73.17.20,Kab.,Luwu,Sulawesi Selatan,1
17,Balocci,90661,5,-,73.10.05,Kab.,Pangkajene Kepulauan,Sulawesi Selatan,1
18,Balusu,90762,6,1,73.11.07,Kab.,Barru,Sulawesi Selatan,1
19,Balusu,91855,7,-,73.26.10,Kab.,Toraja Utara,Sulawesi Selatan,1
20,Bangkala,92352,14,-,73.04.01,Kab.,Jeneponto,Sulawesi Selatan,1
21,Bangkala Barat,92353,8,-,73.04.06,Kab.,Jeneponto,Sulawesi Selatan,1
22,Bangkelekila,91853,4,-,73.26.17,Kab.,Toraja Utara,Sulawesi Selatan,1
23,Bantaeng,92411 - 92415,9,-,73.03.02,Kab.,Bantaeng,Sulawesi Selatan,1
24,Bantimurung,90561,8,-,73.09.03,Kab.,Maros,Sulawesi Selatan,1
25,Bara,91914,5,1,73.73.09,Kota,Palopo,Sulawesi Selatan,1
26,Baraka,91753,15,-,73.16.03,Kab.,Enrekang,Sulawesi Selatan,1
27,Baranti,91652 - 91653,9,-,73.14.04,Kab.,Sidenreng Rappang,Sulawesi Selatan,1
28,Barebbo,90225 - 92771,18,-,73.08.09,Kab.,Bone,Sulawesi Selatan,1
29,Baroko,91755,5,-,73.16.12,Kab.,Enrekang,Sulawesi Selatan,1
30,Barombong,90225,7,-,73.06.12,Kab.,Gowa,Sulawesi Selatan,1
31,Barru,90711 - 90712,10,1,73.11.03,Kab.,Barru,Sulawesi Selatan,1
32,Baruppu,91846,4,-,73.26.14,Kab.,Toraja Utara,Sulawesi Selatan,1
33,Basse Sangtempe (Bassesang Tempe / Bastem),91990,12,-,73.17.01,Kab.,Luwu,Sulawesi Selatan,1
34,Basse Sangtempe Utara,91992,12,-,73.17.22,Kab.,Luwu,Sulawesi Selatan,1
35,Batang,92360,6,-,73.04.04,Kab.,Jeneponto,Sulawesi Selatan,1
36,Batulappa (Batu Lappa),91253,5,-,73.15.12,Kab.,Pinrang,Sulawesi Selatan,1
37,Belawa,90913 - 90953,9,-,73.13.07,Kab.,Wajo,Sulawesi Selatan,1
38,Belopa,91983,9,-,73.17.07,Kab.,Luwu,Sulawesi Selatan,1
39,Belopa Utara,91984,8,-,73.17.14,Kab.,Luwu,Sulawesi Selatan,1
40,Bengo,92763,9,-,73.08.26,Kab.,Bone,Sulawesi Selatan,1
41,Benteng,92812,3,-,73.01.01,Kab.,Kepulauan Selayar,Sulawesi Selatan,1
42,Binamu,92311 - 92316,13,-,73.04.03,Kab.,Jeneponto,Sulawesi Selatan,1
43,Biringbulu,90244,11,-,73.06.11,Kab.,Gowa,Sulawesi Selatan,1
44,Biringkanaya (Biring Kanaya),90241 - 90243,11,1,73.71.11,Kota,Makassar,Sulawesi Selatan,1
45,Bissappu,92451,11,-,73.03.01,Kab.,Bantaeng,Sulawesi Selatan,1
46,Bittuang,91896,15,-,73.18.02,Kab.,Tana Toraja,Sulawesi Selatan,1
47,Bola,90984,11,-,73.13.11,Kab.,Wajo,Sulawesi Selatan,1
48,Bone Bone,92966,11,-,73.22.02,Kab.,Luwu Utara,Sulawesi Selatan,1
49,Bonggakaradeng,91872,6,-,73.18.03,Kab.,Tana Toraja,Sulawesi Selatan,1
50,Bonto Bahari,92571,8,4,73.02.03,Kab.,Bulukumba,Sulawesi Selatan,1
51,Bonto Tiro (Bontotiro),92572,13,1,73.02.04,Kab.,Bulukumba,Sulawesi Selatan,1
52,Bontoa (Maros Utara),90554,9,-,73.09.05,Kab.,Maros,Sulawesi Selatan,1
53,Bontoala,90151 - 90157,12,-,73.71.06,Kota,Makassar,Sulawesi Selatan,1
54,Bontocani,92767 - 92768,11,-,73.08.01,Kab.,Bone,Sulawesi Selatan,1
55,Bontoharu,92811,8,4,73.01.02,Kab.,Kepulauan Selayar,Sulawesi Selatan,1
56,Bontolempangang,92176,8,-,73.06.15,Kab.,Gowa,Sulawesi Selatan,1
57,Bontomanai,92851,10,-,73.01.04,Kab.,Kepulauan Selayar,Sulawesi Selatan,1
58,Bontomarannu,92171,9,-,73.06.06,Kab.,Gowa,Sulawesi Selatan,1
59,Bontomatene,92854,12,5,73.01.03,Kab.,Kepulauan Selayar,Sulawesi Selatan,1
60,Bontonompo,92153,14,-,73.06.01,Kab.,Gowa,Sulawesi Selatan,1
61,Bontonompo Selatan,92154,9,-,73.06.16,Kab.,Gowa,Sulawesi Selatan,1
62,Bontoramba,92351,12,-,73.04.07,Kab.,Jeneponto,Sulawesi Selatan,1
63,Bontosikuyu,92855,12,21,73.01.05,Kab.,Kepulauan Selayar,Sulawesi Selatan,1
64,Bua,91991,15,-,73.17.08,Kab.,Luwu,Sulawesi Selatan,1
65,Bua Ponrang (Bupon),91993,10,-,73.17.05,Kab.,Luwu,Sulawesi Selatan,1
66,Buki,92851 - 92854,7,-,73.01.11,Kab.,Kepulauan Selayar,Sulawesi Selatan,1
67,Bulukumpa (Bulukumba),92552,17,-,73.02.07,Kab.,Bulukumba,Sulawesi Selatan,1
68,Bulupoddo,92654,7,-,73.07.06,Kab.,Sinjai,Sulawesi Selatan,1
69,Bungaya,92177,7,-,73.06.09,Kab.,Gowa,Sulawesi Selatan,1
70,Bungin,91761,6,-,73.16.06,Kab.,Enrekang,Sulawesi Selatan,1
71,Bungoro,90651,8,-,73.10.06,Kab.,Pangkajene Kepulauan,Sulawesi Selatan,1
72,Buntao,91841,6,-,73.26.05,Kab.,Toraja Utara,Sulawesi Selatan,1
73,Buntu Batu,91750,8,-,73.16.10,Kab.,Enrekang,Sulawesi Selatan,1
74,Buntu Pepasan,91847,13,-,73.26.13,Kab.,Toraja Utara,Sulawesi Selatan,1
75,Burau,92975,18,-,73.24.07,Kab.,Luwu Timur,Sulawesi Selatan,1
76,Camba,90562,8,-,73.09.02,Kab.,Maros,Sulawesi Selatan,1
77,Cempa,91262,7,-,73.15.08,Kab.,Pinrang,Sulawesi Selatan,1
78,Cendana,91711,7,-,73.16.07,Kab.,Enrekang,Sulawesi Selatan,1
79,Cenrana,92754,16,-,73.08.20,Kab.,Bone,Sulawesi Selatan,1
80,Cenrana,90524,7,-,73.09.10,Kab.,Maros,Sulawesi Selatan,1
81,Cina,92772,12,-,73.08.10,Kab.,Bone,Sulawesi Selatan,1
82,Citta,90861,4,-,73.12.08,Kab.,Soppeng,Sulawesi Selatan,1
83,Curio,91756,11,-,73.16.08,Kab.,Enrekang,Sulawesi Selatan,1
84,Dende&#039; Piongan Napo,91822,8,-,73.26.12,Kab.,Toraja Utara,Sulawesi Selatan,1
85,Donri Donri,90853,9,-,73.12.06,Kab.,Soppeng,Sulawesi Selatan,1
86,Dua Boccoe,92753,22,-,73.08.19,Kab.,Bone,Sulawesi Selatan,1
87,Dua Pitue,91681,10,-,73.14.09,Kab.,Sidenreng Rappang,Sulawesi Selatan,1
88,Duampanua,91251,15,-,73.15.06,Kab.,Pinrang,Sulawesi Selatan,1
89,Enrekang,91711 - 91712,18,-,73.16.02,Kab.,Enrekang,Sulawesi Selatan,1
90,Eremerasa,92414 - 92415,9,-,73.03.03,Kab.,Bantaeng,Sulawesi Selatan,1
91,Galesong,92254 - 92255,17,1,73.05.09,Kab.,Takalar,Sulawesi Selatan,1
92,Galesong Selatan,92254,13,-,73.05.05,Kab.,Takalar,Sulawesi Selatan,1
93,Galesong Utara,92255,14,-,73.05.06,Kab.,Takalar,Sulawesi Selatan,1
94,Gandangbatu Sillanan (Gandang Batu Sillanan),91871,12,-,73.18.19,Kab.,Tana Toraja,Sulawesi Selatan,1
95,Ganra,90860,4,-,73.12.07,Kab.,Soppeng,Sulawesi Selatan,1
96,"Gantarang (Gantorang, Gangking)",92561,21,-,73.02.01,Kab.,Bulukumba,Sulawesi Selatan,1
97,Gantarang Keke (Gantareng Keke),92461,6,-,73.03.07,Kab.,Bantaeng,Sulawesi Selatan,1
98,Gilireng,90954,9,-,73.13.13,Kab.,Wajo,Sulawesi Selatan,1
99,Herlang (Hero Lange Lange),92573,8,-,73.02.05,Kab.,Bulukumba,Sulawesi Selatan,1
100,Kahu,92714 - 92767,20,-,73.08.02,Kab.,Bone,Sulawesi Selatan,1
101,Kajang,92574,19,-,73.02.06,Kab.,Bulukumba,Sulawesi Selatan,1
102,Kajuara,92777,18,-,73.08.03,Kab.,Bone,Sulawesi Selatan,1
103,Kalaena,92973,7,-,73.24.10,Kab.,Luwu Timur,Sulawesi Selatan,1
104,Kamanre,91994,8,-,73.17.13,Kab.,Luwu,Sulawesi Selatan,1
105,Kapala Pitu (Kapalla Pitu),91848,6,-,73.26.20,Kab.,Toraja Utara,Sulawesi Selatan,1
106,Keera,90993,10,-,73.13.14,Kab.,Wajo,Sulawesi Selatan,1
107,Kelara,92371,10,-,73.04.05,Kab.,Jeneponto,Sulawesi Selatan,1
108,Kepulauan Sangkarrang,90166 - 90168,3,-,73.71.15,Kota,Makassar,Sulawesi Selatan,1
109,Kepulauan Tanakeke,92232,6,-,73.05.10,Kab.,Takalar,Sulawesi Selatan,1
110,Kesu,91852,7,-,73.26.15,Kab.,Toraja Utara,Sulawesi Selatan,1
111,Kindang,92517,13,-,73.02.08,Kab.,Bulukumba,Sulawesi Selatan,1
112,Kulo,91653,6,-,73.14.06,Kab.,Sidenreng Rappang,Sulawesi Selatan,1
113,Kurra,91862,6,-,73.18.38,Kab.,Tana Toraja,Sulawesi Selatan,1
114,Labakkang,90653,13,-,73.10.07,Kab.,Pangkajene Kepulauan,Sulawesi Selatan,1
115,Laikang,92261,6,-,73.05.12,Kab.,Takalar,Sulawesi Selatan,1
116,Lalabata,90811 - 90814,10,-,73.12.04,Kab.,Soppeng,Sulawesi Selatan,1
117,Lamasi,91952,10,-,73.17.09,Kab.,Luwu,Sulawesi Selatan,1
118,Lamasi Timur,91951 - 91952,9,-,73.17.18,Kab.,Luwu,Sulawesi Selatan,1
119,Lamuru,92764,12,-,73.08.13,Kab.,Bone,Sulawesi Selatan,1
120,Lansirang (Lanrisang),91272,7,-,73.15.10,Kab.,Pinrang,Sulawesi Selatan,1
121,Lappariaja,92760,9,-,73.08.12,Kab.,Bone,Sulawesi Selatan,1
122,Larompong,91997,13,-,73.17.02,Kab.,Luwu,Sulawesi Selatan,1
123,Larompong Selatan,91998,10,-,73.17.10,Kab.,Luwu,Sulawesi Selatan,1
124,Latimojong,91921,12,-,73.17.12,Kab.,Luwu,Sulawesi Selatan,1
125,Lau,90513 - 90514,6,-,73.09.12,Kab.,Maros,Sulawesi Selatan,1
126,Lembang,91254,16,-,73.15.07,Kab.,Pinrang,Sulawesi Selatan,1
127,Libureng,92766,20,-,73.08.06,Kab.,Bone,Sulawesi Selatan,1
128,Liliraja (Lili Riaja),90863,8,-,73.12.02,Kab.,Soppeng,Sulawesi Selatan,1
129,Lilirilau (Lili Rilau),90871,12,-,73.12.03,Kab.,Soppeng,Sulawesi Selatan,1
130,Liukang Kalmas (Kalukuang Masalima),90672,7,20,73.10.02,Kab.,Pangkajene Kepulauan,Sulawesi Selatan,1
131,Liukang Tangaya,90673,9,54,73.10.01,Kab.,Pangkajene Kepulauan,Sulawesi Selatan,1
132,Liukang Tupabbiring,90671,9,41,73.10.03,Kab.,Pangkajene Kepulauan,Sulawesi Selatan,1
133,Liukang Tupabbiring Utara,90670,7,-,73.10.13,Kab.,Pangkajene Kepulauan,Sulawesi Selatan,1
134,Maiwa,91760,22,-,73.16.01,Kab.,Enrekang,Sulawesi Selatan,1
135,Majauleng,90991,18,-,73.13.05,Kab.,Wajo,Sulawesi Selatan,1
136,Makale,91811 - 91817,15,-,73.18.05,Kab.,Tana Toraja,Sulawesi Selatan,1
137,Makale Selatan,91815,8,-,73.18.29,Kab.,Tana Toraja,Sulawesi Selatan,1
138,Makale Utara,91812 - 91817,5,-,73.18.27,Kab.,Tana Toraja,Sulawesi Selatan,1
139,Makassar,90141 - 90145,14,-,73.71.03,Kota,Makassar,Sulawesi Selatan,1
140,Malangke,92953,14,-,73.22.01,Kab.,Luwu Utara,Sulawesi Selatan,1
141,Malangke Barat,92957,13,-,73.22.08,Kab.,Luwu Utara,Sulawesi Selatan,1
142,Malili,92981,15,10,73.24.04,Kab.,Luwu Timur,Sulawesi Selatan,1
143,Malimbong Balepe,91861,6,-,73.18.35,Kab.,Tana Toraja,Sulawesi Selatan,1
144,Malllawa (Mallawa),90563,11,-,73.09.06,Kab.,Maros,Sulawesi Selatan,1
145,Mallusetasi,90711 - 90753,8,4,73.11.05,Kab.,Barru,Sulawesi Selatan,1
146,Malua,91751,8,-,73.16.09,Kab.,Enrekang,Sulawesi Selatan,1
147,Mamajang,90131 - 90135,13,-,73.71.02,Kota,Makassar,Sulawesi Selatan,1
148,Mandai,90552,6,-,73.09.01,Kab.,Maros,Sulawesi Selatan,1
149,Mandalle,90655,6,-,73.10.11,Kab.,Pangkajene Kepulauan,Sulawesi Selatan,1
150,Mangarabombang (Mangara Bombang),92261,6,-,73.05.02,Kab.,Takalar,Sulawesi Selatan,1
151,Manggala,90233 - 90235,8,-,73.71.12,Kota,Makassar,Sulawesi Selatan,1
152,Mangkutana,92974,11,-,73.24.01,Kab.,Luwu Timur,Sulawesi Selatan,1
153,Maniangpajo,90952,8,-,73.13.09,Kab.,Wajo,Sulawesi Selatan,1
154,Manuju,92173,7,-,73.06.14,Kab.,Gowa,Sulawesi Selatan,1
155,Mappak,91873,6,-,73.18.28,Kab.,Tana Toraja,Sulawesi Selatan,1
156,Mappakasunggu,92232,4,8,73.05.01,Kab.,Takalar,Sulawesi Selatan,1
157,Mappedeceng,92917,15,-,73.22.10,Kab.,Luwu Utara,Sulawesi Selatan,1
158,Marang (Ma Rang),90654,10,-,73.10.08,Kab.,Pangkajene Kepulauan,Sulawesi Selatan,1
159,Mare,92773,18,-,73.08.07,Kab.,Bone,Sulawesi Selatan,1
160,Marioriawa (Mario Riawa),90852,10,-,73.12.05,Kab.,Soppeng,Sulawesi Selatan,1
161,Marioriwawo (Mario Riwawo),90862,13,-,73.12.01,Kab.,Soppeng,Sulawesi Selatan,1
162,Mariso,90121 - 90126,9,-,73.71.01,Kota,Makassar,Sulawesi Selatan,1
163,Maritengngae,91611 - 91615,12,-,73.14.07,Kab.,Sidenreng Rappang,Sulawesi Selatan,1
164,Maros Baru,90511 - 90516,7,-,73.09.04,Kab.,Maros,Sulawesi Selatan,1
165,Marusu,90551,7,-,73.09.08,Kab.,Maros,Sulawesi Selatan,1
166,Masalle,91757,6,-,73.16.11,Kab.,Enrekang,Sulawesi Selatan,1
167,Masamba,92912 - 92961,19,-,73.22.03,Kab.,Luwu Utara,Sulawesi Selatan,1
168,Masanda,91894,8,-,73.18.31,Kab.,Tana Toraja,Sulawesi Selatan,1
169,Mattiro Bulu,91271,9,-,73.15.03,Kab.,Pinrang,Sulawesi Selatan,1
170,Mattiro Sompe (Matirro Sompe),91261,9,-,73.15.01,Kab.,Pinrang,Sulawesi Selatan,1
171,Mengkendek,91870,17,-,73.18.12,Kab.,Tana Toraja,Sulawesi Selatan,1
172,Minasa Tene,90614 - 90619,8,-,73.10.10,Kab.,Pangkajene Kepulauan,Sulawesi Selatan,1
173,Moncongloe (Moncong Loe),90564,5,-,73.09.13,Kab.,Maros,Sulawesi Selatan,1
174,Mungkajang,91924 - 91925,4,-,73.73.08,Kota,Palopo,Sulawesi Selatan,1
175,Nanggala,91856,9,-,73.26.03,Kab.,Toraja Utara,Sulawesi Selatan,1
176,Nuha,92983,5,-,73.24.02,Kab.,Luwu Timur,Sulawesi Selatan,1
177,Pajukukang,92460,10,-,73.03.05,Kab.,Bantaeng,Sulawesi Selatan,1
178,Palakka,92761,15,-,73.08.15,Kab.,Bone,Sulawesi Selatan,1
179,Palangga (Pallangga),92161,16,-,73.06.07,Kab.,Gowa,Sulawesi Selatan,1
180,Paleteang,91213 - 91215,6,-,73.15.11,Kab.,Pinrang,Sulawesi Selatan,1
181,Pammana,90971,16,-,73.13.02,Kab.,Wajo,Sulawesi Selatan,1
182,Panakkukang,90231 - 90233,11,-,73.71.09,Kota,Makassar,Sulawesi Selatan,1
183,Panca Lautang,91672,10,-,73.14.01,Kab.,Sidenreng Rappang,Sulawesi Selatan,1
184,Panca Rijang,91651,8,-,73.14.05,Kab.,Sidenreng Rappang,Sulawesi Selatan,1
185,Pangkajene,90611 - 90617,9,-,73.10.04,Kab.,Pangkajene Kepulauan,Sulawesi Selatan,1
186,Parangloe,92179,7,-,73.06.05,Kab.,Gowa,Sulawesi Selatan,1
187,Parigi,92174,5,-,73.06.17,Kab.,Gowa,Sulawesi Selatan,1
188,Pasilambena,92863,6,13,73.01.09,Kab.,Kepulauan Selayar,Sulawesi Selatan,1
189,Pasimarannu,92862,8,9,73.01.07,Kab.,Kepulauan Selayar,Sulawesi Selatan,1
190,Pasimasunggu (Pasimassunggu),92811 - 92861,7,21,73.01.06,Kab.,Kepulauan Selayar,Sulawesi Selatan,1
191,Pasimasunggu Timur,92861,6,2,73.01.10,Kab.,Kepulauan Selayar,Sulawesi Selatan,1
192,Patampanua,91252,11,-,73.15.05,Kab.,Pinrang,Sulawesi Selatan,1
193,Patimpeng,92768,10,-,73.08.27,Kab.,Bone,Sulawesi Selatan,1
194,Pattalasang (Pattallassang),92172,8,-,73.06.13,Kab.,Gowa,Sulawesi Selatan,1
195,Pattallassang (Patallassang),92211,9,-,73.05.07,Kab.,Takalar,Sulawesi Selatan,1
196,Penrang,90983,10,-,73.13.12,Kab.,Wajo,Sulawesi Selatan,1
197,Pitu Riase,91691,12,-,73.14.11,Kab.,Sidenreng Rappang,Sulawesi Selatan,1
198,Pitu Riawa,91683,12,-,73.14.10,Kab.,Sidenreng Rappang,Sulawesi Selatan,1
199,Pitumpanua,90992,27,-,73.13.10,Kab.,Wajo,Sulawesi Selatan,1
200,Polongbangkeng Selatan (Polombangkeng),92252,11,-,73.05.03,Kab.,Takalar,Sulawesi Selatan,1
201,Polongbangkeng Timur,92221,8,-,73.05.11,Kab.,Takalar,Sulawesi Selatan,1
202,Polongbangkeng Utara (Polombangkeng),92221,10,-,73.05.04,Kab.,Takalar,Sulawesi Selatan,1
203,Ponrang,91999,10,-,73.17.11,Kab.,Luwu,Sulawesi Selatan,1
204,Ponrang Selatan,91989,13,-,73.17.21,Kab.,Luwu,Sulawesi Selatan,1
205,Ponre,92765,9,-,73.08.11,Kab.,Bone,Sulawesi Selatan,1
206,Pujananting,90760,7,-,73.11.06,Kab.,Barru,Sulawesi Selatan,1
207,Pulau Sembilan,92616,4,9,73.07.09,Kab.,Sinjai,Sulawesi Selatan,1
208,Rampi,92964,6,-,73.22.09,Kab.,Luwu Utara,Sulawesi Selatan,1
209,Rano,91875,5,-,73.18.37,Kab.,Tana Toraja,Sulawesi Selatan,1
210,Rantebua,91842,7,-,73.26.18,Kab.,Toraja Utara,Sulawesi Selatan,1
211,Rantepao,91831 - 91835,11,-,73.26.01,Kab.,Toraja Utara,Sulawesi Selatan,1
212,Rantetayo,91863,6,-,73.18.11,Kab.,Tana Toraja,Sulawesi Selatan,1
213,Rappocini,90221 - 90222,11,-,73.71.13,Kota,Makassar,Sulawesi Selatan,1
214,Rembon,91860,13,-,73.18.20,Kab.,Tana Toraja,Sulawesi Selatan,1
215,Rilauale (Rilau Ale),92553,15,-,73.02.10,Kab.,Bulukumba,Sulawesi Selatan,1
216,Rindingallo,91849,9,-,73.26.04,Kab.,Toraja Utara,Sulawesi Selatan,1
217,Rongkong (Limbong),92954,7,-,73.22.05,Kab.,Luwu Utara,Sulawesi Selatan,1
218,Rumbia,92314 - 92572,12,-,73.04.10,Kab.,Jeneponto,Sulawesi Selatan,1
219,Sa&#039;dan,91843,10,-,73.26.06,Kab.,Toraja Utara,Sulawesi Selatan,1
220,Sabangparu,90961,15,-,73.13.01,Kab.,Wajo,Sulawesi Selatan,1
221,Sabbang,92955,10,-,73.22.04,Kab.,Luwu Utara,Sulawesi Selatan,1
222,Sabbang Selatan,92955,10,-,73.22.15,Kab.,Luwu Utara,Sulawesi Selatan,1
223,Sajoanging,90982,9,-,73.13.04,Kab.,Wajo,Sulawesi Selatan,1
224,Salomekko,92775,8,-,73.08.04,Kab.,Bone,Sulawesi Selatan,1
225,Saluputi (Saluputti),91864,9,-,73.18.01,Kab.,Tana Toraja,Sulawesi Selatan,1
226,Sangalla (Sanggala),91881,5,-,73.18.13,Kab.,Tana Toraja,Sulawesi Selatan,1
227,Sangalla Selatan,91882,5,-,73.18.33,Kab.,Tana Toraja,Sulawesi Selatan,1
228,Sangalla Utara,91883,6,-,73.18.34,Kab.,Tana Toraja,Sulawesi Selatan,1
229,Sanggalangi,91851,6,-,73.26.07,Kab.,Toraja Utara,Sulawesi Selatan,1
230,Sanrobone,92231,6,-,73.05.08,Kab.,Takalar,Sulawesi Selatan,1
231,Segeri,90656,6,-,73.10.09,Kab.,Pangkajene Kepulauan,Sulawesi Selatan,1
232,Seko,92956,12,-,73.22.07,Kab.,Luwu Utara,Sulawesi Selatan,1
233,Sendana,91925 - 91959,4,-,73.73.07,Kota,Palopo,Sulawesi Selatan,1
234,Sesean,91844,9,-,73.26.02,Kab.,Toraja Utara,Sulawesi Selatan,1
235,Sesean Suloara,91845,5,-,73.26.19,Kab.,Toraja Utara,Sulawesi Selatan,1
236,Sibulue,92781,20,-,73.08.08,Kab.,Bone,Sulawesi Selatan,1
237,Simbang,90560,6,-,73.09.09,Kab.,Maros,Sulawesi Selatan,1
238,Simbuang,91874,6,-,73.18.09,Kab.,Tana Toraja,Sulawesi Selatan,1
239,Sinjai Barat,92653,9,-,73.07.01,Kab.,Sinjai,Sulawesi Selatan,1
240,Sinjai Borong,92662,8,-,73.07.07,Kab.,Sinjai,Sulawesi Selatan,1
241,Sinjai Selatan,92661,11,-,73.07.02,Kab.,Sinjai,Sulawesi Selatan,1
242,Sinjai Tengah,92652,11,-,73.07.04,Kab.,Sinjai,Sulawesi Selatan,1
243,Sinjai Timur,92671,13,-,73.07.03,Kab.,Sinjai,Sulawesi Selatan,1
244,Sinjai Utara,92611 - 92616,6,-,73.07.05,Kab.,Sinjai,Sulawesi Selatan,1
245,Sinoa,92450,6,-,73.03.08,Kab.,Bantaeng,Sulawesi Selatan,1
246,Somba Opu (Upu),92111 - 92119,14,-,73.06.08,Kab.,Gowa,Sulawesi Selatan,1
247,Sopai,91850,8,-,73.26.08,Kab.,Toraja Utara,Sulawesi Selatan,1
248,Soppeng Riaja,90752,7,2,73.11.04,Kab.,Barru,Sulawesi Selatan,1
249,Soreang,91131 - 91133,7,-,73.72.03,Kota,Pare Pare,Sulawesi Selatan,1
250,Sukamaju,92963,14,-,73.22.06,Kab.,Luwu Utara,Sulawesi Selatan,1
251,Sukamaju Selatan,92963,11,-,73.22.13,Kab.,Luwu Utara,Sulawesi Selatan,1
252,Suli,91985,13,-,73.17.03,Kab.,Luwu,Sulawesi Selatan,1
253,Suli Barat,91986,8,-,73.17.19,Kab.,Luwu,Sulawesi Selatan,1
254,Suppa,91273,10,3,73.15.02,Kab.,Pinrang,Sulawesi Selatan,1
255,Taka Bonerate (Takabonerate),92860,9,17,73.01.08,Kab.,Kepulauan Selayar,Sulawesi Selatan,1
256,Takkalalla,90981,13,-,73.13.03,Kab.,Wajo,Sulawesi Selatan,1
257,Tallo,90211 - 90217,15,-,73.71.07,Kota,Makassar,Sulawesi Selatan,1
258,Tallunglipu,91832,7,-,73.26.11,Kab.,Toraja Utara,Sulawesi Selatan,1
259,Tamalanrea,90241 - 90245,8,-,73.71.14,Kota,Makassar,Sulawesi Selatan,1
260,Tamalate,90221 - 90225,11,-,73.71.10,Kota,Makassar,Sulawesi Selatan,1
261,Tamalatea,92350,12,-,73.04.02,Kab.,Jeneponto,Sulawesi Selatan,1
262,Tana Lili,92967,10,-,73.22.12,Kab.,Luwu Utara,Sulawesi Selatan,1
263,Tanasitolo,90951,19,-,73.13.08,Kab.,Wajo,Sulawesi Selatan,1
264,Tanete Riaja,90763,7,-,73.11.01,Kab.,Barru,Sulawesi Selatan,1
265,Tanete Riattang,92711 - 92721,8,-,73.08.21,Kab.,Bone,Sulawesi Selatan,1
266,Tanete Riattang Barat,92731 - 92735,8,-,73.08.22,Kab.,Bone,Sulawesi Selatan,1
267,Tanete Riattang Timur,92715 - 92719,8,-,73.08.23,Kab.,Bone,Sulawesi Selatan,1
268,Tanete Rilau,90711 - 90761,10,2,73.11.02,Kab.,Barru,Sulawesi Selatan,1
269,Tanralili,90553,8,-,73.09.07,Kab.,Maros,Sulawesi Selatan,1
270,Tarowang,92362,8,-,73.04.11,Kab.,Jeneponto,Sulawesi Selatan,1
271,Tellu Limpoe,91662,9,-,73.14.02,Kab.,Sidenreng Rappang,Sulawesi Selatan,1
272,Tellu Limpoe,92681,11,-,73.07.08,Kab.,Sinjai,Sulawesi Selatan,1
273,Tellu Siattinge,92752,17,-,73.08.17,Kab.,Bone,Sulawesi Selatan,1
274,Tellulimpoe (Tellu Limpoe),92771,11,-,73.08.25,Kab.,Bone,Sulawesi Selatan,1
275,Telluwanua,91958,7,-,73.73.04,Kota,Palopo,Sulawesi Selatan,1
276,Tempe,90911 - 90918,16,-,73.13.06,Kab.,Wajo,Sulawesi Selatan,1
277,Tikala,91833,7,-,73.26.09,Kab.,Toraja Utara,Sulawesi Selatan,1
278,Tinggimoncong,92178,7,-,73.06.04,Kab.,Gowa,Sulawesi Selatan,1
279,Tiroang,91256,6,-,73.15.09,Kab.,Pinrang,Sulawesi Selatan,1
280,Tombolopao (Tombolo Pao),92170,9,-,73.06.10,Kab.,Gowa,Sulawesi Selatan,1
281,Tomoni,92972,13,-,73.24.08,Kab.,Luwu Timur,Sulawesi Selatan,1
282,Tomoni Timur,92970,8,-,73.24.09,Kab.,Luwu Timur,Sulawesi Selatan,1
283,Tompo Bulu (Tompobulu),92462,10,-,73.03.04,Kab.,Bantaeng,Sulawesi Selatan,1
284,Tompobullu (Tompobulu),92175,8,-,73.06.03,Kab.,Gowa,Sulawesi Selatan,1
285,Tompobulu (Tompu Bulu),90565,8,-,73.09.11,Kab.,Maros,Sulawesi Selatan,1
286,Tondon,91857,4,-,73.26.16,Kab.,Toraja Utara,Sulawesi Selatan,1
287,Tondong Tallasa,90566,6,-,73.10.12,Kab.,Pangkajene Kepulauan,Sulawesi Selatan,1
288,Tonra,92774,11,1,73.08.05,Kab.,Bone,Sulawesi Selatan,1
289,Towuti,92982,18,1,73.24.03,Kab.,Luwu Timur,Sulawesi Selatan,1
290,Turatea,92312 - 92313,11,-,73.04.08,Kab.,Jeneponto,Sulawesi Selatan,1
291,Turikale,90511 - 90516,7,-,73.09.14,Kab.,Maros,Sulawesi Selatan,1
292,Ujung,91111 - 91114,5,-,73.72.02,Kota,Pare Pare,Sulawesi Selatan,1
293,Ujung Bulu,92511 - 92518,9,-,73.02.02,Kab.,Bulukumba,Sulawesi Selatan,1
294,Ujung Pandang,90111 - 90115,10,3,73.71.04,Kota,Makassar,Sulawesi Selatan,1
295,Ujung Tanah,90161 - 90165,9,8,73.71.08,Kota,Makassar,Sulawesi Selatan,1
296,Ujungloe (Ujung Loe),92562,13,-,73.02.09,Kab.,Bulukumba,Sulawesi Selatan,1
297,Ulaweng,92762,15,-,73.08.14,Kab.,Bone,Sulawesi Selatan,1
298,Uluere,92452,6,-,73.03.06,Kab.,Bantaeng,Sulawesi Selatan,1
299,Wajo,90171 - 90174,8,-,73.71.05,Kota,Makassar,Sulawesi Selatan,1
300,Walenrang,91950,9,-,73.17.06,Kab.,Luwu,Sulawesi Selatan,1
301,Walenrang Barat,91951 - 91952,6,-,73.17.15,Kab.,Luwu,Sulawesi Selatan,1
302,Walenrang Timur,91951,8,-,73.17.17,Kab.,Luwu,Sulawesi Selatan,1
303,Walenrang Utara,91953,11,-,73.17.16,Kab.,Luwu,Sulawesi Selatan,1
304,Wara,91921 - 91923,6,-,73.73.01,Kota,Palopo,Sulawesi Selatan,1
305,Wara Barat,91921 - 91958,5,-,73.73.06,Kota,Palopo,Sulawesi Selatan,1
306,Wara Selatan,91926 - 91959,4,-,73.73.03,Kota,Palopo,Sulawesi Selatan,1
307,Wara Timur,91921,7,-,73.73.05,Kota,Palopo,Sulawesi Selatan,1
308,Wara Utara,91911 - 91914,6,-,73.73.02,Kota,Palopo,Sulawesi Selatan,1
309,Wasuponda,92984,6,-,73.24.11,Kab.,Luwu Timur,Sulawesi Selatan,1
310,Watang Pulu,91661,10,-,73.14.03,Kab.,Sidenreng Rappang,Sulawesi Selatan,1
311,Watang Sawitto (Watang Sawito),91211 - 91221,8,-,73.15.04,Kab.,Pinrang,Sulawesi Selatan,1
312,Watang Sidenreng (Wattang Sidenreng),91613 - 91682,8,-,73.14.08,Kab.,Sidenreng Rappang,Sulawesi Selatan,1
313,Wotu,92971,17,-,73.24.06,Kab.,Luwu Timur,Sulawesi Selatan,1
1,Ampana Kota,94683,10,-,72.09.05,Kab.,Tojo Una Una,Sulawesi Tengah,1
2,Ampana Tete,94684,20,5,72.09.04,Kab.,Tojo Una Una,Sulawesi Tengah,1
3,Ampibabo,94474,19,2,72.08.02,Kab.,Parigi Moutong,Sulawesi Tengah,1
4,Bahodopi,94974,12,-,72.06.10,Kab.,Morowali,Sulawesi Tengah,1
5,Balaesang,94355,13,17,72.03.12,Kab.,Donggala,Sulawesi Tengah,1
6,Balaesang Tanjung,94359,8,-,72.03.31,Kab.,Donggala,Sulawesi Tengah,1
7,Balantak,94773,13,2,72.01.06,Kab.,Banggai,Sulawesi Tengah,1
8,Balantak Selatan,94774,11,-,72.01.18,Kab.,Banggai,Sulawesi Tengah,1
9,Balantak Utara,94775,10,-,72.01.19,Kab.,Banggai,Sulawesi Tengah,1
10,Balinggi,94473,9,-,72.08.15,Kab.,Parigi Moutong,Sulawesi Tengah,1
11,Banawa,94351,14,2,72.03.08,Kab.,Donggala,Sulawesi Tengah,1
12,Banawa Selatan,94350,19,-,72.03.18,Kab.,Donggala,Sulawesi Tengah,1
13,Banawa Tengah,94341,8,2,72.03.27,Kab.,Donggala,Sulawesi Tengah,1
14,Banggai,94891,10,1,72.11.01,Kab.,Banggai Laut,Sulawesi Tengah,1
15,Banggai Selatan,94890,6,-,72.11.06,Kab.,Banggai Laut,Sulawesi Tengah,1
16,Banggai Tengah,94895,8,-,72.11.07,Kab.,Banggai Laut,Sulawesi Tengah,1
17,Banggai Utara,94896,6,-,72.11.02,Kab.,Banggai Laut,Sulawesi Tengah,1
18,Bangkurung,94892,12,-,72.11.04,Kab.,Banggai Laut,Sulawesi Tengah,1
19,Baolan,94511 - 94517,10,1,72.04.07,Kab.,Toli Toli,Sulawesi Tengah,1
20,Basidondo,94552,10,2,72.04.04,Kab.,Toli Toli,Sulawesi Tengah,1
21,Batudaka,94690 - 94691,9,-,72.09.11,Kab.,Tojo Una Una,Sulawesi Tengah,1
22,Batui,94762,13,-,72.01.01,Kab.,Banggai,Sulawesi Tengah,1
23,Batui Selatan,94763,10,-,72.01.15,Kab.,Banggai,Sulawesi Tengah,1
24,Biau,94563,7,-,72.05.06,Kab.,Buol,Sulawesi Tengah,1
25,Bokan Kepulauan,94894,16,9,72.11.03,Kab.,Banggai Laut,Sulawesi Tengah,1
26,Bokat,94564,15,-,72.05.03,Kab.,Buol,Sulawesi Tengah,1
27,Bolano,94479,13,-,72.08.21,Kab.,Parigi Moutong,Sulawesi Tengah,1
28,Bolano Lambunu,94480,14,1,72.08.07,Kab.,Parigi Moutong,Sulawesi Tengah,1
29,Bualemo (Boalemo),94752,20,7,72.01.08,Kab.,Banggai,Sulawesi Tengah,1
30,Bukal,94571,14,-,72.05.08,Kab.,Buol,Sulawesi Tengah,1
31,Buko,94881,13,19,72.07.07,Kab.,Banggai Kepulauan,Sulawesi Tengah,1
32,Buko Selatan,94880,11,-,72.07.18,Kab.,Banggai Kepulauan,Sulawesi Tengah,1
33,Bulagi,94882,16,2,72.07.06,Kab.,Banggai Kepulauan,Sulawesi Tengah,1
34,Bulagi Selatan,94882,20,6,72.07.09,Kab.,Banggai Kepulauan,Sulawesi Tengah,1
35,Bulagi Utara,94889,12,-,72.07.17,Kab.,Banggai Kepulauan,Sulawesi Tengah,1
36,Bumi Raya,94976,13,-,72.06.09,Kab.,Morowali,Sulawesi Tengah,1
37,Bungku Barat,94977,10,-,72.06.08,Kab.,Morowali,Sulawesi Tengah,1
38,Bungku Pesisir,94981,10,-,72.06.15,Kab.,Morowali,Sulawesi Tengah,1
39,Bungku Selatan,94979,26,-,72.06.06,Kab.,Morowali,Sulawesi Tengah,1
40,Bungku Tengah,94973,19,-,72.06.05,Kab.,Morowali,Sulawesi Tengah,1
41,Bungku Timur,94980,10,-,72.06.18,Kab.,Morowali,Sulawesi Tengah,1
42,Bungku Utara,94972,23,-,72.12.08,Kab.,Morowali Utara,Sulawesi Tengah,1
43,Bunobogu,94567,10,-,72.05.04,Kab.,Buol,Sulawesi Tengah,1
44,Bunta,94753,22,1,72.01.02,Kab.,Banggai,Sulawesi Tengah,1
45,Dako Pemean (Dako Pamean),94562,4,4,72.04.10,Kab.,Toli Toli,Sulawesi Tengah,1
46,Dampal Selatan,94554,13,-,72.04.01,Kab.,Toli Toli,Sulawesi Tengah,1
47,Dampal Utara,94553,12,6,72.04.02,Kab.,Toli Toli,Sulawesi Tengah,1
48,Dampelas,94356,13,-,72.03.06,Kab.,Donggala,Sulawesi Tengah,1
49,Dolo,94361,11,-,72.10.12,Kab.,Sigi,Sulawesi Tengah,1
50,Dolo Barat,94360,12,-,72.10.11,Kab.,Sigi,Sulawesi Tengah,1
51,Dolo Selatan,94371,12,-,72.10.09,Kab.,Sigi,Sulawesi Tengah,1
52,Dondo,94551,16,-,72.04.03,Kab.,Toli Toli,Sulawesi Tengah,1
53,Gadung,94568,11,-,72.05.09,Kab.,Buol,Sulawesi Tengah,1
54,Galang,94561,14,1,72.04.08,Kab.,Toli Toli,Sulawesi Tengah,1
55,Gumbasa,94364,7,-,72.10.08,Kab.,Sigi,Sulawesi Tengah,1
56,Karamat,94572,7,2,72.05.10,Kab.,Buol,Sulawesi Tengah,1
57,Kasimbar,94464,18,-,72.08.08,Kab.,Parigi Moutong,Sulawesi Tengah,1
58,Kinovaro,94362,10,-,72.10.13,Kab.,Sigi,Sulawesi Tengah,1
59,Kintom,94761,14,-,72.01.03,Kab.,Banggai,Sulawesi Tengah,1
60,Kulawi,94363,16,-,72.10.05,Kab.,Sigi,Sulawesi Tengah,1
61,Kulawi Selatan,94373,12,-,72.10.06,Kab.,Sigi,Sulawesi Tengah,1
62,Labobo,94893,8,-,72.11.05,Kab.,Banggai Laut,Sulawesi Tengah,1
63,Labuan,94352,7,-,72.03.09,Kab.,Donggala,Sulawesi Tengah,1
64,Lage,94661,16,-,72.02.03,Kab.,Poso,Sulawesi Tengah,1
65,Lakea (Lipunoto),94573,7,1,72.05.02,Kab.,Buol,Sulawesi Tengah,1
66,Lamala,94771,12,1,72.01.05,Kab.,Banggai,Sulawesi Tengah,1
67,Lampasio,94517 - 94518,9,-,72.04.06,Kab.,Toli Toli,Sulawesi Tengah,1
68,Lembo,94966,14,-,72.12.04,Kab.,Morowali Utara,Sulawesi Tengah,1
69,Lembo Raya,94967,10,-,72.12.03,Kab.,Morowali Utara,Sulawesi Tengah,1
70,Liang,94883,16,61,72.07.05,Kab.,Banggai Kepulauan,Sulawesi Tengah,1
71,Lindu,94369,5,1,72.10.04,Kab.,Sigi,Sulawesi Tengah,1
72,Lobu,94750,10,-,72.01.16,Kab.,Banggai,Sulawesi Tengah,1
73,Lore Barat,94654,6,-,72.02.23,Kab.,Poso,Sulawesi Tengah,1
74,Lore Piore,94653,5,-,72.02.25,Kab.,Poso,Sulawesi Tengah,1
75,Lore Selatan,94655,8,-,72.02.09,Kab.,Poso,Sulawesi Tengah,1
76,Lore Tengah,94656,8,-,72.02.08,Kab.,Poso,Sulawesi Tengah,1
77,Lore Timur,94657,5,-,72.02.24,Kab.,Poso,Sulawesi Tengah,1
78,Lore Utara,94658,7,-,72.02.07,Kab.,Poso,Sulawesi Tengah,1
79,Luwuk,94711 - 94713,10,-,72.01.04,Kab.,Banggai,Sulawesi Tengah,1
80,Luwuk Selatan,94717,10,-,72.01.20,Kab.,Banggai,Sulawesi Tengah,1
81,Luwuk Timur,94723,13,11,72.01.11,Kab.,Banggai,Sulawesi Tengah,1
82,Luwuk Utara,94711,11,-,72.01.21,Kab.,Banggai,Sulawesi Tengah,1
83,Mamosalato,94968,14,-,72.12.09,Kab.,Morowali Utara,Sulawesi Tengah,1
84,Mantikulore,94111 - 94234,8,-,72.71.08,Kota,Palu,Sulawesi Tengah,1
85,Mantoh,94770,10,-,72.01.22,Kab.,Banggai,Sulawesi Tengah,1
86,Marawola,94372,11,-,72.10.14,Kab.,Sigi,Sulawesi Tengah,1
87,Marawola Barat,94374,12,-,72.10.15,Kab.,Sigi,Sulawesi Tengah,1
88,Masama,94772,14,-,72.01.10,Kab.,Banggai,Sulawesi Tengah,1
89,Menui Kepulauan,94975,24,37,72.06.07,Kab.,Morowali,Sulawesi Tengah,1
90,Mepanga,94476,18,-,72.08.12,Kab.,Parigi Moutong,Sulawesi Tengah,1
91,Moilong,94765,16,-,72.01.14,Kab.,Banggai,Sulawesi Tengah,1
92,Momunu,94565,16,-,72.05.01,Kab.,Buol,Sulawesi Tengah,1
93,Mori Atas,94965,14,-,72.12.05,Kab.,Morowali Utara,Sulawesi Tengah,1
94,Mori Utara,94964,8,-,72.12.06,Kab.,Morowali Utara,Sulawesi Tengah,1
95,Moutong,94481,20,7,72.08.04,Kab.,Parigi Moutong,Sulawesi Tengah,1
96,Nambo,94760,11,-,72.01.23,Kab.,Banggai,Sulawesi Tengah,1
97,Nokilalaki,94365,5,-,72.10.03,Kab.,Sigi,Sulawesi Tengah,1
98,Nuhon,94754,20,-,72.01.13,Kab.,Banggai,Sulawesi Tengah,1
99,Ogodeide,94516,11,30,72.04.05,Kab.,Toli Toli,Sulawesi Tengah,1
100,Ongka Malino,94482,17,-,72.08.22,Kab.,Parigi Moutong,Sulawesi Tengah,1
101,Pagimana,94751,33,7,72.01.07,Kab.,Banggai,Sulawesi Tengah,1
102,Palasa,94477,11,-,72.08.18,Kab.,Parigi Moutong,Sulawesi Tengah,1
103,Paleleh,94569,12,7,72.05.05,Kab.,Buol,Sulawesi Tengah,1
104,Paleleh Barat,94574,7,2,72.05.11,Kab.,Buol,Sulawesi Tengah,1
105,Palolo,94366,22,-,72.10.02,Kab.,Sigi,Sulawesi Tengah,1
106,Palu Barat,94221 - 94226,6,-,72.71.02,Kota,Palu,Sulawesi Tengah,1
107,Palu Selatan,94231 - 94236,5,-,72.71.03,Kota,Palu,Sulawesi Tengah,1
108,Palu Timur,94111 - 94235,5,-,72.71.01,Kota,Palu,Sulawesi Tengah,1
109,Palu Utara,94145 - 94148,5,-,72.71.04,Kota,Palu,Sulawesi Tengah,1
110,Pamona Barat,94662,6,-,72.02.20,Kab.,Poso,Sulawesi Tengah,1
111,Pamona Puselemba,94663,11,-,72.02.04,Kab.,Poso,Sulawesi Tengah,1
112,Pamona Selatan,94664,12,-,72.02.06,Kab.,Poso,Sulawesi Tengah,1
113,Pamona Tenggara,94665,9,-,72.02.26,Kab.,Poso,Sulawesi Tengah,1
114,Pamona Timur,94666,13,-,72.02.05,Kab.,Poso,Sulawesi Tengah,1
115,Pamona Utara,94667,10,-,72.02.27,Kab.,Poso,Sulawesi Tengah,1
116,Parigi,94471,11,-,72.08.01,Kab.,Parigi Moutong,Sulawesi Tengah,1
117,Parigi Barat,94460,6,-,72.08.16,Kab.,Parigi Moutong,Sulawesi Tengah,1
118,Parigi Selatan,94461,10,1,72.08.11,Kab.,Parigi Moutong,Sulawesi Tengah,1
119,Parigi Tengah,94462,6,-,72.08.20,Kab.,Parigi Moutong,Sulawesi Tengah,1
120,Parigi Utara,94463,5,-,72.08.19,Kab.,Parigi Moutong,Sulawesi Tengah,1
121,Peling Tengah,94888,11,-,72.07.16,Kab.,Banggai Kepulauan,Sulawesi Tengah,1
122,Petasia,94971,10,1,72.12.01,Kab.,Morowali Utara,Sulawesi Tengah,1
123,Petasia Barat,94970,10,-,72.12.10,Kab.,Morowali Utara,Sulawesi Tengah,1
124,Petasia Timur,94963,12,-,72.12.02,Kab.,Morowali Utara,Sulawesi Tengah,1
125,Pinembani (Panembani),94345,9,-,72.03.21,Kab.,Donggala,Sulawesi Tengah,1
126,Pipikoro,94370,19,-,72.10.07,Kab.,Sigi,Sulawesi Tengah,1
127,Poso Kota,94617 - 94619,7,-,72.02.01,Kab.,Poso,Sulawesi Tengah,1
128,Poso Kota Selatan,94613 - 94619,5,-,72.02.21,Kab.,Poso,Sulawesi Tengah,1
129,Poso Kota Utara,94611 - 94616,7,-,72.02.22,Kab.,Poso,Sulawesi Tengah,1
130,Poso Pesisir,94652,16,-,72.02.02,Kab.,Poso,Sulawesi Tengah,1
131,Poso Pesisir Selatan,94650,9,-,72.02.19,Kab.,Poso,Sulawesi Tengah,1
132,Poso Pesisir Utara,94651,10,-,72.02.18,Kab.,Poso,Sulawesi Tengah,1
133,Ratolindo,94683 - 94685,10,-,72.09.10,Kab.,Tojo Una Una,Sulawesi Tengah,1
134,Rio Pakava,94346,14,-,72.03.04,Kab.,Donggala,Sulawesi Tengah,1
135,Sausu,94472,10,-,72.08.06,Kab.,Parigi Moutong,Sulawesi Tengah,1
136,Sidoan,94475,11,-,72.08.23,Kab.,Parigi Moutong,Sulawesi Tengah,1
137,Sigi Biromaru,94367,17,-,72.10.01,Kab.,Sigi,Sulawesi Tengah,1
138,Simpang Raya,94755,12,-,72.01.17,Kab.,Banggai,Sulawesi Tengah,1
139,Sindue,94353,13,-,72.03.10,Kab.,Donggala,Sulawesi Tengah,1
140,Sindue Tobata,94343,6,-,72.03.25,Kab.,Donggala,Sulawesi Tengah,1
141,Sindue Tombusabora,94344,6,-,72.03.24,Kab.,Donggala,Sulawesi Tengah,1
142,Siniu,94467,9,-,72.08.17,Kab.,Parigi Moutong,Sulawesi Tengah,1
143,Sirenja,94354,13,1,72.03.11,Kab.,Donggala,Sulawesi Tengah,1
144,Sojol,94357,9,3,72.03.14,Kab.,Donggala,Sulawesi Tengah,1
145,Sojol Utara,94358,5,6,72.03.30,Kab.,Donggala,Sulawesi Tengah,1
146,Soyo Jaya,94969,10,-,72.12.07,Kab.,Morowali Utara,Sulawesi Tengah,1
147,Talatako,94692,6,-,72.09.12,Kab.,Tojo Una Una,Sulawesi Tengah,1
148,Tanambulava,94368,5,-,72.10.10,Kab.,Sigi,Sulawesi Tengah,1
149,Tanantovea,94342,10,-,72.03.19,Kab.,Donggala,Sulawesi Tengah,1
150,Taopa,94483,11,-,72.08.14,Kab.,Parigi Moutong,Sulawesi Tengah,1
151,Tatanga,94221 - 94239,6,-,72.71.06,Kota,Palu,Sulawesi Tengah,1
152,Tawaeli,94141 - 94143,5,-,72.71.07,Kota,Palu,Sulawesi Tengah,1
153,Tiloan,94566,9,-,72.05.07,Kab.,Buol,Sulawesi Tengah,1
154,Tinangkung,94885,11,41,72.07.04,Kab.,Banggai Kepulauan,Sulawesi Tengah,1
155,Tinangkung Selatan,94714 - 94885,9,-,72.07.11,Kab.,Banggai Kepulauan,Sulawesi Tengah,1
156,Tinangkung Utara,94886,6,-,72.07.19,Kab.,Banggai Kepulauan,Sulawesi Tengah,1
157,Tinombo,94465,15,-,72.08.03,Kab.,Parigi Moutong,Sulawesi Tengah,1
158,Tinombo Selatan,94468,20,-,72.08.10,Kab.,Parigi Moutong,Sulawesi Tengah,1
159,Togean,94686,16,67,72.09.02,Kab.,Tojo Una Una,Sulawesi Tengah,1
160,Toili,94764,25,-,72.01.09,Kab.,Banggai,Sulawesi Tengah,1
161,Toili Barat,94766,17,-,72.01.12,Kab.,Banggai,Sulawesi Tengah,1
162,Tojo,94681,16,-,72.09.08,Kab.,Tojo Una Una,Sulawesi Tengah,1
163,Tojo Barat,94680,13,-,72.09.07,Kab.,Tojo Una Una,Sulawesi Tengah,1
164,Toli-Toli Utara (Tolitoli Utara),94560,10,1,72.04.09,Kab.,Toli Toli,Sulawesi Tengah,1
165,Tomini,94478,14,10,72.08.05,Kab.,Parigi Moutong,Sulawesi Tengah,1
166,Toribulu,94466,9,-,72.08.13,Kab.,Parigi Moutong,Sulawesi Tengah,1
167,Torue,94470,7,-,72.08.09,Kab.,Parigi Moutong,Sulawesi Tengah,1
168,Totikum (Totikung),94884,11,6,72.07.03,Kab.,Banggai Kepulauan,Sulawesi Tengah,1
169,Totikum Selatan,94887,8,-,72.07.15,Kab.,Banggai Kepulauan,Sulawesi Tengah,1
170,Ulubongka,94682,18,-,72.09.06,Kab.,Tojo Una Una,Sulawesi Tengah,1
171,Ulujadi,94226 - 94229,6,-,72.71.05,Kota,Palu,Sulawesi Tengah,1
172,Una Una,94690,11,226,72.09.01,Kab.,Tojo Una Una,Sulawesi Tengah,1
173,Walea Besar,94693,8,13,72.09.09,Kab.,Tojo Una Una,Sulawesi Tengah,1
174,Walea Kepulauan,94694,9,114,72.09.03,Kab.,Tojo Una Una,Sulawesi Tengah,1
175,Wita Ponda,94978,9,-,72.06.12,Kab.,Morowali,Sulawesi Tengah,1
1,Abeli,93234 - 93238,7,-,74.71.06,Kota,Kendari,Sulawesi Tenggara,1
2,Abuki,93452,12,-,74.02.10,Kab.,Konawe,Sulawesi Tenggara,1
3,Aere,93573,11,-,74.11.10,Kab.,Kolaka Timur,Sulawesi Tenggara,1
4,Amonggedo,93463,15,-,74.02.28,Kab.,Konawe,Sulawesi Tenggara,1
5,Andoolo,93810 - 93819,10,-,74.05.03,Kab.,Konawe Selatan,Sulawesi Tenggara,1
6,Andoolo Barat,93813 - 93819,10,-,74.05.25,Kab.,Konawe Selatan,Sulawesi Tenggara,1
7,Andowia,93356,15,-,74.09.09,Kab.,Konawe Utara,Sulawesi Tenggara,1
8,Angata,93875,24,-,74.05.02,Kab.,Konawe Selatan,Sulawesi Tenggara,1
9,Anggaberi,93417 - 93419,8,-,74.02.24,Kab.,Konawe,Sulawesi Tenggara,1
10,Anggalomoare,93455,10,-,74.02.40,Kab.,Konawe,Sulawesi Tenggara,1
11,Asera,93355,19,-,74.09.01,Kab.,Konawe Utara,Sulawesi Tenggara,1
12,Asinua,93441,8,-,74.02.31,Kab.,Konawe,Sulawesi Tenggara,1
13,Baito,93883,8,-,74.05.20,Kab.,Konawe Selatan,Sulawesi Tenggara,1
14,Barangka,93650,8,-,74.13.02,Kab.,Muna Barat,Sulawesi Tenggara,1
15,Baruga,93116,4,-,74.71.03,Kota,Kendari,Sulawesi Tenggara,1
16,Basala,93876,9,-,74.05.21,Kab.,Konawe Selatan,Sulawesi Tenggara,1
17,Batalaiworu (Batalaiwaru),93614,4,-,74.03.15,Kab.,Muna,Sulawesi Tenggara,1
18,Batauga,93741,12,-,74.15.01,Kab.,Buton Selatan,Sulawesi Tenggara,1
19,Batu Atas,93745,7,-,74.15.04,Kab.,Buton Selatan,Sulawesi Tenggara,1
20,Batu Putih,93955,11,12,74.08.03,Kab.,Kolaka Utara,Sulawesi Tenggara,1
21,Batukara,93682,4,-,74.03.34,Kab.,Muna,Sulawesi Tenggara,1
22,Batupoaro,93728,6,-,74.72.08,Kota,Bau Bau,Sulawesi Tenggara,1
23,Baula,93561,10,-,74.01.12,Kab.,Kolaka,Sulawesi Tenggara,1
24,Benua,93877,12,-,74.05.13,Kab.,Konawe Selatan,Sulawesi Tenggara,1
25,Besulutu,93459,16,-,74.02.20,Kab.,Konawe,Sulawesi Tenggara,1
26,Betoambari,93721 - 93725,5,-,74.72.01,Kota,Bau Bau,Sulawesi Tenggara,1
27,Binongko,93794,9,2,74.07.04,Kab.,Wakatobi,Sulawesi Tenggara,1
28,Bondoala,93457,9,-,74.02.21,Kab.,Konawe,Sulawesi Tenggara,1
29,Bone (Bone Tondo),93663,5,1,74.03.26,Kab.,Muna,Sulawesi Tenggara,1
30,Bonegunu,93673,15,4,74.10.03,Kab.,Buton Utara,Sulawesi Tenggara,1
31,Buke,93812 - 93819,16,-,74.05.17,Kab.,Konawe Selatan,Sulawesi Tenggara,1
32,Bungi,93732,5,2,74.72.04,Kota,Bau Bau,Sulawesi Tenggara,1
33,Dangia,93576,12,-,74.11.12,Kab.,Kolaka Timur,Sulawesi Tenggara,1
34,Duruka,93618,7,2,74.03.17,Kab.,Muna,Sulawesi Tenggara,1
35,Gu,93761,12,-,74.14.06,Kab.,Buton Tengah,Sulawesi Tenggara,1
36,Iwoimendaa,93552,10,-,74.01.27,Kab.,Kolaka,Sulawesi Tenggara,1
37,Kabaena,93781,4,-,74.06.05,Kab.,Bombana,Sulawesi Tenggara,1
38,Kabaena Barat,93780,5,7,74.06.14,Kab.,Bombana,Sulawesi Tenggara,1
39,Kabaena Selatan,93782,4,-,74.06.13,Kab.,Bombana,Sulawesi Tenggara,1
40,Kabaena Tengah,93783,7,-,74.06.16,Kab.,Bombana,Sulawesi Tenggara,1
41,Kabaena Timur,93784,7,2,74.06.06,Kab.,Bombana,Sulawesi Tenggara,1
42,Kabaena Utara,93785,6,4,74.06.15,Kab.,Bombana,Sulawesi Tenggara,1
43,Kabangka,93664,9,-,74.03.23,Kab.,Muna,Sulawesi Tenggara,1
44,Kabawo,93661,11,-,74.03.24,Kab.,Muna,Sulawesi Tenggara,1
45,Kadatua,93742,10,-,74.15.07,Kab.,Buton Selatan,Sulawesi Tenggara,1
46,Kadia,93117 - 93118,5,-,74.71.08,Kota,Kendari,Sulawesi Tenggara,1
47,Kaledupa,93792,16,29,74.07.02,Kab.,Wakatobi,Sulawesi Tenggara,1
48,Kaledupa Selatan,93790,10,53,74.07.06,Kab.,Wakatobi,Sulawesi Tenggara,1
49,Kambowa,93674,11,-,74.10.02,Kab.,Buton Utara,Sulawesi Tenggara,1
50,Kambu,93231,4,-,74.71.10,Kota,Kendari,Sulawesi Tenggara,1
51,Kapoiala,93454,14,-,74.02.33,Kab.,Konawe,Sulawesi Tenggara,1
52,Kapontori,93755,17,5,74.04.22,Kab.,Buton,Sulawesi Tenggara,1
53,Katobu,93611 - 93616,8,-,74.03.16,Kab.,Muna,Sulawesi Tenggara,1
54,Katoi,93913 - 93916,6,-,74.08.13,Kab.,Kolaka Utara,Sulawesi Tenggara,1
55,Kendari,93121 - 93129,9,-,74.71.02,Kota,Kendari,Sulawesi Tenggara,1
56,Kendari Barat,93121 - 93127,9,-,74.71.05,Kota,Kendari,Sulawesi Tenggara,1
57,Kepulauan Masaloka Raya,93778,5,5,74.06.17,Kab.,Bombana,Sulawesi Tenggara,1
58,Kodeoha,93957,12,-,74.08.05,Kab.,Kolaka Utara,Sulawesi Tenggara,1
59,Kokalukuna,93711 - 93719,6,1,74.72.05,Kota,Bau Bau,Sulawesi Tenggara,1
60,Kolaka,93511 - 93519,7,-,74.01.04,Kab.,Kolaka,Sulawesi Tenggara,1
61,Kolono,93895,21,-,74.05.09,Kab.,Konawe Selatan,Sulawesi Tenggara,1
62,Kolono Timur,93894,10,-,74.05.23,Kab.,Konawe Selatan,Sulawesi Tenggara,1
63,Konawe,93461,12,-,74.02.32,Kab.,Konawe,Sulawesi Tenggara,1
64,Konda,93874,18,-,74.05.07,Kab.,Konawe Selatan,Sulawesi Tenggara,1
65,Kontu Kowuna,93660,6,-,74.03.30,Kab.,Muna,Sulawesi Tenggara,1
66,Kontunaga,93625,6,-,74.03.20,Kab.,Muna,Sulawesi Tenggara,1
67,Kulisusu (Kalingsusu/Kalisusu),93672,23,3,74.10.01,Kab.,Buton Utara,Sulawesi Tenggara,1
68,Kulisusu Barat,93670,14,-,74.10.04,Kab.,Buton Utara,Sulawesi Tenggara,1
69,Kulisusu Utara,93675,14,4,74.10.05,Kab.,Buton Utara,Sulawesi Tenggara,1
70,Kusambi,93655,10,-,74.13.10,Kab.,Muna Barat,Sulawesi Tenggara,1
71,Ladongi,93577,10,-,74.11.03,Kab.,Kolaka Timur,Sulawesi Tenggara,1
72,Laeya,93880,17,-,74.05.19,Kab.,Konawe Selatan,Sulawesi Tenggara,1
73,Lainea,93881,12,-,74.05.06,Kab.,Konawe Selatan,Sulawesi Tenggara,1
74,Lakudo,93763,15,-,74.14.01,Kab.,Buton Tengah,Sulawesi Tenggara,1
75,Lalembuu,93885,18,-,74.05.12,Kab.,Konawe Selatan,Sulawesi Tenggara,1
76,Lalolae,93572,5,-,74.11.06,Kab.,Kolaka Timur,Sulawesi Tenggara,1
77,Lalonggasumeeto,93450,12,-,74.02.36,Kab.,Konawe,Sulawesi Tenggara,1
78,Lambai,93956,7,-,74.08.08,Kab.,Kolaka Utara,Sulawesi Tenggara,1
79,Lambandia,93578,15,-,74.11.05,Kab.,Kolaka Timur,Sulawesi Tenggara,1
80,Lambuya,93464,10,-,74.02.01,Kab.,Konawe,Sulawesi Tenggara,1
81,Landawe,93353,11,-,74.09.13,Kab.,Konawe Utara,Sulawesi Tenggara,1
82,Landono,93873,13,-,74.05.05,Kab.,Konawe Selatan,Sulawesi Tenggara,1
83,Langgikima,93351,12,-,74.09.03,Kab.,Konawe Utara,Sulawesi Tenggara,1
84,Lantari Jaya,93774,9,-,74.06.21,Kab.,Bombana,Sulawesi Tenggara,1
85,Laonti,93892,19,20,74.05.11,Kab.,Konawe Selatan,Sulawesi Tenggara,1
86,Lapandewa,93746,7,-,74.15.03,Kab.,Buton Selatan,Sulawesi Tenggara,1
87,Lasalepa,93621,7,-,74.03.14,Kab.,Muna,Sulawesi Tenggara,1
88,Lasalimu,93756,15,6,74.04.23,Kab.,Buton,Sulawesi Tenggara,1
89,Lasalimu Selatan,93757,16,-,74.04.24,Kab.,Buton,Sulawesi Tenggara,1
90,Lasolo,93352,17,51,74.09.05,Kab.,Konawe Utara,Sulawesi Tenggara,1
91,Lasolo Kepulauan,93341,6,-,74.09.12,Kab.,Konawe Utara,Sulawesi Tenggara,1
92,Lasusua,93911 - 93916,12,-,74.08.01,Kab.,Kolaka Utara,Sulawesi Tenggara,1
93,Latambaga,93512 - 93514,7,-,74.01.14,Kab.,Kolaka,Sulawesi Tenggara,1
94,Latoma,93471,11,-,74.02.16,Kab.,Konawe,Sulawesi Tenggara,1
95,Lawa,93651,8,-,74.13.03,Kab.,Muna Barat,Sulawesi Tenggara,1
96,Lea-Lea,93733,5,-,74.72.07,Kota,Bau Bau,Sulawesi Tenggara,1
97,Lembo,93350,12,-,74.09.06,Kab.,Konawe Utara,Sulawesi Tenggara,1
98,Loea,93581,9,-,74.11.02,Kab.,Kolaka Timur,Sulawesi Tenggara,1
99,Lohia,93626,9,79,74.03.18,Kab.,Muna,Sulawesi Tenggara,1
100,Maginti,93643,8,-,74.13.06,Kab.,Muna Barat,Sulawesi Tenggara,1
101,Maligano,93683,6,-,74.03.07,Kab.,Muna,Sulawesi Tenggara,1
102,Mandonga,93111 - 93113,6,-,74.71.01,Kota,Kendari,Sulawesi Tenggara,1
103,Marobo,93666,5,-,74.03.31,Kab.,Muna,Sulawesi Tenggara,1
104,Mata Oleo,93770,11,3,74.06.08,Kab.,Bombana,Sulawesi Tenggara,1
105,Mata Usu,93786,5,-,74.06.22,Kab.,Bombana,Sulawesi Tenggara,1
106,Mawasangka,93762,19,-,74.14.04,Kab.,Buton Tengah,Sulawesi Tenggara,1
107,Mawasangka Tengah,93764,10,-,74.14.03,Kab.,Buton Tengah,Sulawesi Tenggara,1
108,Mawasangka Timur,93765,8,1,74.14.02,Kab.,Buton Tengah,Sulawesi Tenggara,1
109,Meluhu,93472,9,-,74.02.25,Kab.,Konawe,Sulawesi Tenggara,1
110,Molawe,93359,9,-,74.09.04,Kab.,Konawe Utara,Sulawesi Tenggara,1
111,Moramo,93891,20,5,74.05.10,Kab.,Konawe Selatan,Sulawesi Tenggara,1
112,Moramo Utara,93890,10,-,74.05.16,Kab.,Konawe Selatan,Sulawesi Tenggara,1
113,Morosi,93456,10,-,74.02.39,Kab.,Konawe,Sulawesi Tenggara,1
114,Motui,93358,15,-,74.09.10,Kab.,Konawe Utara,Sulawesi Tenggara,1
115,Mowewe,93571,10,-,74.11.07,Kab.,Kolaka Timur,Sulawesi Tenggara,1
116,Mowila,93879,20,-,74.05.15,Kab.,Konawe Selatan,Sulawesi Tenggara,1
117,Murhum,93721 - 93727,5,-,74.72.06,Kota,Bau Bau,Sulawesi Tenggara,1
118,Nambo,93234 - 93238,6,-,74.71.11,Kota,Kendari,Sulawesi Tenggara,1
119,Napabalano,93622,6,6,74.03.06,Kab.,Muna,Sulawesi Tenggara,1
120,Napano Kusambi,93658,6,-,74.13.11,Kab.,Muna Barat,Sulawesi Tenggara,1
121,Ngapa,93958,12,-,74.08.06,Kab.,Kolaka Utara,Sulawesi Tenggara,1
122,Oheo,93354,17,-,74.09.08,Kab.,Konawe Utara,Sulawesi Tenggara,1
123,Onembute,93465,12,-,74.02.37,Kab.,Konawe,Sulawesi Tenggara,1
124,Padangguni,93442,11,-,74.02.38,Kab.,Konawe,Sulawesi Tenggara,1
125,Pakue,93954,11,-,74.08.02,Kab.,Kolaka Utara,Sulawesi Tenggara,1
126,Pakue Tengah,93953,10,-,74.08.10,Kab.,Kolaka Utara,Sulawesi Tenggara,1
127,Pakue Utara,93952,9,-,74.08.11,Kab.,Kolaka Utara,Sulawesi Tenggara,1
128,Palangga,93882,15,-,74.05.04,Kab.,Konawe Selatan,Sulawesi Tenggara,1
129,Palangga Selatan,93884,10,-,74.05.14,Kab.,Konawe Selatan,Sulawesi Tenggara,1
130,Parigi,93667,11,-,74.03.25,Kab.,Muna,Sulawesi Tenggara,1
131,Pasarwajo (Pasar Wajo),93752,22,-,74.04.11,Kab.,Buton,Sulawesi Tenggara,1
132,Pasi Kolaga,93684,4,-,74.03.33,Kab.,Muna,Sulawesi Tenggara,1
133,Pasir Putih,93685,6,3,74.03.28,Kab.,Muna,Sulawesi Tenggara,1
134,Poasia,93231 - 93233,5,-,74.71.04,Kota,Kendari,Sulawesi Tenggara,1
135,Poleang,93772,10,1,74.06.01,Kab.,Bombana,Sulawesi Tenggara,1
136,Poleang Barat,93772,11,-,74.06.07,Kab.,Bombana,Sulawesi Tenggara,1
137,Poleang Selatan,93773,5,1,74.06.11,Kab.,Bombana,Sulawesi Tenggara,1
138,Poleang Tengah,93779,4,-,74.06.19,Kab.,Bombana,Sulawesi Tenggara,1
139,Poleang Tenggara,93775,5,1,74.06.12,Kab.,Bombana,Sulawesi Tenggara,1
140,Poleang Timur,93776,5,-,74.06.02,Kab.,Bombana,Sulawesi Tenggara,1
141,Poleang Utara,93777,8,-,74.06.10,Kab.,Bombana,Sulawesi Tenggara,1
142,Poli Polia,93579,12,-,74.11.04,Kab.,Kolaka Timur,Sulawesi Tenggara,1
143,Polinggona,93563,7,-,74.01.25,Kab.,Kolaka,Sulawesi Tenggara,1
144,Pomalaa,93562,12,-,74.01.07,Kab.,Kolaka,Sulawesi Tenggara,1
145,Pondidaha,93467,18,-,74.02.04,Kab.,Konawe,Sulawesi Tenggara,1
146,Porehu,93950,8,-,74.08.12,Kab.,Kolaka Utara,Sulawesi Tenggara,1
147,Puriala,93411 - 93464,16,-,74.02.17,Kab.,Konawe,Sulawesi Tenggara,1
148,Puuwatu,93114 - 93115,6,-,74.71.09,Kota,Kendari,Sulawesi Tenggara,1
149,Ranomeeto,93870,12,-,74.05.08,Kab.,Konawe Selatan,Sulawesi Tenggara,1
150,Ranomeeto Barat,93871,9,-,74.05.22,Kab.,Konawe Selatan,Sulawesi Tenggara,1
151,Rante Angin,93961,7,-,74.08.04,Kab.,Kolaka Utara,Sulawesi Tenggara,1
152,Rarowatu,93787,9,-,74.06.03,Kab.,Bombana,Sulawesi Tenggara,1
153,Rarowatu Utara,93788,8,1,74.06.09,Kab.,Bombana,Sulawesi Tenggara,1
154,Routa,93453,7,-,74.02.23,Kab.,Konawe,Sulawesi Tenggara,1
155,Rumbia,93771,5,-,74.06.04,Kab.,Bombana,Sulawesi Tenggara,1
156,Rumbia Tengah,93771,5,-,74.06.18,Kab.,Bombana,Sulawesi Tenggara,1
157,Sabulakoa,93872,8,-,74.05.24,Kab.,Konawe Selatan,Sulawesi Tenggara,1
158,Samaturu,93521,19,-,74.01.20,Kab.,Kolaka,Sulawesi Tenggara,1
159,Sampara,93458,15,-,74.02.05,Kab.,Konawe,Sulawesi Tenggara,1
160,Sampolawa,93747,16,-,74.15.02,Kab.,Buton Selatan,Sulawesi Tenggara,1
161,Sangia Wambulu,93760,6,-,74.14.07,Kab.,Buton Tengah,Sulawesi Tenggara,1
162,Sawa,93357,14,-,74.09.07,Kab.,Konawe Utara,Sulawesi Tenggara,1
163,Sawerigadi,93657,10,-,74.13.01,Kab.,Muna Barat,Sulawesi Tenggara,1
164,Siompu,93743,10,-,74.15.06,Kab.,Buton Selatan,Sulawesi Tenggara,1
165,Siompu Barat,93744,8,-,74.15.05,Kab.,Buton Selatan,Sulawesi Tenggara,1
166,Siotapina (Siontapia / Siontapina),93758,11,-,74.04.27,Kab.,Buton,Sulawesi Tenggara,1
167,Sorawolio (Sora Walio / Sorowalio),93731,4,-,74.72.03,Kota,Bau Bau,Sulawesi Tenggara,1
168,Soropia,93451,15,4,74.02.11,Kab.,Konawe,Sulawesi Tenggara,1
169,Talaga Raya,93766,7,-,74.14.05,Kab.,Buton Tengah,Sulawesi Tenggara,1
170,Tanggetada,93564,14,-,74.01.18,Kab.,Kolaka,Sulawesi Tenggara,1
171,Tinanggea,93886,24,-,74.05.01,Kab.,Konawe Selatan,Sulawesi Tenggara,1
172,Tinondo,93570,12,-,74.11.09,Kab.,Kolaka Timur,Sulawesi Tenggara,1
173,Tirawuta,93582,16,-,74.11.01,Kab.,Kolaka Timur,Sulawesi Tenggara,1
174,Tiworo Kepulauan,93653,9,-,74.13.09,Kab.,Muna Barat,Sulawesi Tenggara,1
175,Tiworo Selatan,93644,5,-,74.13.05,Kab.,Muna Barat,Sulawesi Tenggara,1
176,Tiworo Tengah,93654,8,-,74.13.07,Kab.,Muna Barat,Sulawesi Tenggara,1
177,Tiworo Utara,93656,7,-,74.13.08,Kab.,Muna Barat,Sulawesi Tenggara,1
178,Tiwu,93963,7,-,74.08.14,Kab.,Kolaka Utara,Sulawesi Tenggara,1
179,Toari,93565,10,-,74.01.24,Kab.,Kolaka,Sulawesi Tenggara,1
180,Togo Binongko,93796,5,-,74.07.08,Kab.,Wakatobi,Sulawesi Tenggara,1
181,Tolala,93951,6,-,74.08.15,Kab.,Kolaka Utara,Sulawesi Tenggara,1
182,Tomia,93793,10,11,74.07.03,Kab.,Wakatobi,Sulawesi Tenggara,1
183,Tomia Timur,93797,10,5,74.07.07,Kab.,Wakatobi,Sulawesi Tenggara,1
184,Tongauna,93460,10,-,74.02.15,Kab.,Konawe,Sulawesi Tenggara,1
185,Tongauna Utara,93460,10,-,74.02.42,Kab.,Konawe,Sulawesi Tenggara,1
186,Tongkuno,93662,12,36,74.03.27,Kab.,Muna,Sulawesi Tenggara,1
187,Tongkuno Selatan,93665,6,-,74.03.32,Kab.,Muna,Sulawesi Tenggara,1
188,Tontonunu,93789,5,-,74.06.20,Kab.,Bombana,Sulawesi Tenggara,1
189,Towea,93623,5,-,74.03.37,Kab.,Muna,Sulawesi Tenggara,1
190,Ueesi,93575,11,-,74.11.11,Kab.,Kolaka Timur,Sulawesi Tenggara,1
191,Uepai,93466,18,-,74.02.18,Kab.,Konawe,Sulawesi Tenggara,1
192,Uluiwoi,93574,10,-,74.11.08,Kab.,Kolaka Timur,Sulawesi Tenggara,1
193,Unaaha,93411 - 93418,12,-,74.02.02,Kab.,Konawe,Sulawesi Tenggara,1
194,Wabula,93753,7,-,74.04.29,Kab.,Buton,Sulawesi Tenggara,1
195,Wadaga,93652,7,-,74.13.04,Kab.,Muna Barat,Sulawesi Tenggara,1
196,Wakorumba Selatan,93681,5,1,74.03.13,Kab.,Muna,Sulawesi Tenggara,1
197,Wakorumba Utara,93671,13,-,74.10.06,Kab.,Buton Utara,Sulawesi Tenggara,1
198,Wangi Wangi,93791,20,1,74.07.01,Kab.,Wakatobi,Sulawesi Tenggara,1
199,Wangi Wangi Selatan,93795,21,26,74.07.05,Kab.,Wakatobi,Sulawesi Tenggara,1
200,Watopute,93624,8,-,74.03.19,Kab.,Muna,Sulawesi Tenggara,1
201,Watubangga,93566,14,-,74.01.08,Kab.,Kolaka,Sulawesi Tenggara,1
202,Watunohu,93959,8,-,74.08.09,Kab.,Kolaka Utara,Sulawesi Tenggara,1
203,Wawo,93962,7,-,74.08.07,Kab.,Kolaka Utara,Sulawesi Tenggara,1
204,Wawolesea,93342,8,-,74.09.11,Kab.,Konawe Utara,Sulawesi Tenggara,1
205,Wawonii Barat,93391,16,-,74.12.01,Kab.,Konawe Kepulauan,Sulawesi Tenggara,1
206,Wawonii Selatan,93392,11,-,74.12.06,Kab.,Konawe Kepulauan,Sulawesi Tenggara,1
207,Wawonii Tengah,93393,12,-,74.12.07,Kab.,Konawe Kepulauan,Sulawesi Tenggara,1
208,Wawonii Tenggara,93394,15,-,74.12.05,Kab.,Konawe Kepulauan,Sulawesi Tenggara,1
209,Wawonii Timur,93396,11,-,74.12.04,Kab.,Konawe Kepulauan,Sulawesi Tenggara,1
210,Wawonii Timur Laut,93397,10,-,74.12.03,Kab.,Konawe Kepulauan,Sulawesi Tenggara,1
211,Wawonii Utara,93398,21,-,74.12.02,Kab.,Konawe Kepulauan,Sulawesi Tenggara,1
212,Wawotobi,93462,19,-,74.02.03,Kab.,Konawe,Sulawesi Tenggara,1
213,Wiwirano,93343,15,-,74.09.02,Kab.,Konawe Utara,Sulawesi Tenggara,1
214,Wolasi,93878,6,-,74.05.18,Kab.,Konawe Selatan,Sulawesi Tenggara,1
215,Wolio,93711 - 93717,7,-,74.72.02,Kota,Bau Bau,Sulawesi Tenggara,1
216,Wolo,93553,14,2,74.01.10,Kab.,Kolaka,Sulawesi Tenggara,1
217,Wolowa,93754,7,-,74.04.28,Kab.,Buton,Sulawesi Tenggara,1
218,Wonggeduku,93468,16,-,74.02.19,Kab.,Konawe,Sulawesi Tenggara,1
219,Wonggeduku Barat,93469,14,-,74.02.41,Kab.,Konawe,Sulawesi Tenggara,1
220,Wua-Wua,93117 - 93118,4,-,74.71.07,Kota,Kendari,Sulawesi Tenggara,1
221,Wundulako,93560,11,10,74.01.01,Kab.,Kolaka,Sulawesi Tenggara,1
1,Aertembaga (Bitung Timur),95521 - 95529,10,-,71.72.04,Kota,Bitung,Sulawesi Utara,1
2,Airmadidi,95371,9,-,71.06.03,Kab.,Minahasa Utara,Sulawesi Utara,1
3,Amurang,95957,8,-,71.05.10,Kab.,Minahasa Selatan,Sulawesi Utara,1
4,Amurang Barat,95955,10,-,71.05.17,Kab.,Minahasa Selatan,Sulawesi Utara,1
5,Amurang Timur,95954,10,-,71.05.18,Kab.,Minahasa Selatan,Sulawesi Utara,1
6,Belang,95992,20,5,71.07.03,Kab.,Minahasa Tenggara,Sulawesi Utara,1
7,Beo,95876,6,-,71.04.02,Kab.,Kepulauan Talaud,Sulawesi Utara,1
8,Beo Selatan,95877,7,-,71.04.18,Kab.,Kepulauan Talaud,Sulawesi Utara,1
9,Beo Utara,95881,8,-,71.04.14,Kab.,Kepulauan Talaud,Sulawesi Utara,1
10,Biaro,95864,5,20,71.09.07,Kab.,Kepulauan Siau Tagulandang Biaro (Sitaro),Sulawesi Utara,1
11,Bilalang,95755,8,-,71.01.32,Kab.,Bolaang Mongondow,Sulawesi Utara,1
12,Bintauna,95763,16,-,71.08.02,Kab.,Bolaang Mongondow Utara,Sulawesi Utara,1
13,Bolaang,95752,11,-,71.01.13,Kab.,Bolaang Mongondow,Sulawesi Utara,1
14,Bolaang Timur,95754,9,-,71.01.31,Kab.,Bolaang Mongondow,Sulawesi Utara,1
15,Bolaang Uki,95770,17,-,71.11.01,Kab.,Bolaang Mongondow Selatan,Sulawesi Utara,1
16,Bolangitang Barat (Bolang Itang Barat),95764,18,-,71.08.04,Kab.,Bolaang Mongondow Utara,Sulawesi Utara,1
17,Bolangitang Timur (Bolang Itang Timur),95767,20,1,71.08.03,Kab.,Bolaang Mongondow Utara,Sulawesi Utara,1
18,Bunaken,95231 - 95249,5,3,71.71.01,Kota,Manado,Sulawesi Utara,1
19,Bunaken Kepulauan,95231 - 95246,4,-,71.71.10,Kota,Manado,Sulawesi Utara,1
20,Damau (Damao),95872,8,1,71.04.09,Kab.,Kepulauan Talaud,Sulawesi Utara,1
21,Dimembe,95373,11,-,71.06.05,Kab.,Minahasa Utara,Sulawesi Utara,1
22,Dumoga,95733,12,-,71.01.33,Kab.,Bolaang Mongondow,Sulawesi Utara,1
23,Dumoga Barat,95731,12,-,71.01.09,Kab.,Bolaang Mongondow,Sulawesi Utara,1
24,Dumoga Tengah,95732,10,-,71.01.35,Kab.,Bolaang Mongondow,Sulawesi Utara,1
25,Dumoga Tenggara,95735,10,-,71.01.34,Kab.,Bolaang Mongondow,Sulawesi Utara,1
26,Dumoga Timur,95736,16,-,71.01.10,Kab.,Bolaang Mongondow,Sulawesi Utara,1
27,Dumoga Utara,95734,16,-,71.01.11,Kab.,Bolaang Mongondow,Sulawesi Utara,1
28,Eris,95683,8,-,71.02.03,Kab.,Minahasa,Sulawesi Utara,1
29,Essang,95883,8,-,71.04.04,Kab.,Kepulauan Talaud,Sulawesi Utara,1
30,Essang Selatan,95887,9,-,71.04.19,Kab.,Kepulauan Talaud,Sulawesi Utara,1
31,Gemeh,95888,15,-,71.04.08,Kab.,Kepulauan Talaud,Sulawesi Utara,1
32,Girian,95511 - 95544,7,-,71.72.06,Kota,Bitung,Sulawesi Utara,1
33,Helumo,95779,11,-,71.11.06,Kab.,Bolaang Mongondow Selatan,Sulawesi Utara,1
34,Kabaruan,95873,12,-,71.04.06,Kab.,Kepulauan Talaud,Sulawesi Utara,1
35,Kaidipang,95765,15,2,71.08.05,Kab.,Bolaang Mongondow Utara,Sulawesi Utara,1
36,Kakas,95680,13,-,71.02.06,Kab.,Minahasa,Sulawesi Utara,1
37,Kakas Barat,95682,10,-,71.02.20,Kab.,Minahasa,Sulawesi Utara,1
38,Kalawat,95378,12,-,71.06.08,Kab.,Minahasa Utara,Sulawesi Utara,1
39,Kalongan,95874,5,-,71.04.12,Kab.,Kepulauan Talaud,Sulawesi Utara,1
40,Kauditan,95372,12,-,71.06.02,Kab.,Minahasa Utara,Sulawesi Utara,1
41,Kawangkoan,95690,10,-,71.02.12,Kab.,Minahasa,Sulawesi Utara,1
42,Kawangkoan Barat,95692,10,-,71.02.22,Kab.,Minahasa,Sulawesi Utara,1
43,Kawangkoan Utara,95699,10,-,71.02.21,Kab.,Minahasa,Sulawesi Utara,1
44,Kema,95379,10,9,71.06.01,Kab.,Minahasa Utara,Sulawesi Utara,1
45,Kendahe,95852,8,6,71.03.16,Kab.,Kepulauan Sangihe,Sulawesi Utara,1
46,Kepulauan Marore,95841,3,-,71.03.25,Kab.,Kepulauan Sangihe,Sulawesi Utara,1
47,Kombi,95684,13,-,71.02.04,Kab.,Minahasa,Sulawesi Utara,1
48,Kotabunan,95782,15,3,71.10.02,Kab.,Bolaang Mongondow Timur,Sulawesi Utara,1
49,Kotamobagu Barat,95711 - 95716,6,-,71.74.04,Kota,Kotamobagu,Sulawesi Utara,1
50,Kotamobagu Selatan,95717,9,-,71.74.03,Kota,Kotamobagu,Sulawesi Utara,1
51,Kotamobagu Timur,95712 - 95719,10,-,71.74.02,Kota,Kotamobagu,Sulawesi Utara,1
52,Kotamobagu Utara,95713 - 95714,8,-,71.74.01,Kota,Kotamobagu,Sulawesi Utara,1
53,Kumelembuai,95956,8,-,71.05.15,Kab.,Minahasa Selatan,Sulawesi Utara,1
54,Langowan Barat,95694,16,-,71.02.10,Kab.,Minahasa,Sulawesi Utara,1
55,Langowan Selatan,95695,10,-,71.02.17,Kab.,Minahasa,Sulawesi Utara,1
56,Langowan Timur,95696,8,-,71.02.09,Kab.,Minahasa,Sulawesi Utara,1
57,Langowan Utara,95697,8,-,71.02.19,Kab.,Minahasa,Sulawesi Utara,1
58,Lembean Timur,95685,11,-,71.02.05,Kab.,Minahasa,Sulawesi Utara,1
59,Lembeh Selatan (Bitung Selatan),95551 - 95558,7,15,71.72.01,Kota,Bitung,Sulawesi Utara,1
60,Lembeh Utara,95551 - 95559,10,-,71.72.08,Kota,Bitung,Sulawesi Utara,1
61,Likupang Barat,95377,20,12,71.06.06,Kab.,Minahasa Utara,Sulawesi Utara,1
62,Likupang Selatan,95374,7,-,71.06.10,Kab.,Minahasa Utara,Sulawesi Utara,1
63,Likupang Timur,95375,18,17,71.06.07,Kab.,Minahasa Utara,Sulawesi Utara,1
64,Lirung,95875,7,-,71.04.01,Kab.,Kepulauan Talaud,Sulawesi Utara,1
65,Lolak,95741,26,2,71.01.12,Kab.,Bolaang Mongondow,Sulawesi Utara,1
66,Lolayan,95737,14,-,71.01.14,Kab.,Bolaang Mongondow,Sulawesi Utara,1
67,Madidir (Bitung Tengah),95513 - 95541,8,-,71.72.02,Kota,Bitung,Sulawesi Utara,1
68,Maesa,95511 - 95523,8,-,71.72.07,Kota,Bitung,Sulawesi Utara,1
69,Maesaan,95357,12,-,71.05.16,Kab.,Minahasa Selatan,Sulawesi Utara,1
70,Malalayang,95115 - 95163,9,-,71.71.09,Kota,Manado,Sulawesi Utara,1
71,Mandolang,95661,12,-,71.02.23,Kab.,Minahasa,Sulawesi Utara,1
72,Manganitu,95853,18,4,71.03.13,Kab.,Kepulauan Sangihe,Sulawesi Utara,1
73,Manganitu Selatan,95854,13,22,71.03.10,Kab.,Kepulauan Sangihe,Sulawesi Utara,1
74,Mapanget,95249 - 95259,10,-,71.71.08,Kota,Manado,Sulawesi Utara,1
75,Matuari (Bitung Barat),95539 - 95547,8,-,71.72.05,Kota,Bitung,Sulawesi Utara,1
76,Melonguane,95885,13,-,71.04.07,Kab.,Kepulauan Talaud,Sulawesi Utara,1
77,Melonguane Timur,95886,6,-,71.04.16,Kab.,Kepulauan Talaud,Sulawesi Utara,1
78,Miangas,95889,1,1,71.04.13,Kab.,Kepulauan Talaud,Sulawesi Utara,1
79,Modayag,95780,14,-,71.10.04,Kab.,Bolaang Mongondow Timur,Sulawesi Utara,1
80,Modayag Barat,95781,10,-,71.10.05,Kab.,Bolaang Mongondow Timur,Sulawesi Utara,1
81,Modoinding,95958,10,-,71.05.01,Kab.,Minahasa Selatan,Sulawesi Utara,1
82,Mooat,95784,10,-,71.10.07,Kab.,Bolaang Mongondow Timur,Sulawesi Utara,1
83,Moronge,95870,6,-,71.04.17,Kab.,Kepulauan Talaud,Sulawesi Utara,1
84,Motoling,95941,7,-,71.05.07,Kab.,Minahasa Selatan,Sulawesi Utara,1
85,Motoling Barat,95942,8,-,71.05.21,Kab.,Minahasa Selatan,Sulawesi Utara,1
86,Motoling Timur,95943,8,-,71.05.22,Kab.,Minahasa Selatan,Sulawesi Utara,1
87,Motongkad,95785,11,-,71.10.06,Kab.,Bolaang Mongondow Timur,Sulawesi Utara,1
88,Nanusa,95884,9,7,71.04.05,Kab.,Kepulauan Talaud,Sulawesi Utara,1
89,Nuangan,95786,11,3,71.10.03,Kab.,Bolaang Mongondow Timur,Sulawesi Utara,1
90,Nusa Tabukan,95842,5,15,71.03.09,Kab.,Kepulauan Sangihe,Sulawesi Utara,1
91,Paal Dua,95127 - 95129,7,-,71.71.11,Kota,Manado,Sulawesi Utara,1
92,Pasan,95993,11,-,71.07.11,Kab.,Minahasa Tenggara,Sulawesi Utara,1
93,Passi Barat,95751,13,-,71.01.19,Kab.,Bolaang Mongondow,Sulawesi Utara,1
94,Passi Timur,95750,13,-,71.01.22,Kab.,Bolaang Mongondow,Sulawesi Utara,1
95,Pineleng,95662,14,-,71.02.13,Kab.,Minahasa,Sulawesi Utara,1
96,Pinogaluman,95766,22,3,71.08.06,Kab.,Bolaang Mongondow Utara,Sulawesi Utara,1
97,Pinolosian,95775,10,4,71.11.03,Kab.,Bolaang Mongondow Selatan,Sulawesi Utara,1
98,Pinolosian Tengah,95776,8,-,71.11.04,Kab.,Bolaang Mongondow Selatan,Sulawesi Utara,1
99,Pinolosian Timur,95777,12,-,71.11.05,Kab.,Bolaang Mongondow Selatan,Sulawesi Utara,1
100,Poigar,95753,20,-,71.01.20,Kab.,Bolaang Mongondow,Sulawesi Utara,1
101,Posigadan,95774,16,-,71.11.02,Kab.,Bolaang Mongondow Selatan,Sulawesi Utara,1
102,Pulutan,95878,5,-,71.04.15,Kab.,Kepulauan Talaud,Sulawesi Utara,1
103,Pusomaen,95997,15,9,71.07.02,Kab.,Minahasa Tenggara,Sulawesi Utara,1
104,Rainis,95880,11,-,71.04.03,Kab.,Kepulauan Talaud,Sulawesi Utara,1
105,Ranowulu (Bitung Utara),95531 - 95538,11,-,71.72.03,Kota,Bitung,Sulawesi Utara,1
106,Ranoyapo,95944,12,-,71.05.03,Kab.,Minahasa Selatan,Sulawesi Utara,1
107,Ratahan,95994,11,-,71.07.01,Kab.,Minahasa Tenggara,Sulawesi Utara,1
108,Ratahan Timur,95995,10,-,71.07.12,Kab.,Minahasa Tenggara,Sulawesi Utara,1
109,Ratatotok,95999,15,10,71.07.04,Kab.,Minahasa Tenggara,Sulawesi Utara,1
110,Remboken,95681,11,-,71.02.08,Kab.,Minahasa,Sulawesi Utara,1
111,Salibabu,95871,6,-,71.04.11,Kab.,Kepulauan Talaud,Sulawesi Utara,1
112,Sang Tombolang,95742,12,4,71.01.05,Kab.,Bolaang Mongondow,Sulawesi Utara,1
113,Sangkub,95762,16,-,71.08.01,Kab.,Bolaang Mongondow Utara,Sulawesi Utara,1
114,Sario,95113 - 95116,7,-,71.71.06,Kota,Manado,Sulawesi Utara,1
115,Siau Barat,95862,12,2,71.09.02,Kab.,Kepulauan Siau Tagulandang Biaro (Sitaro),Sulawesi Utara,1
116,Siau Barat Selatan,95868,7,-,71.09.05,Kab.,Kepulauan Siau Tagulandang Biaro (Sitaro),Sulawesi Utara,1
117,Siau Barat Utara,95869,8,1,71.09.08,Kab.,Kepulauan Siau Tagulandang Biaro (Sitaro),Sulawesi Utara,1
118,Siau Tengah,95860,4,-,71.09.09,Kab.,Kepulauan Siau Tagulandang Biaro (Sitaro),Sulawesi Utara,1
119,Siau Timur,95861,16,12,71.09.01,Kab.,Kepulauan Siau Tagulandang Biaro (Sitaro),Sulawesi Utara,1
120,Siau Timur Selatan,95867,14,1,71.09.04,Kab.,Kepulauan Siau Tagulandang Biaro (Sitaro),Sulawesi Utara,1
121,Silian Raya,95998,10,-,71.07.08,Kab.,Minahasa Tenggara,Sulawesi Utara,1
122,Singkil,95231 - 95234,9,-,71.71.03,Kota,Manado,Sulawesi Utara,1
123,Sinonsayang,95959,13,-,71.05.08,Kab.,Minahasa Selatan,Sulawesi Utara,1
124,Sonder,95691,19,-,71.02.11,Kab.,Minahasa,Sulawesi Utara,1
125,Suluun Tareran,95952,9,-,71.05.23,Kab.,Minahasa Selatan,Sulawesi Utara,1
126,Tabukan Selatan,95858,14,16,71.03.15,Kab.,Kepulauan Sangihe,Sulawesi Utara,1
127,Tabukan Selatan Tengah,95859,9,-,71.03.19,Kab.,Kepulauan Sangihe,Sulawesi Utara,1
128,Tabukan Selatan Tenggara,95850,6,-,71.03.20,Kab.,Kepulauan Sangihe,Sulawesi Utara,1
129,Tabukan Tengah,95857,18,-,71.03.14,Kab.,Kepulauan Sangihe,Sulawesi Utara,1
130,Tabukan Utara,95856,24,10,71.03.08,Kab.,Kepulauan Sangihe,Sulawesi Utara,1
131,Tagulandang,95863,15,5,71.09.03,Kab.,Kepulauan Siau Tagulandang Biaro (Sitaro),Sulawesi Utara,1
132,Tagulandang Selatan,95866,6,-,71.09.10,Kab.,Kepulauan Siau Tagulandang Biaro (Sitaro),Sulawesi Utara,1
133,Tagulandang Utara,95865,6,-,71.09.06,Kab.,Kepulauan Siau Tagulandang Biaro (Sitaro),Sulawesi Utara,1
134,Tahuna,95811 - 95813,8,-,71.03.17,Kab.,Kepulauan Sangihe,Sulawesi Utara,1
135,Tahuna Barat,95811 - 95818,6,-,71.03.23,Kab.,Kepulauan Sangihe,Sulawesi Utara,1
136,Tahuna Timur,95812 - 95816,8,-,71.03.24,Kab.,Kepulauan Sangihe,Sulawesi Utara,1
137,Talawaan,95370,12,-,71.06.09,Kab.,Minahasa Utara,Sulawesi Utara,1
138,Tamako,95855,20,10,71.03.12,Kab.,Kepulauan Sangihe,Sulawesi Utara,1
139,Tampan&#039; Amma (Tampan Amma),95882,11,-,71.04.10,Kab.,Kepulauan Talaud,Sulawesi Utara,1
140,Tareran,95953,13,-,71.05.13,Kab.,Minahasa Selatan,Sulawesi Utara,1
141,Tatapaan,95351,11,-,71.05.19,Kab.,Minahasa Selatan,Sulawesi Utara,1
142,Tatoareng,95851,7,22,71.03.11,Kab.,Kepulauan Sangihe,Sulawesi Utara,1
143,Tenga,95355,18,-,71.05.09,Kab.,Minahasa Selatan,Sulawesi Utara,1
144,Tikala,95124 - 95129,5,-,71.71.05,Kota,Manado,Sulawesi Utara,1
145,Tombariri,95651,10,-,71.02.15,Kab.,Minahasa,Sulawesi Utara,1
146,Tombariri Timur,95652,10,-,71.02.24,Kab.,Minahasa,Sulawesi Utara,1
147,Tombatu,95996,11,-,71.07.05,Kab.,Minahasa Tenggara,Sulawesi Utara,1
148,Tombatu Timur,95990,11,-,71.07.09,Kab.,Minahasa Tenggara,Sulawesi Utara,1
149,Tombatu Utara,95991,10,-,71.07.10,Kab.,Minahasa Tenggara,Sulawesi Utara,1
150,Tombulu,95663,11,-,71.02.14,Kab.,Minahasa,Sulawesi Utara,1
151,Tomini,95778,7,-,71.11.07,Kab.,Bolaang Mongondow Selatan,Sulawesi Utara,1
152,Tomohon Barat,95421 - 95425,8,-,71.73.04,Kota,Tomohon,Sulawesi Utara,1
153,Tomohon Selatan,95431 - 95439,12,-,71.73.01,Kota,Tomohon,Sulawesi Utara,1
154,Tomohon Tengah,95441 - 95445,9,-,71.73.02,Kota,Tomohon,Sulawesi Utara,1
155,Tomohon Timur,95446 - 95449,5,-,71.73.05,Kota,Tomohon,Sulawesi Utara,1
156,Tomohon Utara,95411 - 95419,10,-,71.73.03,Kota,Tomohon,Sulawesi Utara,1
157,Tompaso,95693,10,-,71.02.07,Kab.,Minahasa,Sulawesi Utara,1
158,Tompaso Barat,95698,10,-,71.02.25,Kab.,Minahasa,Sulawesi Utara,1
159,Tompaso Baru,95358,10,-,71.05.02,Kab.,Minahasa Selatan,Sulawesi Utara,1
160,Tondano Barat,95615 - 95617,9,-,71.02.01,Kab.,Minahasa,Sulawesi Utara,1
161,Tondano Selatan,95618 - 95619,8,-,71.02.18,Kab.,Minahasa,Sulawesi Utara,1
162,Tondano Timur,95611 - 95614,11,-,71.02.02,Kab.,Minahasa,Sulawesi Utara,1
163,Tondano Utara,95610 - 95615,8,-,71.02.16,Kab.,Minahasa,Sulawesi Utara,1
164,Touluaan,95981,10,-,71.07.06,Kab.,Minahasa Tenggara,Sulawesi Utara,1
165,Touluaan Selatan,95982,10,-,71.07.07,Kab.,Minahasa Tenggara,Sulawesi Utara,1
166,Tuminting (Tuminiting),95238 - 95239,10,-,71.71.02,Kota,Manado,Sulawesi Utara,1
167,Tumpaan,95352,10,-,71.05.12,Kab.,Minahasa Selatan,Sulawesi Utara,1
168,Tutuyan,95783,10,-,71.10.01,Kab.,Bolaang Mongondow Timur,Sulawesi Utara,1
169,Wanea,95117 - 95119,9,-,71.71.07,Kota,Manado,Sulawesi Utara,1
170,Wenang,95111 - 95124,12,-,71.71.04,Kota,Manado,Sulawesi Utara,1
171,Wori,95376,20,6,71.06.04,Kab.,Minahasa Utara,Sulawesi Utara,1
1,2 x 11 Enam Lingkuang,25584,3,-,13.05.04,Kab.,Padang Pariaman,Sumatera Barat,1
2,2 x 11 Kayu Tanam,25585,4,-,13.05.15,Kab.,Padang Pariaman,Sumatera Barat,1
3,Airpura,25673,10,-,13.01.13,Kab.,Pesisir Selatan,Sumatera Barat,1
4,Akabiluru,26252,7,-,13.07.13,Kab.,Lima Puluh Kota,Sumatera Barat,1
5,Ampek Angkek (IV Angkat Candung),26190,7,-,13.06.07,Kab.,Agam,Sumatera Barat,1
6,Ampek Nagari (IV Nagari ),26161,4,-,13.06.13,Kab.,Agam,Sumatera Barat,1
7,Asam Jujuhan,27684,5,-,13.10.10,Kab.,Dharmasraya,Sumatera Barat,1
8,Aur Birugo Tigo Baleh,26131 - 26138,8,-,13.75.03,Kota,Bukittinggi,Sumatera Barat,1
9,Banuhampu,26181,7,-,13.06.06,Kab.,Agam,Sumatera Barat,1
10,Barangin,27421 - 27427,10,-,13.73.02,Kota,Sawahlunto,Sumatera Barat,1
11,Basa Ampek Balai Tapan,25672,10,-,13.01.11,Kab.,Pesisir Selatan,Sumatera Barat,1
12,Baso,26192,8,-,13.06.08,Kab.,Agam,Sumatera Barat,1
13,Batang Anai,25586,8,-,13.05.02,Kab.,Padang Pariaman,Sumatera Barat,1
14,Batang Gasan,25563,3,-,13.05.13,Kab.,Padang Pariaman,Sumatera Barat,1
15,Batang Kapas,25661,9,1,13.01.04,Kab.,Pesisir Selatan,Sumatera Barat,1
16,Batipuah Selatan (Batipuh Selatan),27266,4,-,13.04.14,Kab.,Tanah Datar,Sumatera Barat,1
17,Batipuh,27265,8,-,13.04.02,Kab.,Tanah Datar,Sumatera Barat,1
18,Bayang,25652,17,7,13.01.06,Kab.,Pesisir Selatan,Sumatera Barat,1
19,Bonjol,26381,5,-,13.08.04,Kab.,Pasaman,Sumatera Barat,1
20,Bukik Barisan,26257,5,-,13.07.12,Kab.,Lima Puluh Kota,Sumatera Barat,1
21,Bukit Sundi,27381,5,-,13.02.08,Kab.,Solok,Sumatera Barat,1
22,Bungus Teluk Kabung,25237,6,7,13.71.05,Kota,Padang,Sumatera Barat,1
23,Candung,26191,3,-,13.06.14,Kab.,Agam,Sumatera Barat,1
24,Danau Kembar,27383,2,-,13.02.19,Kab.,Solok,Sumatera Barat,1
25,Duo Koto,26311,7,-,13.08.12,Kab.,Pasaman,Sumatera Barat,1
26,Enam Lingkung,25583,5,-,13.05.17,Kab.,Padang Pariaman,Sumatera Barat,1
27,Guguak (Gugu),26253,5,-,13.07.02,Kab.,Lima Puluh Kota,Sumatera Barat,1
28,Guguak Panjang (Guguk Panjang),26111 - 26117,7,-,13.75.01,Kota,Bukittinggi,Sumatera Barat,1
29,Gunuang Omeh (Gunung Mas),26256,3,-,13.07.08,Kab.,Lima Puluh Kota,Sumatera Barat,1
30,Gunung Talang,27365,8,-,13.02.07,Kab.,Solok,Sumatera Barat,1
31,Gunung Tuleh (Gunungtuleh),26571,7,-,13.12.06,Kab.,Pasaman Barat,Sumatera Barat,1
32,Harau,26271,11,-,13.07.05,Kab.,Lima Puluh Kota,Sumatera Barat,1
33,Hiliran Gumanti,27372,3,-,13.02.17,Kab.,Solok,Sumatera Barat,1
34,IV Jurai,25651,20,9,13.01.05,Kab.,Pesisir Selatan,Sumatera Barat,1
35,IV Koto (Ampek Koto),26160,7,-,13.06.05,Kab.,Agam,Sumatera Barat,1
36,IV Koto Aur Malintang,25564,5,-,13.05.09,Kab.,Padang Pariaman,Sumatera Barat,1
37,IV Nagari,27561,5,-,13.03.05,Kab.,Sijunjung,Sumatera Barat,1
38,IV Nagari Bayang Utara,25653,6,-,13.01.12,Kab.,Pesisir Selatan,Sumatera Barat,1
39,IX Koto Sungai Lasi,27388,9,-,13.02.09,Kab.,Solok,Sumatera Barat,1
40,Junjung Sirih,27389,2,-,13.02.13,Kab.,Solok,Sumatera Barat,1
41,Kamang Baru,27572,11,-,13.03.06,Kab.,Sijunjung,Sumatera Barat,1
42,Kamang Magek,26152,5,-,13.06.15,Kab.,Agam,Sumatera Barat,1
43,Kapur IX/Sembilan,26273,7,-,13.07.07,Kab.,Lima Puluh Kota,Sumatera Barat,1
44,Kinali,26567,17,-,13.12.05,Kab.,Pasaman Barat,Sumatera Barat,1
45,Koto Balingka,26572,6,-,13.12.08,Kab.,Pasaman Barat,Sumatera Barat,1
46,Koto Baru,27681,4,-,13.10.01,Kab.,Dharmasraya,Sumatera Barat,1
47,Koto Besar,27685,7,-,13.10.11,Kab.,Dharmasraya,Sumatera Barat,1
48,Koto Parik Gadang Diateh,27775,4,-,13.11.03,Kab.,Solok Selatan,Sumatera Barat,1
49,Koto Salak,27680,5,-,13.10.07,Kab.,Dharmasraya,Sumatera Barat,1
50,Koto Tangah,25171 - 25176,13,2,13.71.11,Kota,Padang,Sumatera Barat,1
51,Koto VII,27562,7,-,13.03.08,Kab.,Sijunjung,Sumatera Barat,1
52,Koto XI Tarusan,25654,23,22,13.01.07,Kab.,Pesisir Selatan,Sumatera Barat,1
53,Kubung,27361,8,-,13.02.10,Kab.,Solok,Sumatera Barat,1
54,Kupitan,27564,4,-,13.03.10,Kab.,Sijunjung,Sumatera Barat,1
55,Kuranji,25151 - 25159,9,-,13.71.09,Kota,Padang,Sumatera Barat,1
56,Lamposi Tigo Nagori / Nagari,26219,6,-,13.76.04,Kota,Payakumbuh,Sumatera Barat,1
57,Lareh Sago Halaban,26262,8,-,13.07.09,Kab.,Lima Puluh Kota,Sumatera Barat,1
58,Lembah Gumanti,27371,4,-,13.02.04,Kab.,Solok,Sumatera Barat,1
59,Lembah Melintang,26570,9,-,13.12.02,Kab.,Pasaman Barat,Sumatera Barat,1
60,Lembah Segar,27411 - 27419,11,-,13.73.01,Kota,Sawahlunto,Sumatera Barat,1
61,Lembang Jaya,27384,6,-,13.02.06,Kab.,Solok,Sumatera Barat,1
62,Lengayang,25663,9,-,13.01.03,Kab.,Pesisir Selatan,Sumatera Barat,1
63,Lima Kaum,27211 - 27216,5,-,13.04.04,Kab.,Tanah Datar,Sumatera Barat,1
64,Linggo Sari Baganti,25668,16,2,13.01.09,Kab.,Pesisir Selatan,Sumatera Barat,1
65,Lintau Buo,27292,4,-,13.04.06,Kab.,Tanah Datar,Sumatera Barat,1
66,Lintau Buo Utara,27293,5,-,13.04.13,Kab.,Tanah Datar,Sumatera Barat,1
67,Luak (Luhak),26261,4,-,13.07.04,Kab.,Lima Puluh Kota,Sumatera Barat,1
68,Lubuak Tarok,27553,6,-,13.03.07,Kab.,Sijunjung,Sumatera Barat,1
69,Lubuk Alung,25581,9,-,13.05.01,Kab.,Padang Pariaman,Sumatera Barat,1
70,Lubuk Basung,26451,5,-,13.06.02,Kab.,Agam,Sumatera Barat,1
71,Lubuk Begalung,25221 - 25227,15,2,13.71.06,Kota,Padang,Sumatera Barat,1
72,Lubuk Kilangan,25231 - 25237,7,-,13.71.07,Kota,Padang,Sumatera Barat,1
73,Lubuk Sikaping,26318,13,-,13.08.05,Kab.,Pasaman,Sumatera Barat,1
74,Lubuk Sikarah,27311 - 27317,7,-,13.72.01,Kota,Solok,Sumatera Barat,1
75,Luhak Nan Duo,26568,9,-,13.12.10,Kab.,Pasaman Barat,Sumatera Barat,1
76,Lunang,25674,10,-,13.01.10,Kab.,Pesisir Selatan,Sumatera Barat,1
77,Malalak (Malakak),26163,4,-,13.06.16,Kab.,Agam,Sumatera Barat,1
78,Mandiangin Koto Selayan,26121 - 26129,9,-,13.75.02,Kota,Bukittinggi,Sumatera Barat,1
79,Mapat Tunggul,26353,4,-,13.08.08,Kab.,Pasaman,Sumatera Barat,1
80,Mapat Tunggul Selatan,26354,2,-,13.08.15,Kab.,Pasaman,Sumatera Barat,1
81,Matur,26162,6,-,13.06.04,Kab.,Agam,Sumatera Barat,1
82,Mungka,26254,5,-,13.07.11,Kab.,Lima Puluh Kota,Sumatera Barat,1
83,Nan Sabaris,25571,9,-,13.05.03,Kab.,Padang Pariaman,Sumatera Barat,1
84,Nanggalo,25142 - 25147,6,-,13.71.10,Kota,Padang,Sumatera Barat,1
85,Padang Barat,25111 - 25119,10,3,13.71.03,Kota,Padang,Sumatera Barat,1
86,Padang Ganting,27282,2,-,13.04.11,Kab.,Tanah Datar,Sumatera Barat,1
87,Padang Gelugur,26352,4,-,13.08.17,Kab.,Pasaman,Sumatera Barat,1
88,Padang Laweh,27682,4,-,13.10.09,Kab.,Dharmasraya,Sumatera Barat,1
89,Padang Panjang Barat,27111 - 27118,8,-,13.74.02,Kota,Padang Panjang,Sumatera Barat,1
90,Padang Panjang Timur,27121 - 27128,8,-,13.74.01,Kota,Padang Panjang,Sumatera Barat,1
91,Padang Sago,25573,6,-,13.05.12,Kab.,Padang Pariaman,Sumatera Barat,1
92,Padang Selatan,25211 - 25217,12,3,13.71.01,Kota,Padang,Sumatera Barat,1
93,Padang Timur,25121 - 25129,10,-,13.71.02,Kota,Padang,Sumatera Barat,1
94,Padang Utara,25132 - 25139,7,-,13.71.04,Kota,Padang,Sumatera Barat,1
95,Pagai Selatan,25391,4,31,13.09.10,Kab.,Kepulauan Mentawai,Sumatera Barat,1
96,Pagai Utara,25390,3,9,13.09.01,Kab.,Kepulauan Mentawai,Sumatera Barat,1
97,Palembayan (Pelembayan),26164,9,-,13.06.11,Kab.,Agam,Sumatera Barat,1
98,Palupuh,26151,5,-,13.06.10,Kab.,Agam,Sumatera Barat,1
99,Pancung Soal,25671,10,-,13.01.01,Kab.,Pesisir Selatan,Sumatera Barat,1
100,Pangkalan Koto Baru,26272,6,-,13.07.06,Kab.,Lima Puluh Kota,Sumatera Barat,1
101,Pantai Cermin,27373,2,-,13.02.03,Kab.,Solok,Sumatera Barat,1
102,Panti,26351,4,-,13.08.07,Kab.,Pasaman,Sumatera Barat,1
103,Pariaman Selatan,25531 - 25539,16,-,13.77.03,Kota,Pariaman,Sumatera Barat,1
104,Pariaman Tengah,25511 - 25519,22,3,13.77.01,Kota,Pariaman,Sumatera Barat,1
105,Pariaman Timur,25516 - 25536,16,-,13.77.04,Kota,Pariaman,Sumatera Barat,1
106,Pariaman Utara,25521 - 25529,17,1,13.77.02,Kota,Pariaman,Sumatera Barat,1
107,Pariangan,27264,6,-,13.04.09,Kab.,Tanah Datar,Sumatera Barat,1
108,Pasaman,26566,16,-,13.12.03,Kab.,Pasaman Barat,Sumatera Barat,1
109,Patamuan,25574,6,-,13.05.16,Kab.,Padang Pariaman,Sumatera Barat,1
110,Pauh,25161 - 25168,9,-,13.71.08,Kota,Padang,Sumatera Barat,1
111,Pauh Duo,27776,4,-,13.11.06,Kab.,Solok Selatan,Sumatera Barat,1
112,Payakumbuh,26251,7,-,13.07.03,Kab.,Lima Puluh Kota,Sumatera Barat,1
113,Payakumbuh Barat,26221 - 26229,17,-,13.76.01,Kota,Payakumbuh,Sumatera Barat,1
114,Payakumbuh Selatan,26226 - 26228,6,-,13.76.05,Kota,Payakumbuh,Sumatera Barat,1
115,Payakumbuh Timur,26231 - 26237,9,-,13.76.03,Kota,Payakumbuh,Sumatera Barat,1
116,Payakumbuh Utara,26211 - 26218,9,-,13.76.02,Kota,Payakumbuh,Sumatera Barat,1
117,Payung Sekaki,27387,3,-,13.02.05,Kab.,Solok,Sumatera Barat,1
118,Pulau Punjung,27573,6,-,13.10.02,Kab.,Dharmasraya,Sumatera Barat,1
119,Rambatan,27271,5,-,13.04.03,Kab.,Tanah Datar,Sumatera Barat,1
120,Ranah Ampek Hulu Tapan,25670,10,-,13.01.14,Kab.,Pesisir Selatan,Sumatera Barat,1
121,Ranah Batahan,26366,7,-,13.12.07,Kab.,Pasaman Barat,Sumatera Barat,1
122,Ranah Pesisir,25666,10,-,13.01.02,Kab.,Pesisir Selatan,Sumatera Barat,1
123,Rao,26355,5,-,13.08.14,Kab.,Pasaman,Sumatera Barat,1
124,Rao Selatan,26356,6,-,13.08.19,Kab.,Pasaman,Sumatera Barat,1
125,Rao Utara,26357,3,-,13.08.18,Kab.,Pasaman,Sumatera Barat,1
126,Salimpaung (Salimpauang),27262 - 27263,6,-,13.04.10,Kab.,Tanah Datar,Sumatera Barat,1
127,Sangir,27778,4,-,13.11.01,Kab.,Solok Selatan,Sumatera Barat,1
128,Sangir Balai Janggo,27777,4,-,13.11.07,Kab.,Solok Selatan,Sumatera Barat,1
129,Sangir Batang Hari,27779,7,-,13.11.05,Kab.,Solok Selatan,Sumatera Barat,1
130,Sangir Jujuan,27773,5,-,13.11.04,Kab.,Solok Selatan,Sumatera Barat,1
131,"Sasak Ranah Pasisie (Pesisir, Pasisir, Pesisie)",26367,4,-,13.12.11,Kab.,Pasaman Barat,Sumatera Barat,1
132,Sembilan Koto,27683,4,-,13.10.05,Kab.,Dharmasraya,Sumatera Barat,1
133,Siberut Barat,25394,3,1,13.09.05,Kab.,Kepulauan Mentawai,Sumatera Barat,1
134,Siberut Barat Daya,25393,3,17,13.09.06,Kab.,Kepulauan Mentawai,Sumatera Barat,1
135,Siberut Selatan,25397,5,1,13.09.03,Kab.,Kepulauan Mentawai,Sumatera Barat,1
136,Siberut Tengah,25396,3,5,13.09.07,Kab.,Kepulauan Mentawai,Sumatera Barat,1
137,Siberut Utara,25395,6,4,13.09.04,Kab.,Kepulauan Mentawai,Sumatera Barat,1
138,Sijunjung,27554,9,-,13.03.04,Kab.,Sijunjung,Sumatera Barat,1
139,Sikakap,25399,3,8,13.09.09,Kab.,Kepulauan Mentawai,Sumatera Barat,1
140,Silaut,25675,10,-,13.01.15,Kab.,Pesisir Selatan,Sumatera Barat,1
141,Silungkang,27431 - 27435,5,-,13.73.03,Kota,Sawahlunto,Sumatera Barat,1
142,Simpang Alahan Mati,26382,4,-,13.08.16,Kab.,Pasaman,Sumatera Barat,1
143,Sintuak Toboh Gadang,25582,5,-,13.05.11,Kab.,Padang Pariaman,Sumatera Barat,1
144,Sipora Selatan,25392,7,3,13.09.02,Kab.,Kepulauan Mentawai,Sumatera Barat,1
145,Sipora Utara,25398,6,12,13.09.08,Kab.,Kepulauan Mentawai,Sumatera Barat,1
146,Sitiung,27678,4,-,13.10.04,Kab.,Dharmasraya,Sumatera Barat,1
147,Situjuah Limo Nagari (Situjuah Lima Nagari),26250,5,-,13.07.10,Kab.,Lima Puluh Kota,Sumatera Barat,1
148,Suliki,26255,6,-,13.07.01,Kab.,Lima Puluh Kota,Sumatera Barat,1
149,Sumpur Kudus,27563,11,-,13.03.09,Kab.,Sijunjung,Sumatera Barat,1
150,Sungai Aur (Sungaiaur),26574,7,-,13.12.09,Kab.,Pasaman Barat,Sumatera Barat,1
151,Sungai Beremas (Sei Beremas),26573,1,12,13.12.01,Kab.,Pasaman Barat,Sumatera Barat,1
152,Sungai Garingging,25562,4,-,13.05.07,Kab.,Padang Pariaman,Sumatera Barat,1
153,Sungai Limau,25561,4,-,13.05.08,Kab.,Padang Pariaman,Sumatera Barat,1
154,Sungai Pagu,27774,11,-,13.11.02,Kab.,Solok Selatan,Sumatera Barat,1
155,Sungai Pua (Puar),26182,5,-,13.06.12,Kab.,Agam,Sumatera Barat,1
156,Sungai Rumbai,27686,4,-,13.10.03,Kab.,Dharmasraya,Sumatera Barat,1
157,Sungai Tarab,27261,10,-,13.04.08,Kab.,Tanah Datar,Sumatera Barat,1
158,Sungayang,27294,5,-,13.04.07,Kab.,Tanah Datar,Sumatera Barat,1
159,Sutera,25662,12,5,13.01.08,Kab.,Pesisir Selatan,Sumatera Barat,1
160,Talamau,26561,7,-,13.12.04,Kab.,Pasaman Barat,Sumatera Barat,1
161,Talawi,27441 - 27449,11,-,13.73.04,Kota,Sawahlunto,Sumatera Barat,1
162,Tanjuang Baru (Tanjung Baru),27281,2,-,13.04.12,Kab.,Tanah Datar,Sumatera Barat,1
163,Tanjung Emas,27280,4,-,13.04.05,Kab.,Tanah Datar,Sumatera Barat,1
164,Tanjung Gadang,27571,9,-,13.03.03,Kab.,Sijunjung,Sumatera Barat,1
165,Tanjung Harapan,27321 - 27326,6,-,13.72.02,Kota,Solok,Sumatera Barat,1
166,Tanjung Mutiara,26473,4,2,13.06.01,Kab.,Agam,Sumatera Barat,1
167,Tanjung Raya,26471,10,-,13.06.03,Kab.,Agam,Sumatera Barat,1
168,Tigo Lurah,27374,5,-,13.02.18,Kab.,Solok,Sumatera Barat,1
169,Tigo Nagari,26358,5,-,13.08.13,Kab.,Pasaman,Sumatera Barat,1
170,Tilatang Kamang,26153,3,-,13.06.09,Kab.,Agam,Sumatera Barat,1
171,Timpeh,27679,5,-,13.10.06,Kab.,Dharmasraya,Sumatera Barat,1
172,Tiumang,27687,4,-,13.10.08,Kab.,Dharmasraya,Sumatera Barat,1
173,Ulakan Tapakih,25572,8,1,13.05.10,Kab.,Padang Pariaman,Sumatera Barat,1
174,V Koto Kampung Dalam,25552,8,-,13.05.06,Kab.,Padang Pariaman,Sumatera Barat,1
175,V Koto Timur,25575,4,-,13.05.14,Kab.,Padang Pariaman,Sumatera Barat,1
176,VII Koto Sungai Sarik,25576,12,-,13.05.05,Kab.,Padang Pariaman,Sumatera Barat,1
177,X Koto (Sepuluh Koto),27151,9,-,13.04.01,Kab.,Tanah Datar,Sumatera Barat,1
178,X Koto Diatas,27355,9,-,13.02.12,Kab.,Solok,Sumatera Barat,1
179,X Koto Singkarak,27356,8,-,13.02.11,Kab.,Solok,Sumatera Barat,1
1,Abab,31315,8,-,16.12.04,Kab.,Penukal Abab Lematang Ilir,Sumatera Selatan,1
2,Air Kumbang,30962,16,-,16.07.19,Kab.,Banyuasin,Sumatera Selatan,1
3,Air Salek,30973,14,-,16.07.14,Kab.,Banyuasin,Sumatera Selatan,1
4,Air Sugihan,30656,19,-,16.02.14,Kab.,Ogan Komering Ilir,Sumatera Selatan,1
5,Alang Alang Lebar,30151 - 30154,4,-,16.71.15,Kota,Palembang,Sumatera Selatan,1
6,Babat Supat,30755,16,-,16.06.14,Kab.,Musi Banyuasin,Sumatera Selatan,1
7,Babat Toman,30752,14,-,16.06.06,Kab.,Musi Banyuasin,Sumatera Selatan,1
8,Banding Agung,32274,22,-,16.09.03,Kab.,Ogan Komering Ulu Selatan,Sumatera Selatan,1
9,Banyuasin I,30963,13,-,16.07.01,Kab.,Banyuasin,Sumatera Selatan,1
10,Banyuasin II,30971,10,-,16.07.02,Kab.,Banyuasin,Sumatera Selatan,1
11,Banyuasin III,30911 - 30953,26,-,16.07.03,Kab.,Banyuasin,Sumatera Selatan,1
12,Batang Hari Leko,30755,16,-,16.06.04,Kab.,Musi Banyuasin,Sumatera Selatan,1
13,Baturaja Barat,32121 - 32126,12,-,16.01.13,Kab.,Ogan Komering Ulu,Sumatera Selatan,1
14,Baturaja Timur,32111 - 32117,13,-,16.01.14,Kab.,Ogan Komering Ulu,Sumatera Selatan,1
15,Bayung Lencir,30756,23,-,16.06.09,Kab.,Musi Banyuasin,Sumatera Selatan,1
16,Belida Darat,31171,10,-,16.03.24,Kab.,Muara Enim,Sumatera Selatan,1
17,Belimbing,31352,10,-,16.03.23,Kab.,Muara Enim,Sumatera Selatan,1
18,Belitang,32382,23,-,16.08.03,Kab.,Ogan Komering Ulu Timur,Sumatera Selatan,1
19,Belitang II,32383,24,-,16.08.09,Kab.,Ogan Komering Ulu Timur,Sumatera Selatan,1
20,Belitang III,32385,20,-,16.08.10,Kab.,Ogan Komering Ulu Timur,Sumatera Selatan,1
21,Belitang Jaya,32380,13,-,16.08.17,Kab.,Ogan Komering Ulu Timur,Sumatera Selatan,1
22,Belitang Madang Raya,32363,16,-,16.08.18,Kab.,Ogan Komering Ulu Timur,Sumatera Selatan,1
23,Belitang Mulya,32388,12,-,16.08.19,Kab.,Ogan Komering Ulu Timur,Sumatera Selatan,1
24,Benakat,31626,6,-,16.03.19,Kab.,Muara Enim,Sumatera Selatan,1
25,Betung,30958,12,-,16.07.05,Kab.,Banyuasin,Sumatera Selatan,1
26,BTS Ulu,31652,19,-,16.05.14,Kab.,Musi Rawas,Sumatera Selatan,1
27,Buana Pemaca,32264,8,-,16.09.17,Kab.,Ogan Komering Ulu Selatan,Sumatera Selatan,1
28,Buay Madang,32361,17,-,16.08.02,Kab.,Ogan Komering Ulu Timur,Sumatera Selatan,1
29,Buay Madang Timur,32360,30,-,16.08.12,Kab.,Ogan Komering Ulu Timur,Sumatera Selatan,1
30,Buay Pemaca,32265,22,-,16.09.09,Kab.,Ogan Komering Ulu Selatan,Sumatera Selatan,1
31,Buay Pematang Ribu Ranau Tengah,32268,22,-,16.09.12,Kab.,Ogan Komering Ulu Selatan,Sumatera Selatan,1
32,Buay Pemuka Bangsa Raja,32364,7,-,16.08.20,Kab.,Ogan Komering Ulu Timur,Sumatera Selatan,1
33,Buay Pemuka Peliung,32367,13,-,16.08.05,Kab.,Ogan Komering Ulu Timur,Sumatera Selatan,1
34,Buay Rawan,32211,11,-,16.09.19,Kab.,Ogan Komering Ulu Selatan,Sumatera Selatan,1
35,Buay Runjung,32278,14,-,16.09.07,Kab.,Ogan Komering Ulu Selatan,Sumatera Selatan,1
36,Buay Sandang Aji,32277,16,-,16.09.06,Kab.,Ogan Komering Ulu Selatan,Sumatera Selatan,1
37,Bukitkecil (Bukit Kecil),30135 - 30136,6,-,16.71.11,Kota,Palembang,Sumatera Selatan,1
38,Bunga Mayang,32387,8,-,16.08.11,Kab.,Ogan Komering Ulu Timur,Sumatera Selatan,1
39,Cambai,31141 - 31145,5,-,16.74.03,Kota,Prabumulih,Sumatera Selatan,1
40,Cempaka,32384,13,-,16.08.04,Kab.,Ogan Komering Ulu Timur,Sumatera Selatan,1
41,Cengal,30658,17,-,16.02.18,Kab.,Ogan Komering Ilir,Sumatera Selatan,1
42,Dempo Selatan,31521,5,-,16.72.04,Kota,Pagar Alam,Sumatera Selatan,1
43,Dempo Tengah,31520,5,-,16.72.05,Kota,Pagar Alam,Sumatera Selatan,1
44,Dempo Utara,31510,7,-,16.72.03,Kota,Pagar Alam,Sumatera Selatan,1
45,Empat Petulai Dangku,31172,10,-,16.03.26,Kab.,Muara Enim,Sumatera Selatan,1
46,Gandus,30147 - 30149,5,-,16.71.12,Kota,Palembang,Sumatera Selatan,1
47,Gelumbang,31170,23,-,16.03.06,Kab.,Muara Enim,Sumatera Selatan,1
48,Gumay Talang,31419,15,-,16.04.21,Kab.,Lahat,Sumatera Selatan,1
49,Gumay Ulu,31461,10,-,16.04.25,Kab.,Lahat,Sumatera Selatan,1
50,Gunung Megang,31353,13,-,16.03.04,Kab.,Muara Enim,Sumatera Selatan,1
51,Ilir Barat Dua (Ilir Barat II),30141 - 30146,7,-,16.71.01,Kota,Palembang,Sumatera Selatan,1
52,Ilir Barat Satu (Ilir Barat I),30131 - 30139,6,-,16.71.04,Kota,Palembang,Sumatera Selatan,1
53,Ilir Timur Dua (Ilir Timur II),30111 - 30118,6,-,16.71.06,Kota,Palembang,Sumatera Selatan,1
54,Ilir Timur Satu (Ilir Timur I),30121 - 30129,11,-,16.71.05,Kota,Palembang,Sumatera Selatan,1
55,Ilir Timur Tiga,30111 - 30114,6,-,16.71.18,Kota,Palembang,Sumatera Selatan,1
56,Indralaya,30814 - 30862,20,-,16.10.04,Kab.,Ogan Ilir,Sumatera Selatan,1
57,Indralaya Selatan,30862,14,-,16.10.08,Kab.,Ogan Ilir,Sumatera Selatan,1
58,Indralaya Utara,30812 - 30862,16,-,16.10.07,Kab.,Ogan Ilir,Sumatera Selatan,1
59,Jakabaring,30251 - 30257,5,-,16.71.17,Kota,Palembang,Sumatera Selatan,1
60,Jarai,31591,21,-,16.04.06,Kab.,Lahat,Sumatera Selatan,1
61,Jayaloka (Jaya Loka),31665,13,-,16.05.08,Kab.,Musi Rawas,Sumatera Selatan,1
62,Jayapura,32381,8,-,16.08.16,Kab.,Ogan Komering Ulu Timur,Sumatera Selatan,1
63,Jejawi,30652,19,-,16.02.17,Kab.,Ogan Komering Ilir,Sumatera Selatan,1
64,Jirak Jaya,30751,12,-,16.06.15,Kab.,Musi Banyuasin,Sumatera Selatan,1
65,Kalidoni,30114 - 30119,5,-,16.71.10,Kota,Palembang,Sumatera Selatan,1
66,Kandis,30867,12,-,16.10.13,Kab.,Ogan Ilir,Sumatera Selatan,1
67,Karang Agung Ilir,30971,7,-,16.07.20,Kab.,Banyuasin,Sumatera Selatan,1
68,Karang Dapo,31658,9,-,16.13.05,Kab.,Musi Rawas Utara,Sumatera Selatan,1
69,Karang Jaya,31654,15,-,16.13.06,Kab.,Musi Rawas Utara,Sumatera Selatan,1
70,Kayu Agung,30617 - 30618,25,-,16.02.05,Kab.,Ogan Komering Ilir,Sumatera Selatan,1
71,Kedaton Peninjauan Raya,32193,8,-,16.01.32,Kab.,Ogan Komering Ulu,Sumatera Selatan,1
72,Kelekar,31176,7,-,16.03.21,Kab.,Muara Enim,Sumatera Selatan,1
73,Keluang,30754,14,-,16.06.08,Kab.,Musi Banyuasin,Sumatera Selatan,1
74,Kemuning,30127 - 30128,6,-,16.71.09,Kota,Palembang,Sumatera Selatan,1
75,Kertapati,30258 - 30259,6,-,16.71.13,Kota,Palembang,Sumatera Selatan,1
76,Kikim Barat,31452,19,-,16.04.19,Kab.,Lahat,Sumatera Selatan,1
77,Kikim Selatan,31451,18,-,16.04.16,Kab.,Lahat,Sumatera Selatan,1
78,Kikim Tengah,31459,9,-,16.04.18,Kab.,Lahat,Sumatera Selatan,1
79,Kikim Timur,31458,32,-,16.04.17,Kab.,Lahat,Sumatera Selatan,1
80,Kisam Ilir,32272,9,-,16.09.11,Kab.,Ogan Komering Ulu Selatan,Sumatera Selatan,1
81,Kisam Tinggi,32279,19,-,16.09.10,Kab.,Ogan Komering Ulu Selatan,Sumatera Selatan,1
82,Kota Agung,31462,22,-,16.04.07,Kab.,Lahat,Sumatera Selatan,1
83,Lahat,31411 - 31419,30,-,16.04.10,Kab.,Lahat,Sumatera Selatan,1
84,Lahat Selatan,31420 - 31429,10,-,16.04.31,Kab.,Lahat,Sumatera Selatan,1
85,Lais,30757,16,-,16.06.02,Kab.,Musi Banyuasin,Sumatera Selatan,1
86,Lalan,30758,27,-,16.06.11,Kab.,Musi Banyuasin,Sumatera Selatan,1
87,Lawang Kidul,31711 - 31713,7,-,16.03.07,Kab.,Muara Enim,Sumatera Selatan,1
88,Lawang Wetan,30753,15,-,16.06.13,Kab.,Musi Banyuasin,Sumatera Selatan,1
89,Lembak,31177,10,-,16.03.17,Kab.,Muara Enim,Sumatera Selatan,1
90,Lempuing,30657,19,-,16.02.13,Kab.,Ogan Komering Ilir,Sumatera Selatan,1
91,Lempuing Jaya,30657,16,-,16.02.22,Kab.,Ogan Komering Ilir,Sumatera Selatan,1
92,Lengkiti,32158,22,-,16.01.28,Kab.,Ogan Komering Ulu,Sumatera Selatan,1
93,Lintang Kanan,31593,16,-,16.11.05,Kab.,Empat Lawang,Sumatera Selatan,1
94,Lubai,31173,10,-,16.03.14,Kab.,Muara Enim,Sumatera Selatan,1
95,Lubai Ulu,31174,11,-,16.03.25,Kab.,Muara Enim,Sumatera Selatan,1
96,Lubuk Batang,32192,15,-,16.01.22,Kab.,Ogan Komering Ulu,Sumatera Selatan,1
97,Lubuk Keliat,30868,10,-,16.10.15,Kab.,Ogan Ilir,Sumatera Selatan,1
98,Lubuk Linggau Barat Dua (II),31611 - 31616,8,-,16.73.06,Kota,Lubuk Linggau,Sumatera Selatan,1
99,Lubuk Linggau Barat Satu (I),31611 - 31615,11,-,16.73.02,Kota,Lubuk Linggau,Sumatera Selatan,1
100,Lubuk Linggau Selatan Dua (II),31627,9,-,16.73.07,Kota,Lubuk Linggau,Sumatera Selatan,1
101,Lubuk Linggau Selatan Satu (I),31629,7,-,16.73.03,Kota,Lubuk Linggau,Sumatera Selatan,1
102,Lubuk Linggau Timur Dua (II),31621 - 31624,9,-,16.73.05,Kota,Lubuk Linggau,Sumatera Selatan,1
103,Lubuk Linggau Timur Satu (I),31628,8,-,16.73.01,Kota,Lubuk Linggau,Sumatera Selatan,1
104,Lubuk Linggau Utara Dua (II),31617 - 31628,10,-,16.73.08,Kota,Lubuk Linggau,Sumatera Selatan,1
105,Lubuk Linggau Utara Satu (I),31618 - 31619,10,-,16.73.04,Kota,Lubuk Linggau,Sumatera Selatan,1
106,Lubuk Raja,32152,7,-,16.01.30,Kab.,Ogan Komering Ulu,Sumatera Selatan,1
107,Madang Suku I,32362,13,-,16.08.07,Kab.,Ogan Komering Ulu Timur,Sumatera Selatan,1
108,Madang Suku II,32366,19,-,16.08.06,Kab.,Ogan Komering Ulu Timur,Sumatera Selatan,1
109,Madang Suku III,32365,10,-,16.08.13,Kab.,Ogan Komering Ulu Timur,Sumatera Selatan,1
110,Makarti Jaya,30972,12,-,16.07.09,Kab.,Banyuasin,Sumatera Selatan,1
111,Martapura,32311 - 32319,16,-,16.08.01,Kab.,Ogan Komering Ulu Timur,Sumatera Selatan,1
112,Megang Sakti,31657,21,-,16.05.12,Kab.,Musi Rawas,Sumatera Selatan,1
113,Mekakau Ilir,32276,15,-,16.09.08,Kab.,Ogan Komering Ulu Selatan,Sumatera Selatan,1
114,Merapi Barat,31471,19,-,16.04.09,Kab.,Lahat,Sumatera Selatan,1
115,Merapi Selatan,31472,9,-,16.04.26,Kab.,Lahat,Sumatera Selatan,1
116,Merapi Timur,31473,14,-,16.04.23,Kab.,Lahat,Sumatera Selatan,1
117,Mesuji,30681,17,-,16.02.04,Kab.,Ogan Komering Ilir,Sumatera Selatan,1
118,Mesuji Makmur,30682,19,-,16.02.20,Kab.,Ogan Komering Ilir,Sumatera Selatan,1
119,Mesuji Raya,30683,17,-,16.02.21,Kab.,Ogan Komering Ilir,Sumatera Selatan,1
120,Muara Belida,31178,8,-,16.03.22,Kab.,Muara Enim,Sumatera Selatan,1
121,Muara Beliti,31661,12,-,16.05.09,Kab.,Musi Rawas,Sumatera Selatan,1
122,Muara Dua (Muaradua),32212,14,-,16.09.01,Kab.,Ogan Komering Ulu Selatan,Sumatera Selatan,1
123,Muara Dua Kisam (Muaradua Kisam),32271,18,-,16.09.04,Kab.,Ogan Komering Ulu Selatan,Sumatera Selatan,1
124,Muara Enim,31311 - 31315,16,-,16.03.02,Kab.,Muara Enim,Sumatera Selatan,1
125,Muara Jaya,32155,7,-,16.01.31,Kab.,Ogan Komering Ulu,Sumatera Selatan,1
126,Muara Kelingi,31663,21,-,16.05.03,Kab.,Musi Rawas,Sumatera Selatan,1
127,Muara Kuang,30865,14,-,16.10.01,Kab.,Ogan Ilir,Sumatera Selatan,1
128,Muara Lakitan,31666,20,-,16.05.02,Kab.,Musi Rawas,Sumatera Selatan,1
129,Muara Padang,30975,15,-,16.07.07,Kab.,Banyuasin,Sumatera Selatan,1
130,Muara Pinang,31592,22,-,16.11.01,Kab.,Empat Lawang,Sumatera Selatan,1
131,Muara Sugihan,30976,22,-,16.07.13,Kab.,Banyuasin,Sumatera Selatan,1
132,Muara Telang,30974,16,-,16.07.08,Kab.,Banyuasin,Sumatera Selatan,1
133,Muarapayang,31590,7,-,16.04.28,Kab.,Lahat,Sumatera Selatan,1
134,Mulak Sebingkai,31454,10,-,16.04.30,Kab.,Lahat,Sumatera Selatan,1
135,Mulak Ulu,31453,16,-,16.04.15,Kab.,Lahat,Sumatera Selatan,1
136,Nibung,31667,11,-,16.13.03,Kab.,Musi Rawas Utara,Sumatera Selatan,1
137,Pagar Alam Selatan,31522 - 31529,8,-,16.72.02,Kota,Pagar Alam,Sumatera Selatan,1
138,Pagar Alam Utara,31511 - 31551,10,-,16.72.01,Kota,Pagar Alam,Sumatera Selatan,1
139,Pagar Gunung,31460,20,-,16.04.22,Kab.,Lahat,Sumatera Selatan,1
140,Pajar Bulan,31356,20,-,16.04.12,Kab.,Lahat,Sumatera Selatan,1
141,Pampangan,30654,22,-,16.02.12,Kab.,Ogan Komering Ilir,Sumatera Selatan,1
142,Panang Enim,31354,12,-,16.03.27,Kab.,Muara Enim,Sumatera Selatan,1
143,Pangkalan Lampam,30659,19,-,16.02.19,Kab.,Ogan Komering Ilir,Sumatera Selatan,1
144,Pasemah Air Keruh,31595,15,-,16.11.07,Kab.,Empat Lawang,Sumatera Selatan,1
145,Payaraman,30664,13,-,16.10.16,Kab.,Ogan Ilir,Sumatera Selatan,1
146,Pedamaran,30672,14,-,16.02.03,Kab.,Ogan Komering Ilir,Sumatera Selatan,1
147,Pedamaran Timur,30670,7,-,16.02.24,Kab.,Ogan Komering Ilir,Sumatera Selatan,1
148,Pemulutan,30653,25,-,16.10.05,Kab.,Ogan Ilir,Sumatera Selatan,1
149,Pemulutan Barat,30653,11,-,16.10.10,Kab.,Ogan Ilir,Sumatera Selatan,1
150,Pemulutan Selatan,30653,15,-,16.10.09,Kab.,Ogan Ilir,Sumatera Selatan,1
151,Pendopo,31598,19,-,16.11.02,Kab.,Empat Lawang,Sumatera Selatan,1
152,Pendopo Barat,31599,10,-,16.11.10,Kab.,Empat Lawang,Sumatera Selatan,1
153,Pengandonan,32154,12,-,16.01.08,Kab.,Ogan Komering Ulu,Sumatera Selatan,1
154,Peninjauan,32191,16,-,16.01.09,Kab.,Ogan Komering Ulu,Sumatera Selatan,1
155,Penukal,31316,13,-,16.12.03,Kab.,Penukal Abab Lematang Ilir,Sumatera Selatan,1
156,Penukal Utara,31317,13,-,16.12.02,Kab.,Penukal Abab Lematang Ilir,Sumatera Selatan,1
157,Plaju,30266 - 30268,7,-,16.71.14,Kota,Palembang,Sumatera Selatan,1
158,Plakat Tinggi (Pelakat Tinggi),30758,15,-,16.06.10,Kab.,Musi Banyuasin,Sumatera Selatan,1
159,Prabumulih Barat,31121 - 31146,7,-,16.74.01,Kota,Prabumulih,Sumatera Selatan,1
160,Prabumulih Selatan,31112 - 31134,4,-,16.74.06,Kota,Prabumulih,Sumatera Selatan,1
161,Prabumulih Timur,31111 - 31117,13,-,16.74.02,Kota,Prabumulih,Sumatera Selatan,1
162,Prabumulih Utara,31121 - 31126,7,-,16.74.05,Kota,Prabumulih,Sumatera Selatan,1
163,Pseksu,31417 - 31419,11,-,16.04.20,Kab.,Lahat,Sumatera Selatan,1
164,Pulau Beringin,32273,13,-,16.09.02,Kab.,Ogan Komering Ulu Selatan,Sumatera Selatan,1
165,Pulau Rimau,30959,17,-,16.07.04,Kab.,Banyuasin,Sumatera Selatan,1
166,Pulaupinang (Pulau Pinang),31463,10,-,16.04.08,Kab.,Lahat,Sumatera Selatan,1
167,Purwodadi,31668,11,-,16.05.13,Kab.,Musi Rawas,Sumatera Selatan,1
168,Rambang,31175,13,-,16.03.15,Kab.,Muara Enim,Sumatera Selatan,1
169,Rambang Kapak Tengah,31131 - 31135,9,-,16.74.04,Kota,Prabumulih,Sumatera Selatan,1
170,Rambang Kuang,30869,13,-,16.10.14,Kab.,Ogan Ilir,Sumatera Selatan,1
171,Rambang Niru (Rambang Dangku),31172,16,-,16.03.03,Kab.,Muara Enim,Sumatera Selatan,1
172,Rambutan,30967,20,-,16.07.06,Kab.,Banyuasin,Sumatera Selatan,1
173,Rantau Alai,30866,13,-,16.10.06,Kab.,Ogan Ilir,Sumatera Selatan,1
174,Rantau Bayur,30968,21,-,16.07.11,Kab.,Banyuasin,Sumatera Selatan,1
175,Rantau Panjang,30661,12,-,16.10.11,Kab.,Ogan Ilir,Sumatera Selatan,1
176,Rawas Ilir,31655,13,-,16.13.04,Kab.,Musi Rawas Utara,Sumatera Selatan,1
177,Rawas Ulu,31656,17,-,16.13.02,Kab.,Musi Rawas Utara,Sumatera Selatan,1
178,Runjung Agung,32270,9,-,16.09.14,Kab.,Ogan Komering Ulu Selatan,Sumatera Selatan,1
179,Rupit,31653,17,-,16.13.01,Kab.,Musi Rawas Utara,Sumatera Selatan,1
180,Sako,30161 - 30164,4,-,16.71.08,Kota,Palembang,Sumatera Selatan,1
181,Saling,31457,10,-,16.11.09,Kab.,Empat Lawang,Sumatera Selatan,1
182,Sanga Desa,30759,19,-,16.06.05,Kab.,Musi Banyuasin,Sumatera Selatan,1
183,Seberang Ulu Dua (Seberang Ulu II),30261 - 30267,7,-,16.71.03,Kota,Palembang,Sumatera Selatan,1
184,Seberang Ulu Satu (Seberang Ulu I),30251 - 30257,5,-,16.71.02,Kota,Palembang,Sumatera Selatan,1
185,Sekayu,30711,14,-,16.06.01,Kab.,Musi Banyuasin,Sumatera Selatan,1
186,Selangit,31625,12,-,16.05.11,Kab.,Musi Rawas,Sumatera Selatan,1
187,Selat Penuguan,30959,12,-,16.07.21,Kab.,Banyuasin,Sumatera Selatan,1
188,Sematangborang (Sematang Borang),30161 - 30165,4,-,16.71.16,Kota,Palembang,Sumatera Selatan,1
189,Sembawa,30953,11,-,16.07.17,Kab.,Banyuasin,Sumatera Selatan,1
190,Semendawai Barat,32184,12,-,16.08.14,Kab.,Ogan Komering Ulu Timur,Sumatera Selatan,1
191,Semendawai Suku III,32386,19,-,16.08.08,Kab.,Ogan Komering Ulu Timur,Sumatera Selatan,1
192,Semendawai Timur,32185,19,-,16.08.15,Kab.,Ogan Komering Ulu Timur,Sumatera Selatan,1
193,Semende Darat Laut,31358,10,-,16.03.08,Kab.,Muara Enim,Sumatera Selatan,1
194,Semende Darat Tengah,31359,12,-,16.03.09,Kab.,Muara Enim,Sumatera Selatan,1
195,Semende Darat Ulu,31355,10,-,16.03.10,Kab.,Muara Enim,Sumatera Selatan,1
196,Semidang Aji,32156,21,-,16.01.21,Kab.,Ogan Komering Ulu,Sumatera Selatan,1
197,Sikap Dalam,31594,11,-,16.11.08,Kab.,Empat Lawang,Sumatera Selatan,1
198,Simpang,32263,7,-,16.09.05,Kab.,Ogan Komering Ulu Selatan,Sumatera Selatan,1
199,Sinar Peninjauan,32159,6,-,16.01.29,Kab.,Ogan Komering Ulu,Sumatera Selatan,1
200,Sindang Danau,32266,7,-,16.09.16,Kab.,Ogan Komering Ulu Selatan,Sumatera Selatan,1
201,Sirah Pulau Padang,30651,20,-,16.02.08,Kab.,Ogan Komering Ilir,Sumatera Selatan,1
202,Sosoh Buay Rayap,32151,11,-,16.01.07,Kab.,Ogan Komering Ulu,Sumatera Selatan,1
203,STL Ulu Terawas (Suku Tengah Lakitan Ulu Terawas),30771,13,-,16.05.10,Kab.,Musi Rawas,Sumatera Selatan,1
204,Suak Tapeh,30957,11,-,16.07.16,Kab.,Banyuasin,Sumatera Selatan,1
205,Suka Karya (Sukakarya),31665,8,-,16.05.21,Kab.,Musi Rawas,Sumatera Selatan,1
206,Sukamerindu,31350,10,-,16.04.29,Kab.,Lahat,Sumatera Selatan,1
207,Sukarami,30151 - 30155,7,-,16.71.07,Kota,Palembang,Sumatera Selatan,1
208,Sumber Harta,30772,10,-,16.05.19,Kab.,Musi Rawas,Sumatera Selatan,1
209,Sumber Marga Telang,30977,10,-,16.07.18,Kab.,Banyuasin,Sumatera Selatan,1
210,Sungai Are,32267,9,-,16.09.15,Kab.,Ogan Komering Ulu Selatan,Sumatera Selatan,1
211,Sungai Keruh,30751,10,-,16.06.03,Kab.,Musi Banyuasin,Sumatera Selatan,1
212,Sungai Lilin,30750,15,-,16.06.07,Kab.,Musi Banyuasin,Sumatera Selatan,1
213,Sungai Menang,30684,18,-,16.02.15,Kab.,Ogan Komering Ilir,Sumatera Selatan,1
214,Sungai Pinang,30662,13,-,16.10.12,Kab.,Ogan Ilir,Sumatera Selatan,1
215,Sungai Rotan,31357,19,-,16.03.16,Kab.,Muara Enim,Sumatera Selatan,1
216,Talang Kelapa,30961,19,-,16.07.10,Kab.,Banyuasin,Sumatera Selatan,1
217,Talang Padang,31596,13,-,16.11.06,Kab.,Empat Lawang,Sumatera Selatan,1
218,Talang Ubi,31211 - 31214,20,-,16.12.01,Kab.,Penukal Abab Lematang Ilir,Sumatera Selatan,1
219,Tanah Abang,31314,17,-,16.12.05,Kab.,Penukal Abab Lematang Ilir,Sumatera Selatan,1
220,Tanjung Agung,31354,14,-,16.03.01,Kab.,Muara Enim,Sumatera Selatan,1
221,Tanjung Batu,30665,21,-,16.10.02,Kab.,Ogan Ilir,Sumatera Selatan,1
222,Tanjung Lago,30960,15,-,16.07.12,Kab.,Banyuasin,Sumatera Selatan,1
223,Tanjung Lubuk,30671,22,-,16.02.02,Kab.,Ogan Komering Ilir,Sumatera Selatan,1
224,Tanjung Raja,30663,19,-,16.10.03,Kab.,Ogan Ilir,Sumatera Selatan,1
225,Tanjung Sakti Pumi,31581,18,-,16.04.24,Kab.,Lahat,Sumatera Selatan,1
226,Tanjungsakti Pumu (Tanjung Sakti Pumu),31582,14,-,16.04.01,Kab.,Lahat,Sumatera Selatan,1
227,Tanjungtebat (Tanjung Tebat),31455,14,-,16.04.27,Kab.,Lahat,Sumatera Selatan,1
228,Tebing Tinggi,31456,26,-,16.11.04,Kab.,Empat Lawang,Sumatera Selatan,1
229,Teluk Gelam,30673,14,-,16.02.23,Kab.,Ogan Komering Ilir,Sumatera Selatan,1
230,Tiang Pumpung Kepungut,31660,10,-,16.05.18,Kab.,Musi Rawas,Sumatera Selatan,1
231,Tiga Dihaji,32262,8,-,16.09.18,Kab.,Ogan Komering Ulu Selatan,Sumatera Selatan,1
232,Tuah Negeri,31664,11,-,16.05.20,Kab.,Musi Rawas,Sumatera Selatan,1
233,Tugumulyo,31662,18,-,16.05.01,Kab.,Musi Rawas,Sumatera Selatan,1
234,Tulung Selapan,30655,23,-,16.02.11,Kab.,Ogan Komering Ilir,Sumatera Selatan,1
235,Tungkal Ilir,30956,14,-,16.07.15,Kab.,Banyuasin,Sumatera Selatan,1
236,Tungkal Jaya,30756,16,-,16.06.12,Kab.,Musi Banyuasin,Sumatera Selatan,1
237,Ujan Mas,31351,8,-,16.03.11,Kab.,Muara Enim,Sumatera Selatan,1
238,Ulu Musi,31597,14,-,16.11.03,Kab.,Empat Lawang,Sumatera Selatan,1
239,Ulu Ogan,32157,7,-,16.01.20,Kab.,Ogan Komering Ulu,Sumatera Selatan,1
240,Ulu Rawas,31669,7,-,16.13.07,Kab.,Musi Rawas Utara,Sumatera Selatan,1
241,Warkuk Ranau Selatan,32275,16,-,16.09.13,Kab.,Ogan Komering Ulu Selatan,Sumatera Selatan,1
1,Adian Koting,22461,16,-,12.02.03,Kab.,Tapanuli Utara,Sumatera Utara,1
2,Aek Bilah,22758,12,-,12.03.22,Kab.,Tapanuli Selatan,Sumatera Utara,1
3,Aek Kuasan,21273,7,-,12.09.18,Kab.,Asahan,Sumatera Utara,1
4,Aek Kuo,21455,8,-,12.23.04,Kab.,Labuhanbatu Utara,Sumatera Utara,1
5,Aek Ledong,21277,7,-,12.09.32,Kab.,Asahan,Sumatera Utara,1
6,Aek Nabara Barumun,22755,25,-,12.21.11,Kab.,Padang Lawas,Sumatera Utara,1
7,Aek Natas,21456,12,-,12.23.07,Kab.,Labuhanbatu Utara,Sumatera Utara,1
8,Aek Songsongan,21274,9,-,12.09.21,Kab.,Asahan,Sumatera Utara,1
9,Afulu,22857,9,1,12.24.09,Kab.,Nias Utara,Sumatera Utara,1
10,Air Batu,21272,12,-,12.09.13,Kab.,Asahan,Sumatera Utara,1
11,Air Joman,21263,7,-,12.09.09,Kab.,Asahan,Sumatera Utara,1
12,Air Putih,21256,19,-,12.19.03,Kab.,Batu Bara,Sumatera Utara,1
13,Ajibata,22386,10,-,12.12.08,Kab.,Toba,Sumatera Utara,1
14,Alasa,22861,14,-,12.24.07,Kab.,Nias Utara,Sumatera Utara,1
15,Alasa Talumuzoi,22814,6,-,12.24.06,Kab.,Nias Utara,Sumatera Utara,1
16,Amandraya,22866,21,-,12.14.07,Kab.,Nias Selatan,Sumatera Utara,1
17,Andam Dewi,22651,14,-,12.01.12,Kab.,Tapanuli Tengah,Sumatera Utara,1
18,Angkola Barat,22735,14,-,12.03.01,Kab.,Tapanuli Selatan,Sumatera Utara,1
19,Angkola Muara Tais,22773,15,-,12.03.32,Kab.,Tapanuli Selatan,Sumatera Utara,1
20,Angkola Sangkunur,22734,10,-,12.03.31,Kab.,Tapanuli Selatan,Sumatera Utara,1
21,Angkola Selatan,22732,17,-,12.03.06,Kab.,Tapanuli Selatan,Sumatera Utara,1
22,Angkola Timur,22733,15,-,12.03.03,Kab.,Tapanuli Selatan,Sumatera Utara,1
23,Aramo,22866,18,-,12.14.15,Kab.,Nias Selatan,Sumatera Utara,1
24,Arse,22748,10,-,12.03.14,Kab.,Tapanuli Selatan,Sumatera Utara,1
25,Babalan,20857,8,-,12.05.14,Kab.,Langkat,Sumatera Utara,1
26,Badiri,22654,9,3,12.01.15,Kab.,Tapanuli Tengah,Sumatera Utara,1
27,Bahorok,20774,19,-,12.05.01,Kab.,Langkat,Sumatera Utara,1
28,Bajenis,20611 - 20621,7,-,12.76.04,Kota,Tebing Tinggi,Sumatera Utara,1
29,Baktiraja (Bakti Raja),22457,7,1,12.16.03,Kab.,Humbang Hasundutan,Sumatera Utara,1
30,Balige,22312 - 22316,35,-,12.12.01,Kab.,Toba,Sumatera Utara,1
31,Bandar,21162 - 21184,16,-,12.08.23,Kab.,Simalungun,Sumatera Utara,1
32,Bandar Huluan,21184,10,-,12.08.22,Kab.,Simalungun,Sumatera Utara,1
33,Bandar Khalipah / Khalifah,20994,5,-,12.18.06,Kab.,Serdang Bedagai,Sumatera Utara,1
34,Bandar Masilam,21185,10,-,12.08.24,Kab.,Simalungun,Sumatera Utara,1
35,Bandar Pasir Mandoge,21262,9,-,12.09.17,Kab.,Asahan,Sumatera Utara,1
36,Bandar Pulau,21275,10,-,12.09.15,Kab.,Asahan,Sumatera Utara,1
37,Bangun Purba,20581,24,-,12.07.09,Kab.,Deli Serdang,Sumatera Utara,1
38,Barumun,22763,17,-,12.21.07,Kab.,Padang Lawas,Sumatera Utara,1
39,Barumun Barat,22755,10,-,12.21.16,Kab.,Padang Lawas,Sumatera Utara,1
40,Barumun Baru,22763,13,-,12.21.13,Kab.,Padang Lawas,Sumatera Utara,1
41,Barumun Selatan,22764,11,-,12.21.10,Kab.,Padang Lawas,Sumatera Utara,1
42,Barumun Tengah,22755,29,-,12.21.02,Kab.,Padang Lawas,Sumatera Utara,1
43,Barus,22564,13,2,12.01.01,Kab.,Tapanuli Tengah,Sumatera Utara,1
44,Barus Utara,22567,6,-,12.01.17,Kab.,Tapanuli Tengah,Sumatera Utara,1
45,Barusjahe (Barus Jahe),22172,19,-,12.06.03,Kab.,Karo,Sumatera Utara,1
46,Batahan,22988,18,7,12.13.15,Kab.,Mandailing Natal,Sumatera Utara,1
47,Batang Angkola,22773,21,-,12.03.07,Kab.,Tapanuli Selatan,Sumatera Utara,1
48,Batang Kuis,20372,11,-,12.07.27,Kab.,Deli Serdang,Sumatera Utara,1
49,Batang Lubu Sutam,22742,20,-,12.21.09,Kab.,Padang Lawas,Sumatera Utara,1
50,Batang Natal,22983,31,-,12.13.13,Kab.,Mandailing Natal,Sumatera Utara,1
51,Batang Onang,22762,32,-,12.20.07,Kab.,Padang Lawas Utara,Sumatera Utara,1
52,Batang Serangan,20852,8,-,12.05.19,Kab.,Langkat,Sumatera Utara,1
53,Batang Toru,22738,23,-,12.03.02,Kab.,Tapanuli Selatan,Sumatera Utara,1
54,Bawolato,22876,25,2,12.04.11,Kab.,Nias,Sumatera Utara,1
55,Berampu (Brampu),22251,5,-,12.11.13,Kab.,Dairi,Sumatera Utara,1
56,Berandan Barat (Brandan Barat),20881,7,-,12.05.18,Kab.,Langkat,Sumatera Utara,1
57,Berastagi (Brastagi),22152,10,-,12.06.02,Kab.,Karo,Sumatera Utara,1
58,Beringin,20552,11,-,12.07.33,Kab.,Deli Serdang,Sumatera Utara,1
59,Besitang,20859,9,-,12.05.16,Kab.,Langkat,Sumatera Utara,1
60,Bilah Barat,21411 - 21415,10,-,12.10.07,Kab.,Labuhanbatu,Sumatera Utara,1
61,Bilah Hilir,21471,13,-,12.10.08,Kab.,Labuhanbatu,Sumatera Utara,1
62,Bilah Hulu,21451,24,-,12.10.09,Kab.,Labuhanbatu,Sumatera Utara,1
63,Binjai,20761,7,-,12.05.05,Kab.,Langkat,Sumatera Utara,1
64,Binjai Barat,20716 - 20719,6,-,12.75.03,Kota,Binjai,Sumatera Utara,1
65,Binjai Kota,20711 - 20715,7,-,12.75.02,Kota,Binjai,Sumatera Utara,1
66,Binjai Selatan,20721 - 20728,8,-,12.75.05,Kota,Binjai,Sumatera Utara,1
67,Binjai Timur,20731 - 20737,7,-,12.75.04,Kota,Binjai,Sumatera Utara,1
68,Binjai Utara,20741 - 20749,9,-,12.75.01,Kota,Binjai,Sumatera Utara,1
69,Bintang Bayu,20984,19,-,12.18.17,Kab.,Serdang Bedagai,Sumatera Utara,1
70,Biru-Biru (Sibiru-biru),20358,17,-,12.07.07,Kab.,Deli Serdang,Sumatera Utara,1
71,Bonatua Lunasi,22387,12,-,12.12.23,Kab.,Toba,Sumatera Utara,1
72,Borbor,22383,15,-,12.12.06,Kab.,Toba,Sumatera Utara,1
73,Boronadu,22873,10,-,12.14.27,Kab.,Nias Selatan,Sumatera Utara,1
74,Bosar Maligas,21183,17,-,12.08.08,Kab.,Simalungun,Sumatera Utara,1
75,Botomuzoi,22815,18,-,12.04.21,Kab.,Nias,Sumatera Utara,1
76,Bukit Malintang,22977,11,-,12.13.07,Kab.,Mandailing Natal,Sumatera Utara,1
77,Buntu Pane,21261,9,-,12.09.16,Kab.,Asahan,Sumatera Utara,1
78,Datuk Bandar,21361 - 21369,5,-,12.74.05,Kota,Tanjung Balai,Sumatera Utara,1
79,Datuk Bandar Timur,21364 - 21367,5,-,12.74.06,Kota,Tanjung Balai,Sumatera Utara,1
80,Datuk Lima Puluh,21254 - 21255,10,-,12.19.10,Kab.,Batu Bara,Sumatera Utara,1
81,Datuk Tanah Datar,21253,10,-,12.19.11,Kab.,Batu Bara,Sumatera Utara,1
82,Deli Tua,20355,6,-,12.07.22,Kab.,Deli Serdang,Sumatera Utara,1
83,Dolat Rayat,22171,7,-,12.06.14,Kab.,Karo,Sumatera Utara,1
84,Dolog Masagal,21164,10,-,12.08.32,Kab.,Simalungun,Sumatera Utara,1
85,Dolok,22756,86,-,12.20.02,Kab.,Padang Lawas Utara,Sumatera Utara,1
86,Dolok Batu Nanggar,21155,16,-,12.08.17,Kab.,Simalungun,Sumatera Utara,1
87,Dolok Masihul,20991,28,-,12.18.09,Kab.,Serdang Bedagai,Sumatera Utara,1
88,Dolok Merawan,20993,17,-,12.18.07,Kab.,Serdang Bedagai,Sumatera Utara,1
89,Dolok Panribuan,21173,15,-,12.08.13,Kab.,Simalungun,Sumatera Utara,1
90,Dolok Pardamean,21163,11,-,12.08.20,Kab.,Simalungun,Sumatera Utara,1
91,Dolok Sanggul,22457,28,-,12.16.06,Kab.,Humbang Hasundutan,Sumatera Utara,1
92,Dolok Sigompulon,22757,44,-,12.20.01,Kab.,Padang Lawas Utara,Sumatera Utara,1
93,Dolok Silou (Dolok Silau),21168,14,-,12.08.26,Kab.,Simalungun,Sumatera Utara,1
94,Fanayama,22865,17,-,12.14.18,Kab.,Nias Selatan,Sumatera Utara,1
95,Galang,20585,29,-,12.07.19,Kab.,Deli Serdang,Sumatera Utara,1
96,Garoga,22473,13,-,12.02.14,Kab.,Tapanuli Utara,Sumatera Utara,1
97,Gebang,20856,11,1,12.05.13,Kab.,Langkat,Sumatera Utara,1
98,Gido,22871,21,-,12.04.06,Kab.,Nias,Sumatera Utara,1
99,Girsang Sipangan Bolon,21174,6,-,12.08.16,Kab.,Simalungun,Sumatera Utara,1
100,Gomo,22873,11,-,12.14.02,Kab.,Nias Selatan,Sumatera Utara,1
101,Gunung Malela,21175,16,-,12.08.02,Kab.,Simalungun,Sumatera Utara,1
102,Gunung Maligas,21176,9,-,12.08.03,Kab.,Simalungun,Sumatera Utara,1
103,Gunung Meriah,20583,12,-,12.07.01,Kab.,Deli Serdang,Sumatera Utara,1
104,Gunung Sitember,22250,8,-,12.11.12,Kab.,Dairi,Sumatera Utara,1
105,Gunungsitoli,22810,32,-,12.78.01,Kota,Gunungsitoli,Sumatera Utara,1
106,Gunungsitoli Alo&#039;oa,22851,9,-,12.78.05,Kota,Gunungsitoli,Sumatera Utara,1
107,Gunungsitoli Barat,22811,9,-,12.78.06,Kota,Gunungsitoli,Sumatera Utara,1
108,Gunungsitoli Idanoi,22870,26,-,12.78.04,Kota,Gunungsitoli,Sumatera Utara,1
109,Gunungsitoli Selatan,22851,15,-,12.78.02,Kota,Gunungsitoli,Sumatera Utara,1
110,Gunungsitoli Utara,22851,10,-,12.78.03,Kota,Gunungsitoli,Sumatera Utara,1
111,Habinsaran,22383,22,-,12.12.04,Kab.,Toba,Sumatera Utara,1
112,Halongonan,22753,33,-,12.20.03,Kab.,Padang Lawas Utara,Sumatera Utara,1
113,Halongonan Timur,22752,14,-,12.20.11,Kab.,Padang Lawas Utara,Sumatera Utara,1
114,Hamparan Perak,20374,20,-,12.07.24,Kab.,Deli Serdang,Sumatera Utara,1
115,Haranggaol Horisan (Haranggaol Horison),21177,5,-,12.08.15,Kab.,Simalungun,Sumatera Utara,1
116,Harian,22391,13,-,12.17.05,Kab.,Samosir,Sumatera Utara,1
117,Hatonduhan,21178,9,-,12.08.12,Kab.,Simalungun,Sumatera Utara,1
118,Hibala,22881,17,42,12.14.04,Kab.,Nias Selatan,Sumatera Utara,1
119,Hiliduho,22854,16,-,12.04.05,Kab.,Nias,Sumatera Utara,1
120,Hilimegai,22864,10,-,12.14.11,Kab.,Nias Selatan,Sumatera Utara,1
121,Hilisalawa&#039;ahe (Hilisalawaahe),22864,11,-,12.14.23,Kab.,Nias Selatan,Sumatera Utara,1
122,Hiliserangkai (Hili Serangkai / Hilisaranggu),22850,15,-,12.04.20,Kab.,Nias,Sumatera Utara,1
123,Hinai,20854,13,-,12.05.10,Kab.,Langkat,Sumatera Utara,1
124,Hulu Sihapas,22740,10,-,12.20.09,Kab.,Padang Lawas Utara,Sumatera Utara,1
125,Huristak,22743,27,-,12.21.03,Kab.,Padang Lawas,Sumatera Utara,1
126,Huruna,22867,17,-,12.14.20,Kab.,Nias Selatan,Sumatera Utara,1
127,Huta Bargot,22978,14,-,12.13.19,Kab.,Mandailing Natal,Sumatera Utara,1
128,Huta Bayu Raja,21182,16,-,12.08.18,Kab.,Simalungun,Sumatera Utara,1
129,Hutaraja Tinggi (Huta Raja Tinggi),22776,26,-,12.21.05,Kab.,Padang Lawas,Sumatera Utara,1
130,Idanogawo (Idano Gawo),22872,28,-,12.04.10,Kab.,Nias,Sumatera Utara,1
131,Idanotae,22878,12,-,12.14.35,Kab.,Nias Selatan,Sumatera Utara,1
132,Jawa Maraja Bah Jambi,21153,8,-,12.08.19,Kab.,Simalungun,Sumatera Utara,1
133,Jorlang Hataran,21172,13,-,12.08.06,Kab.,Simalungun,Sumatera Utara,1
134,Juhar,22163,25,-,12.06.07,Kab.,Karo,Sumatera Utara,1
135,Kabanjahe,22111 - 22115,13,-,12.06.01,Kab.,Karo,Sumatera Utara,1
136,Kampung Rakyat,21463,15,-,12.22.02,Kab.,Labuhanbatu Selatan,Sumatera Utara,1
137,Kerajaan,22271,10,-,12.15.02,Kab.,Pakpak Bharat,Sumatera Utara,1
138,Kolang,22562,14,-,12.01.06,Kab.,Tapanuli Tengah,Sumatera Utara,1
139,Kota Kisaran Barat,21211 - 21218,13,-,12.09.19,Kab.,Asahan,Sumatera Utara,1
140,Kota Kisaran Timur,21219 - 21229,12,-,12.09.20,Kab.,Asahan,Sumatera Utara,1
141,Kotanopan,22994,36,-,12.13.08,Kab.,Mandailing Natal,Sumatera Utara,1
142,Kotapinang (Kota Pinang),21464,10,-,12.22.01,Kab.,Labuhanbatu Selatan,Sumatera Utara,1
143,Kotarih,20982,11,-,12.18.10,Kab.,Serdang Bedagai,Sumatera Utara,1
144,Kuala,20772,16,-,12.05.03,Kab.,Langkat,Sumatera Utara,1
145,Kualuh Hilir,21474,7,-,12.23.03,Kab.,Labuhanbatu Utara,Sumatera Utara,1
146,Kualuh Hulu,21457,13,-,12.23.01,Kab.,Labuhanbatu Utara,Sumatera Utara,1
147,Kualuh Leidong,21475,7,-,12.23.02,Kab.,Labuhanbatu Utara,Sumatera Utara,1
148,Kualuh Selatan,21458,12,-,12.23.08,Kab.,Labuhanbatu Utara,Sumatera Utara,1
149,Kutabuluh (Kuta Buluh),22155,16,-,12.06.13,Kab.,Karo,Sumatera Utara,1
150,Kutalimbaru,20354,14,-,12.07.04,Kab.,Deli Serdang,Sumatera Utara,1
151,Kutambaru,20773,8,-,12.05.22,Kab.,Langkat,Sumatera Utara,1
152,Labuhan Deli,20373,5,-,12.07.25,Kab.,Deli Serdang,Sumatera Utara,1
153,Lae Parira,22281,9,-,12.11.11,Kab.,Dairi,Sumatera Utara,1
154,Laguboti,22381,23,-,12.12.02,Kab.,Toba,Sumatera Utara,1
155,Lahewa,22853,21,15,12.24.10,Kab.,Nias Utara,Sumatera Utara,1
156,Lahewa Timur,22858,7,-,12.24.11,Kab.,Nias Utara,Sumatera Utara,1
157,Lahomi (Gahori),22864,11,-,12.25.01,Kab.,Nias Barat,Sumatera Utara,1
158,Lahusa,22874,23,-,12.14.03,Kab.,Nias Selatan,Sumatera Utara,1
159,Laubaleng,22164,15,-,12.06.09,Kab.,Karo,Sumatera Utara,1
160,Laut Tador,21257,10,-,12.19.08,Kab.,Batu Bara,Sumatera Utara,1
161,Lembah Sorik Marapi,22993,9,-,12.13.09,Kab.,Mandailing Natal,Sumatera Utara,1
162,Lima Puluh (Limapuluh),21255,12,-,12.19.04,Kab.,Batu Bara,Sumatera Utara,1
163,Lima Puluh Pesisir,21255,13,-,12.19.09,Kab.,Batu Bara,Sumatera Utara,1
164,Lingga Bayu,22982,19,-,12.13.14,Kab.,Mandailing Natal,Sumatera Utara,1
165,Lintong Nihuta,22475,22,-,12.16.05,Kab.,Humbang Hasundutan,Sumatera Utara,1
166,Lolofitu Moi,22875,8,-,12.25.07,Kab.,Nias Barat,Sumatera Utara,1
167,Lolomatua,22867,13,-,12.14.01,Kab.,Nias Selatan,Sumatera Utara,1
168,Lolowau,22864,14,-,12.14.08,Kab.,Nias Selatan,Sumatera Utara,1
169,Lotu,22856,13,-,12.24.01,Kab.,Nias Utara,Sumatera Utara,1
170,Luahagundre Maniamolo,22868,10,-,12.14.32,Kab.,Nias Selatan,Sumatera Utara,1
171,Lubuk Barumun,22766,24,-,12.21.04,Kab.,Padang Lawas,Sumatera Utara,1
172,Lubuk Pakam,20511 - 20518,13,-,12.07.28,Kab.,Deli Serdang,Sumatera Utara,1
173,Lumban Julu,22388,12,-,12.12.09,Kab.,Toba,Sumatera Utara,1
174,Lumut,22652,6,-,12.01.19,Kab.,Tapanuli Tengah,Sumatera Utara,1
175,Ma&#039;u,22855,11,-,12.04.28,Kab.,Nias,Sumatera Utara,1
176,Mandrehe,22862 - 22867,20,-,12.25.05,Kab.,Nias Barat,Sumatera Utara,1
177,Mandrehe Barat,22812,14,-,12.25.03,Kab.,Nias Barat,Sumatera Utara,1
178,Mandrehe Utara,22813,12,-,12.25.06,Kab.,Nias Barat,Sumatera Utara,1
179,Manduamas,22565,20,4,12.01.05,Kab.,Tapanuli Tengah,Sumatera Utara,1
180,Maniamolo,22865,14,-,12.14.10,Kab.,Nias Selatan,Sumatera Utara,1
181,Marancar,22737,12,-,12.03.20,Kab.,Tapanuli Selatan,Sumatera Utara,1
182,Marbau,21452,18,-,12.23.05,Kab.,Labuhanbatu Utara,Sumatera Utara,1
183,Mardingding (Mardinding),22165,12,-,12.06.10,Kab.,Karo,Sumatera Utara,1
184,Mazino,22865,11,-,12.14.13,Kab.,Nias Selatan,Sumatera Utara,1
185,Mazo,22873,10,-,12.14.17,Kab.,Nias Selatan,Sumatera Utara,1
186,Medan Amplas,20147 - 20229,7,-,12.71.09,Kota,Medan,Sumatera Utara,1
187,Medan Area,20211 - 20217,12,-,12.71.10,Kota,Medan,Sumatera Utara,1
188,Medan Barat,20111 - 20117,6,-,12.71.05,Kota,Medan,Sumatera Utara,1
189,Medan Baru,20153 - 20156,6,-,12.71.17,Kota,Medan,Sumatera Utara,1
190,Medan Belawan (Medan Belawan Kota),20411 - 20415,6,-,12.71.08,Kota,Medan,Sumatera Utara,1
191,Medan Deli,20241 - 20244,6,-,12.71.06,Kota,Medan,Sumatera Utara,1
192,Medan Denai,20226 - 20228,6,-,12.71.04,Kota,Medan,Sumatera Utara,1
193,Medan Helvetia,20123 - 20126,7,-,12.71.03,Kota,Medan,Sumatera Utara,1
194,Medan Johor,20142 - 20146,6,-,12.71.11,Kota,Medan,Sumatera Utara,1
195,Medan Kota,20211 - 20219,12,-,12.71.01,Kota,Medan,Sumatera Utara,1
196,Medan Labuhan,20253 - 20524,6,-,12.71.13,Kota,Medan,Sumatera Utara,1
197,Medan Maimun,20151 - 20159,6,-,12.71.15,Kota,Medan,Sumatera Utara,1
198,Medan Marelan,20250 - 20256,5,-,12.71.12,Kota,Medan,Sumatera Utara,1
199,Medan Perjuangan,20232 - 20237,9,-,12.71.18,Kota,Medan,Sumatera Utara,1
200,Medan Petisah,20112 - 20119,7,-,12.71.19,Kota,Medan,Sumatera Utara,1
201,Medan Polonia,20152 - 20157,5,-,12.71.16,Kota,Medan,Sumatera Utara,1
202,Medan Selayang,20131 - 20133,6,-,12.71.21,Kota,Medan,Sumatera Utara,1
203,Medan Sunggal,20121 - 20128,6,-,12.71.02,Kota,Medan,Sumatera Utara,1
204,Medan Tembung,20221 - 20225,7,-,12.71.14,Kota,Medan,Sumatera Utara,1
205,Medan Timur,20231 - 20239,11,-,12.71.20,Kota,Medan,Sumatera Utara,1
206,Medan Tuntungan,20134 - 20141,9,-,12.71.07,Kota,Medan,Sumatera Utara,1
207,Medang Deras,21258,21,-,12.19.01,Kab.,Batu Bara,Sumatera Utara,1
208,Meranti,21264,7,-,12.09.08,Kab.,Asahan,Sumatera Utara,1
209,Merdeka,22153,9,-,12.06.15,Kab.,Karo,Sumatera Utara,1
210,Merek,22173,19,-,12.06.05,Kab.,Karo,Sumatera Utara,1
211,Moro&#039;o,22862,10,-,12.25.04,Kab.,Nias Barat,Sumatera Utara,1
212,Muara,22476,15,1,12.02.15,Kab.,Tapanuli Utara,Sumatera Utara,1
213,Muara Batang Gadis,22989,14,8,12.13.17,Kab.,Mandailing Natal,Sumatera Utara,1
214,Muara Batang Toru,22736,9,-,12.03.29,Kab.,Tapanuli Selatan,Sumatera Utara,1
215,Muara Sipongi,22998,16,-,12.13.12,Kab.,Mandailing Natal,Sumatera Utara,1
216,Munte,22161,22,-,12.06.06,Kab.,Karo,Sumatera Utara,1
217,Na IX - X (Na IX-X),21454,13,-,12.23.06,Kab.,Labuhanbatu Utara,Sumatera Utara,1
218,Naga Juang,22975,7,-,12.13.23,Kab.,Mandailing Natal,Sumatera Utara,1
219,Nainggolan,22394,15,-,12.17.03,Kab.,Samosir,Sumatera Utara,1
220,Naman Teran (Nama Teran),22151,12,-,12.06.16,Kab.,Karo,Sumatera Utara,1
221,Namo Rambe (Namorambe),20356,36,-,12.07.06,Kab.,Deli Serdang,Sumatera Utara,1
222,Namohalu Esiwa,22816 - 22817,11,-,12.24.05,Kab.,Nias Utara,Sumatera Utara,1
223,Nassau,22383,10,-,12.12.21,Kab.,Toba,Sumatera Utara,1
224,Natal,22987,30,9,12.13.16,Kab.,Mandailing Natal,Sumatera Utara,1
225,Nibung Hangus,21253,12,-,12.19.12,Kab.,Batu Bara,Sumatera Utara,1
226,O&#039;o&#039;u (Oou),22864,11,-,12.14.21,Kab.,Nias Selatan,Sumatera Utara,1
227,Onan Ganjang,22454,12,-,12.16.08,Kab.,Humbang Hasundutan,Sumatera Utara,1
228,Onan Runggu,22398,12,-,12.17.02,Kab.,Samosir,Sumatera Utara,1
229,Onohazumba,22864,10,-,12.14.22,Kab.,Nias Selatan,Sumatera Utara,1
230,Onolalu,22869,10,-,12.14.33,Kab.,Nias Selatan,Sumatera Utara,1
231,Padang Bolak,22754,62,-,12.20.04,Kab.,Padang Lawas Utara,Sumatera Utara,1
232,Padang Bolak Julu,22753,23,-,12.20.05,Kab.,Padang Lawas Utara,Sumatera Utara,1
233,Padang Bolak Tenggara,22751,14,-,12.20.10,Kab.,Padang Lawas Utara,Sumatera Utara,1
234,Padang Hilir,20631 - 20636,7,-,12.76.03,Kota,Tebing Tinggi,Sumatera Utara,1
235,Padang Hulu,20622 - 20625,7,-,12.76.01,Kota,Tebing Tinggi,Sumatera Utara,1
236,Padang Tualang,20850,12,-,12.05.12,Kab.,Langkat,Sumatera Utara,1
237,Padangsidimpuan Angkola Julu,22729,8,-,12.77.06,Kota,Padangsidimpuan,Sumatera Utara,1
238,Padangsidimpuan Batunadua,22731,15,-,12.77.03,Kota,Padangsidimpuan,Sumatera Utara,1
239,Padangsidimpuan Hutaimbaru,22700 - 22709,10,-,12.77.04,Kota,Padangsidimpuan,Sumatera Utara,1
240,Padangsidimpuan Selatan,22721 - 22728,12,-,12.77.02,Kota,Padangsidimpuan,Sumatera Utara,1
241,Padangsidimpuan Tenggara,22730,18,-,12.77.05,Kota,Padangsidimpuan,Sumatera Utara,1
242,Padangsidimpuan Utara,22711 - 22719,16,-,12.77.01,Kota,Padangsidimpuan,Sumatera Utara,1
243,Pagar Merbau,20551,16,-,12.07.31,Kab.,Deli Serdang,Sumatera Utara,1
244,Pagaran,22458,14,-,12.02.10,Kab.,Tapanuli Utara,Sumatera Utara,1
245,Pagindar,22270,4,-,12.15.06,Kab.,Pakpak Bharat,Sumatera Utara,1
246,Pahae Jae,22465,13,-,12.02.06,Kab.,Tapanuli Utara,Sumatera Utara,1
247,Pahae Julu,22463,19,-,12.02.05,Kab.,Tapanuli Utara,Sumatera Utara,1
248,Pakantan,22997,8,-,12.13.21,Kab.,Mandailing Natal,Sumatera Utara,1
249,Pakkat,22455,22,-,12.16.09,Kab.,Humbang Hasundutan,Sumatera Utara,1
250,Palipi,22393,17,-,12.17.04,Kab.,Samosir,Sumatera Utara,1
251,Pamatang Sidamanik (Pematang Sidamanik),21188,10,-,12.08.10,Kab.,Simalungun,Sumatera Utara,1
252,Pamatang Silima Huta (Pematang),21167,10,-,12.08.31,Kab.,Simalungun,Sumatera Utara,1
253,Panai Hilir,21473,8,1,12.10.19,Kab.,Labuhanbatu,Sumatera Utara,1
254,Panai Hulu,21470,7,-,12.10.20,Kab.,Labuhanbatu,Sumatera Utara,1
255,Panai Tengah,21472,10,1,12.10.18,Kab.,Labuhanbatu,Sumatera Utara,1
256,Pancur Batu,20353,25,-,12.07.05,Kab.,Deli Serdang,Sumatera Utara,1
257,Pandan,22611 - 22616,22,1,12.01.03,Kab.,Tapanuli Tengah,Sumatera Utara,1
258,Panei,21161,17,-,12.08.04,Kab.,Simalungun,Sumatera Utara,1
259,Pangaribuan,22472,26,-,12.02.13,Kab.,Tapanuli Utara,Sumatera Utara,1
260,Pangkalan Susu,20858,11,5,12.05.15,Kab.,Langkat,Sumatera Utara,1
261,Pangkatan,21462,7,-,12.10.14,Kab.,Labuhanbatu,Sumatera Utara,1
262,Pangururan,22390,28,-,12.17.08,Kab.,Samosir,Sumatera Utara,1
263,Panombeian Panei / Pane,21165,11,-,12.08.05,Kab.,Simalungun,Sumatera Utara,1
264,Pantai Cermin,20987,12,-,12.18.01,Kab.,Serdang Bedagai,Sumatera Utara,1
265,Pantai Labu,20553,19,-,12.07.32,Kab.,Deli Serdang,Sumatera Utara,1
266,Panyabungan,22915 - 22919,39,-,12.13.01,Kab.,Mandailing Natal,Sumatera Utara,1
267,Panyabungan Barat,22911,10,-,12.13.05,Kab.,Mandailing Natal,Sumatera Utara,1
268,Panyabungan Selatan,22952,11,-,12.13.04,Kab.,Mandailing Natal,Sumatera Utara,1
269,Panyabungan Timur,22912,15,-,12.13.03,Kab.,Mandailing Natal,Sumatera Utara,1
270,Panyabungan Utara,22979,12,-,12.13.02,Kab.,Mandailing Natal,Sumatera Utara,1
271,Paranginan,22477,11,-,12.16.04,Kab.,Humbang Hasundutan,Sumatera Utara,1
272,Parbuluan,22282,11,-,12.11.10,Kab.,Dairi,Sumatera Utara,1
273,Parlilitan,22456,20,-,12.16.01,Kab.,Humbang Hasundutan,Sumatera Utara,1
274,Parmaksian,22384,11,-,12.12.24,Kab.,Toba,Sumatera Utara,1
275,Parmonangan,22453,14,-,12.02.11,Kab.,Tapanuli Utara,Sumatera Utara,1
276,Pasaribu Tobing,22563,9,-,12.01.16,Kab.,Tapanuli Tengah,Sumatera Utara,1
277,Patumbak,20361,8,-,12.07.21,Kab.,Deli Serdang,Sumatera Utara,1
278,Payung,22154,7,-,12.06.11,Kab.,Karo,Sumatera Utara,1
279,Pegagan Hilir,22283,13,-,12.11.09,Kab.,Dairi,Sumatera Utara,1
280,Pegajahan,20986,13,-,12.18.14,Kab.,Serdang Bedagai,Sumatera Utara,1
281,Pematang Bandar,21186,13,-,12.08.21,Kab.,Simalungun,Sumatera Utara,1
282,Pematang Jaya,20858 - 20859,8,-,12.05.23,Kab.,Langkat,Sumatera Utara,1
283,Perbaungan,20985,28,-,12.18.02,Kab.,Serdang Bedagai,Sumatera Utara,1
284,Percut Sei Tuan,20371,20,-,12.07.26,Kab.,Deli Serdang,Sumatera Utara,1
285,Pergetteng Getteng Sengkut,22273,5,-,12.15.05,Kab.,Pakpak Bharat,Sumatera Utara,1
286,Pinangsori,22653,10,-,12.01.04,Kab.,Tapanuli Tengah,Sumatera Utara,1
287,Pintu Pohan Meranti,22384,7,-,12.12.05,Kab.,Toba,Sumatera Utara,1
288,Pollung,22457,13,-,12.16.02,Kab.,Humbang Hasundutan,Sumatera Utara,1
289,Porsea,22384,17,-,12.12.07,Kab.,Toba,Sumatera Utara,1
290,Portibi,22741,36,-,12.20.06,Kab.,Padang Lawas Utara,Sumatera Utara,1
291,Pulau Rakyat,21278,12,-,12.09.14,Kab.,Asahan,Sumatera Utara,1
292,Pulau-Pulau Batu,22882,22,34,12.14.05,Kab.,Nias Selatan,Sumatera Utara,1
293,Pulau-Pulau Batu Barat,22883,9,-,12.14.29,Kab.,Nias Selatan,Sumatera Utara,1
294,Pulau-Pulau Batu Timur,22884,10,-,12.14.16,Kab.,Nias Selatan,Sumatera Utara,1
295,Pulau-Pulau Batu Utara,22885,12,-,12.14.30,Kab.,Nias Selatan,Sumatera Utara,1
296,Pulo Bandring,21265,10,-,12.09.30,Kab.,Asahan,Sumatera Utara,1
297,Puncak Sorik Marapi,22995,11,-,12.13.20,Kab.,Mandailing Natal,Sumatera Utara,1
298,Purba,21166,14,-,12.08.14,Kab.,Simalungun,Sumatera Utara,1
299,Purba Tua (Purbatua),22464,11,-,12.02.08,Kab.,Tapanuli Utara,Sumatera Utara,1
300,Rahuning (Rahunig),21276,7,-,12.09.22,Kab.,Asahan,Sumatera Utara,1
301,Rambutan,20611 - 20616,7,-,12.76.02,Kota,Tebing Tinggi,Sumatera Utara,1
302,Rantau Selatan,21421 - 21429,9,-,12.10.02,Kab.,Labuhanbatu,Sumatera Utara,1
303,Rantau Utara,21411 - 21419,10,-,12.10.01,Kab.,Labuhanbatu,Sumatera Utara,1
304,Ranto Baek,22984,18,-,12.13.18,Kab.,Mandailing Natal,Sumatera Utara,1
305,Rawang Panca Arga,21266,7,-,12.09.29,Kab.,Asahan,Sumatera Utara,1
306,Raya,21160,17,-,12.08.29,Kab.,Simalungun,Sumatera Utara,1
307,Raya Kahean,21156,14,-,12.08.07,Kab.,Simalungun,Sumatera Utara,1
308,Ronggur Nihuta,22392,8,-,12.17.07,Kab.,Samosir,Sumatera Utara,1
309,Saipar Dolok Hole,22759,14,-,12.03.05,Kab.,Tapanuli Selatan,Sumatera Utara,1
310,Salak,22272,6,-,12.15.03,Kab.,Pakpak Bharat,Sumatera Utara,1
311,Salapian,20777,17,-,12.05.02,Kab.,Langkat,Sumatera Utara,1
312,Sarudik,22611 - 22616,5,-,12.01.20,Kab.,Tapanuli Tengah,Sumatera Utara,1
313,Sawit Seberang,20811,7,-,12.05.20,Kab.,Langkat,Sumatera Utara,1
314,Sawo,22852,10,1,12.24.02,Kab.,Nias Utara,Sumatera Utara,1
315,Sayur Matinggi,22774,19,-,12.03.21,Kab.,Tapanuli Selatan,Sumatera Utara,1
316,Secanggang,20855,17,-,12.05.09,Kab.,Langkat,Sumatera Utara,1
317,Sei Balai,21252,14,-,12.19.07,Kab.,Batu Bara,Sumatera Utara,1
318,Sei Bamban,20995,10,-,12.18.15,Kab.,Serdang Bedagai,Sumatera Utara,1
319,Sei Bingai (Sei Binge / Bingei),20771,16,-,12.05.04,Kab.,Langkat,Sumatera Utara,1
320,Sei Dadap,21279,10,-,12.09.23,Kab.,Asahan,Sumatera Utara,1
321,Sei Kepayang,21381,6,-,12.09.11,Kab.,Asahan,Sumatera Utara,1
322,Sei Kepayang Barat,21382,6,-,12.09.24,Kab.,Asahan,Sumatera Utara,1
323,Sei Kepayang Timur,21383,5,-,12.09.25,Kab.,Asahan,Sumatera Utara,1
324,Sei Lepan,20776,14,-,12.05.17,Kab.,Langkat,Sumatera Utara,1
325,Sei Rampah,20995,17,-,12.18.04,Kab.,Serdang Bedagai,Sumatera Utara,1
326,Sei Suka,21257,10,-,12.19.02,Kab.,Batu Bara,Sumatera Utara,1
327,Sei Tualang Raso,21341 - 21345,5,-,12.74.03,Kota,Tanjung Balai,Sumatera Utara,1
328,Selesai,20762,14,-,12.05.06,Kab.,Langkat,Sumatera Utara,1
329,Serba Jadi,20990,10,-,12.18.12,Kab.,Serdang Bedagai,Sumatera Utara,1
330,Setia Janji,21260,5,-,12.09.27,Kab.,Asahan,Sumatera Utara,1
331,Siabu,22976,28,-,12.13.06,Kab.,Mandailing Natal,Sumatera Utara,1
332,Sianjar Mula Mula (Sianjur),22396,12,1,12.17.06,Kab.,Samosir,Sumatera Utara,1
333,Siantar,21151,17,-,12.08.01,Kab.,Simalungun,Sumatera Utara,1
334,Siantar Barat,21111 - 21118,8,-,12.72.02,Kota,Pematangsiantar,Sumatera Utara,1
335,Siantar Marihat,21127 - 21129,7,-,12.72.05,Kota,Pematangsiantar,Sumatera Utara,1
336,Siantar Marimbun,21127 - 21129,6,-,12.72.08,Kota,Pematangsiantar,Sumatera Utara,1
337,Siantar Martoba,21137 - 21139,7,-,12.72.06,Kota,Pematangsiantar,Sumatera Utara,1
338,Siantar Narumonda,22384,14,-,12.12.20,Kab.,Toba,Sumatera Utara,1
339,Siantar Selatan,21121 - 21126,6,-,12.72.04,Kota,Pematangsiantar,Sumatera Utara,1
340,Siantar Sitalasari,21137 - 21139,5,-,12.72.07,Kota,Pematangsiantar,Sumatera Utara,1
341,Siantar Timur,21131 - 21139,7,-,12.72.01,Kota,Pematangsiantar,Sumatera Utara,1
342,Siantar Utara,21141 - 21147,7,-,12.72.03,Kota,Pematangsiantar,Sumatera Utara,1
343,Siatas Barita,22417 - 22419,12,-,12.02.02,Kab.,Tapanuli Utara,Sumatera Utara,1
344,Sibabangun,22655,7,-,12.01.08,Kab.,Tapanuli Tengah,Sumatera Utara,1
345,Sibolangit,20357,30,-,12.07.03,Kab.,Deli Serdang,Sumatera Utara,1
346,Sibolga Kota,22521 - 22524,4,-,12.73.02,Kota,Sibolga,Sumatera Utara,1
347,Sibolga Sambas,22531 - 22535,4,1,12.73.04,Kota,Sibolga,Sumatera Utara,1
348,Sibolga Selatan,22533 - 22538,4,-,12.73.03,Kota,Sibolga,Sumatera Utara,1
349,Sibolga Utara,22511 - 22514,5,1,12.73.01,Kota,Sibolga,Sumatera Utara,1
350,Siborong-Borong,22474,21,-,12.02.09,Kab.,Tapanuli Utara,Sumatera Utara,1
351,Sidamanik,21171,15,-,12.08.09,Kab.,Simalungun,Sumatera Utara,1
352,Sidikalang,22211 - 22219,11,-,12.11.01,Kab.,Dairi,Sumatera Utara,1
353,Sidua&#039;ori,22874,11,-,12.14.25,Kab.,Nias Selatan,Sumatera Utara,1
354,Siempat Nempu,22261,13,-,12.11.04,Kab.,Dairi,Sumatera Utara,1
355,Siempat Nempu Hilir,22263,10,-,12.11.08,Kab.,Dairi,Sumatera Utara,1
356,Siempat Nempu Hulu,22254,12,-,12.11.07,Kab.,Dairi,Sumatera Utara,1
357,Siempat Rube,22274,6,-,12.15.08,Kab.,Pakpak Bharat,Sumatera Utara,1
358,Sigumpar,22380,10,-,12.12.19,Kab.,Toba,Sumatera Utara,1
359,Sihapas Barumun,22755,13,-,12.21.12,Kab.,Padang Lawas,Sumatera Utara,1
360,Sijamapolang (Sijama Polang),22459,10,-,12.16.07,Kab.,Humbang Hasundutan,Sumatera Utara,1
361,Silaen,22382,23,-,12.12.03,Kab.,Toba,Sumatera Utara,1
362,Silahisabungan (Silahi Sabungan),22280,5,-,12.11.14,Kab.,Dairi,Sumatera Utara,1
363,Silangkitang,21461,6,-,12.22.05,Kab.,Labuhanbatu Selatan,Sumatera Utara,1
364,Silau Laut,21267,5,-,12.09.28,Kab.,Asahan,Sumatera Utara,1
365,Silima Pungga Pungga,22262,16,-,12.11.05,Kab.,Dairi,Sumatera Utara,1
366,Silimakuta,21169,7,-,12.08.25,Kab.,Simalungun,Sumatera Utara,1
367,Silinda,20983,9,-,12.18.11,Kab.,Serdang Bedagai,Sumatera Utara,1
368,Silou Kahean,21157,16,-,12.08.27,Kab.,Simalungun,Sumatera Utara,1
369,Simangambat,22747,21,-,12.20.08,Kab.,Padang Lawas Utara,Sumatera Utara,1
370,Simangumban,22466,8,-,12.02.07,Kab.,Tapanuli Utara,Sumatera Utara,1
371,Simanindo,22395,21,3,12.17.01,Kab.,Samosir,Sumatera Utara,1
372,Simpang Empat,21271,8,-,12.09.12,Kab.,Asahan,Sumatera Utara,1
373,Simpang Empat,22150,17,-,12.06.12,Kab.,Karo,Sumatera Utara,1
374,Simuk,22886,6,-,12.14.28,Kab.,Nias Selatan,Sumatera Utara,1
375,Sinunukan,22986,14,-,12.13.22,Kab.,Mandailing Natal,Sumatera Utara,1
376,Sipahutar,22471,25,-,12.02.12,Kab.,Tapanuli Utara,Sumatera Utara,1
377,Sipirok,22739,40,-,12.03.04,Kab.,Tapanuli Selatan,Sumatera Utara,1
378,Sipispis,20992,20,-,12.18.08,Kab.,Serdang Bedagai,Sumatera Utara,1
379,Sipoholon,22452,14,-,12.02.04,Kab.,Tapanuli Utara,Sumatera Utara,1
380,Sirandorung,22566,8,-,12.01.11,Kab.,Tapanuli Tengah,Sumatera Utara,1
381,Sirapit (Serapit),20775,10,-,12.05.21,Kab.,Langkat,Sumatera Utara,1
382,Sirombu,22863,25,9,12.25.02,Kab.,Nias Barat,Sumatera Utara,1
383,Sitahuis,22611,6,-,12.01.13,Kab.,Tapanuli Tengah,Sumatera Utara,1
384,Sitelu Tali Urang Jehe (Sitellu),22275,10,-,12.15.01,Kab.,Pakpak Bharat,Sumatera Utara,1
385,Sitelu Tali Urang Julu (Sitellu),22276,5,-,12.15.04,Kab.,Pakpak Bharat,Sumatera Utara,1
386,Sitinjo,22219,4,-,12.11.15,Kab.,Dairi,Sumatera Utara,1
387,Sitio-tio,22397,8,-,12.17.09,Kab.,Samosir,Sumatera Utara,1
388,Sitolu Ori,22852,6,-,12.24.04,Kab.,Nias Utara,Sumatera Utara,1
389,Sogae&#039;adu (Sogae Adu / Sogaeadu),22871,11,-,12.04.35,Kab.,Nias,Sumatera Utara,1
390,Somambawa,22874,14,-,12.14.26,Kab.,Nias Selatan,Sumatera Utara,1
391,Somolo-Molo (Samolo),22871,11,-,12.04.29,Kab.,Nias,Sumatera Utara,1
392,Sorkam,22560,21,-,12.01.02,Kab.,Tapanuli Tengah,Sumatera Utara,1
393,Sorkam Barat,22561,12,1,12.01.10,Kab.,Tapanuli Tengah,Sumatera Utara,1
394,Sosa,22765,16,-,12.21.08,Kab.,Padang Lawas,Sumatera Utara,1
395,Sosa Julu,22765,12,-,12.21.15,Kab.,Padang Lawas,Sumatera Utara,1
396,Sosa Timur,22742 - 22776,13,-,12.21.17,Kab.,Padang Lawas,Sumatera Utara,1
397,Sosopan,22761,22,-,12.21.01,Kab.,Padang Lawas,Sumatera Utara,1
398,Sosorgadong (Sosor Gadong),22568,9,1,12.01.09,Kab.,Tapanuli Tengah,Sumatera Utara,1
399,Stabat,20811 - 20816,12,-,12.05.07,Kab.,Langkat,Sumatera Utara,1
400,STM Hilir (Sinembah Tanjung Muda Hilir),20363,15,-,12.07.08,Kab.,Deli Serdang,Sumatera Utara,1
401,STM Hulu (Sinembah Tanjung Muda Hulu),20582,20,-,12.07.20,Kab.,Deli Serdang,Sumatera Utara,1
402,Suka Bangun,22656,6,-,12.01.18,Kab.,Tapanuli Tengah,Sumatera Utara,1
403,Sumbul,22284,19,-,12.11.02,Kab.,Dairi,Sumatera Utara,1
404,Sungai Kanan (Sei),21465,9,-,12.22.04,Kab.,Labuhanbatu Selatan,Sumatera Utara,1
405,Sunggal,20351,17,-,12.07.23,Kab.,Deli Serdang,Sumatera Utara,1
406,Susua,22873,18,-,12.14.09,Kab.,Nias Selatan,Sumatera Utara,1
407,Talawi,21254,10,-,12.19.05,Kab.,Batu Bara,Sumatera Utara,1
408,Tambangan,22996,20,-,12.13.10,Kab.,Mandailing Natal,Sumatera Utara,1
409,Tampahan,22312,6,-,12.12.22,Kab.,Toba,Sumatera Utara,1
410,Tanah Jawa,21181,20,-,12.08.11,Kab.,Simalungun,Sumatera Utara,1
411,Tanah Masa,22887,12,-,12.14.31,Kab.,Nias Selatan,Sumatera Utara,1
412,Tanah Pinem,22253,19,-,12.11.06,Kab.,Dairi,Sumatera Utara,1
413,Tanjung Balai,21352,8,-,12.09.10,Kab.,Asahan,Sumatera Utara,1
414,Tanjung Beringin,20996,8,2,12.18.05,Kab.,Serdang Bedagai,Sumatera Utara,1
415,Tanjung Morawa,20362,26,-,12.07.02,Kab.,Deli Serdang,Sumatera Utara,1
416,Tanjung Pura (Tanjungpura),20853,19,-,12.05.11,Kab.,Langkat,Sumatera Utara,1
417,Tanjung Tiram,21253,10,2,12.19.06,Kab.,Batu Bara,Sumatera Utara,1
418,Tanjungbalai Selatan (Tanjung Balai Selatan),21311 - 21316,6,-,12.74.01,Kota,Tanjung Balai,Sumatera Utara,1
419,Tanjungbalai Utara (Tanjung Balai Utara),21321 - 21325,5,-,12.74.02,Kota,Tanjung Balai,Sumatera Utara,1
420,Tano Tombangan Angkola,22775,17,-,12.03.30,Kab.,Tapanuli Selatan,Sumatera Utara,1
421,Tapian Dolok,21154,11,-,12.08.28,Kab.,Simalungun,Sumatera Utara,1
422,Tapian Nauli,22618,9,19,12.01.07,Kab.,Tapanuli Tengah,Sumatera Utara,1
423,Tarabintang (Tara Bintang),22451,9,-,12.16.10,Kab.,Humbang Hasundutan,Sumatera Utara,1
424,Tarutung,22411 - 22452,31,-,12.02.01,Kab.,Tapanuli Utara,Sumatera Utara,1
425,Tebing Syahbandar,20998,10,-,12.18.16,Kab.,Serdang Bedagai,Sumatera Utara,1
426,Tebing Tinggi,20999,14,-,12.18.13,Kab.,Serdang Bedagai,Sumatera Utara,1
427,Tebing Tinggi Kota,20613 - 20633,7,-,12.76.05,Kota,Tebing Tinggi,Sumatera Utara,1
428,Teluk Dalam,21270,6,-,12.09.31,Kab.,Asahan,Sumatera Utara,1
429,Teluk Dalam,22865,16,-,12.14.06,Kab.,Nias Selatan,Sumatera Utara,1
430,Teluk Mengkudu,20997,12,-,12.18.03,Kab.,Serdang Bedagai,Sumatera Utara,1
431,Teluk Nibung,21331 - 21335,5,-,12.74.04,Kota,Tanjung Balai,Sumatera Utara,1
432,Tigabinanga (Tiga Binanga),22162,20,-,12.06.08,Kab.,Karo,Sumatera Utara,1
433,Tigalingga (Tiga Lingga),22252,14,-,12.11.03,Kab.,Dairi,Sumatera Utara,1
434,Tiganderket,22156,17,-,12.06.17,Kab.,Karo,Sumatera Utara,1
435,Tigapanah (Tiga Panah),22170,29,-,12.06.04,Kab.,Karo,Sumatera Utara,1
436,Tinada,22277,6,-,12.15.07,Kab.,Pakpak Bharat,Sumatera Utara,1
437,Tinggi Raja,21261,7,-,12.09.26,Kab.,Asahan,Sumatera Utara,1
438,Toma,22865,14,-,12.14.12,Kab.,Nias Selatan,Sumatera Utara,1
439,Torgamba,21466,14,-,12.22.03,Kab.,Labuhanbatu Selatan,Sumatera Utara,1
440,Tugala Oyo,22860,8,-,12.24.08,Kab.,Nias Utara,Sumatera Utara,1
441,Tuhemberua,22852,8,-,12.24.03,Kab.,Nias Utara,Sumatera Utara,1
442,Tukka,22617 - 22618,9,-,12.01.14,Kab.,Tapanuli Tengah,Sumatera Utara,1
443,Ujung Batu,22746,13,-,12.20.12,Kab.,Padang Lawas Utara,Sumatera Utara,1
444,Ujung Padang,21187,20,-,12.08.30,Kab.,Simalungun,Sumatera Utara,1
445,Ulu Barumun,22767,15,-,12.21.06,Kab.,Padang Lawas,Sumatera Utara,1
446,Ulu Idanotae,22877,11,-,12.14.34,Kab.,Nias Selatan,Sumatera Utara,1
447,Ulu Moro&#039;o (Ulu Narwo),22862,5,-,12.25.08,Kab.,Nias Barat,Sumatera Utara,1
448,Ulu Pungkut,22999,13,-,12.13.11,Kab.,Mandailing Natal,Sumatera Utara,1
449,Ulu Sosa,22765,11,-,12.21.14,Kab.,Padang Lawas,Sumatera Utara,1
450,Uluan,22385,17,-,12.12.10,Kab.,Toba,Sumatera Utara,1
451,Ulugawo,22861,14,-,12.04.27,Kab.,Nias,Sumatera Utara,1
452,Ulunoyo,22867,13,-,12.14.19,Kab.,Nias Selatan,Sumatera Utara,1
453,Ulususua,22866,12,-,12.14.24,Kab.,Nias Selatan,Sumatera Utara,1
454,Umbunasi,22873,11,-,12.14.14,Kab.,Nias Selatan,Sumatera Utara,1
455,Wampu,20851,14,-,12.05.08,Kab.,Langkat,Sumatera Utara,1
